{"type":"FeatureCollection","features":[{"type":"Feature","geometry":{"type":"Point","coordinates":[-125.28114,48.81103]},"properties":{"id":"folger-compare","name":"Folger Passage","stations":[{"label":"Folger Pinnacle (25 m)","depth_m":23.0,"lat":48.80829,"lon":-125.2815,"code":"FGPPN"},{"label":"Folger Deep (98 m)","depth_m":96.5,"lat":48.81376,"lon":-125.28078,"code":"FGPD"}],"cell":{"lat":48.825,"lon":-125.275,"lat_range":[48.8,48.85],"lon_range":[-125.3,-125.25],"size_km":[5.6,3.7]},"series":[{"key":"satellite","label":"Satellite skin SST","depth_m":null,"color":"#2a78d6","record":"2019-07 to 2026-08","n_days":380,"daily":[{"date":"2019-07-22","value_C":16.06},{"date":"2019-07-29","value_C":16.55},{"date":"2019-08-05","value_C":16.74},{"date":"2019-08-12","value_C":16.18},{"date":"2019-08-19","value_C":15.46},{"date":"2019-08-26","value_C":15.88},{"date":"2019-09-02","value_C":15.39},{"date":"2019-09-09","value_C":16.31},{"date":"2019-09-16","value_C":15.22},{"date":"2019-09-23","value_C":16.41},{"date":"2019-09-30","value_C":13.42},{"date":"2019-10-07","value_C":12.55},{"date":"2019-10-14","value_C":11.24},{"date":"2019-10-21","value_C":11.6},{"date":"2019-10-28","value_C":10.84},{"date":"2019-11-04","value_C":9.34},{"date":"2019-11-11","value_C":9.59},{"date":"2019-11-18","value_C":10.06},{"date":"2019-11-25","value_C":9.09},{"date":"2019-12-02","value_C":8.58},{"date":"2019-12-09","value_C":8.56},{"date":"2019-12-16","value_C":8.54},{"date":"2019-12-23","value_C":8.47},{"date":"2019-12-30","value_C":8.84},{"date":"2020-01-06","value_C":8.35},{"date":"2020-01-13","value_C":8.22},{"date":"2020-01-20","value_C":7.83},{"date":"2020-01-27","value_C":8.47},{"date":"2020-02-03","value_C":8.1},{"date":"2020-02-10","value_C":8.17},{"date":"2020-02-17","value_C":7.89},{"date":"2020-02-24","value_C":7.98},{"date":"2020-03-02","value_C":7.98},{"date":"2020-03-09","value_C":7.69},{"date":"2020-03-16","value_C":7.91},{"date":"2020-03-23","value_C":8.5},{"date":"2020-03-30","value_C":8.53},{"date":"2020-04-06","value_C":8.77},{"date":"2020-04-13","value_C":9.98},{"date":"2020-04-20","value_C":11.06},{"date":"2020-04-27","value_C":10.42},{"date":"2020-05-04","value_C":10.93},{"date":"2020-05-11","value_C":12.96},{"date":"2020-05-18","value_C":13.26},{"date":"2020-05-25","value_C":13.1},{"date":"2020-06-01","value_C":12.86},{"date":"2020-06-08","value_C":12.97},{"date":"2020-06-16","value_C":14.14},{"date":"2020-06-23","value_C":14.1},{"date":"2020-06-30","value_C":14.75},{"date":"2020-07-07","value_C":14.6},{"date":"2020-07-14","value_C":14.85},{"date":"2020-07-21","value_C":15.91},{"date":"2020-07-29","value_C":15.07},{"date":"2020-08-05","value_C":15.58},{"date":"2020-08-12","value_C":15.2},{"date":"2020-08-19","value_C":16.96},{"date":"2020-08-26","value_C":15.97},{"date":"2020-09-02","value_C":15.87},{"date":"2020-09-09","value_C":15.86},{"date":"2020-09-16","value_C":15.0},{"date":"2020-09-23","value_C":14.18},{"date":"2020-09-30","value_C":14.64},{"date":"2020-10-07","value_C":14.57},{"date":"2020-10-14","value_C":13.01},{"date":"2020-10-21","value_C":12.12},{"date":"2020-10-28","value_C":11.2},{"date":"2020-11-04","value_C":10.54},{"date":"2020-11-11","value_C":10.3},{"date":"2020-11-18","value_C":10.19},{"date":"2020-11-25","value_C":10.03},{"date":"2020-12-02","value_C":9.43},{"date":"2020-12-09","value_C":8.96},{"date":"2020-12-16","value_C":8.78},{"date":"2020-12-23","value_C":8.62},{"date":"2020-12-30","value_C":8.56},{"date":"2021-01-06","value_C":8.99},{"date":"2021-01-13","value_C":8.83},{"date":"2021-01-20","value_C":8.46},{"date":"2021-01-27","value_C":8.41},{"date":"2021-02-03","value_C":8.23},{"date":"2021-02-10","value_C":7.82},{"date":"2021-02-17","value_C":7.52},{"date":"2021-02-24","value_C":7.64},{"date":"2021-03-03","value_C":7.73},{"date":"2021-03-10","value_C":7.87},{"date":"2021-03-17","value_C":8.0},{"date":"2021-03-24","value_C":8.22},{"date":"2021-03-31","value_C":8.64},{"date":"2021-04-07","value_C":8.95},{"date":"2021-04-14","value_C":9.74},{"date":"2021-04-21","value_C":11.59},{"date":"2021-04-28","value_C":11.52},{"date":"2021-05-05","value_C":11.58},{"date":"2021-05-12","value_C":11.64},{"date":"2021-05-19","value_C":11.78},{"date":"2021-05-26","value_C":12.44},{"date":"2021-06-02","value_C":13.72},{"date":"2021-06-09","value_C":13.05},{"date":"2021-06-16","value_C":13.54},{"date":"2021-06-23","value_C":15.45},{"date":"2021-06-30","value_C":15.17},{"date":"2021-07-07","value_C":14.87},{"date":"2021-07-14","value_C":13.89},{"date":"2021-07-21","value_C":15.05},{"date":"2021-07-29","value_C":15.59},{"date":"2021-08-05","value_C":15.73},{"date":"2021-08-12","value_C":15.36},{"date":"2021-08-19","value_C":15.54},{"date":"2021-08-26","value_C":14.58},{"date":"2021-09-02","value_C":14.37},{"date":"2021-09-09","value_C":14.51},{"date":"2021-09-16","value_C":13.53},{"date":"2021-09-23","value_C":13.19},{"date":"2021-09-30","value_C":12.21},{"date":"2021-10-07","value_C":12.05},{"date":"2021-10-14","value_C":10.82},{"date":"2021-10-21","value_C":11.59},{"date":"2021-10-28","value_C":11.44},{"date":"2021-11-04","value_C":11.22},{"date":"2021-11-12","value_C":11.38},{"date":"2021-11-20","value_C":10.29},{"date":"2021-11-27","value_C":9.69},{"date":"2021-12-04","value_C":9.52},{"date":"2021-12-11","value_C":9.01},{"date":"2021-12-18","value_C":9.02},{"date":"2021-12-25","value_C":8.89},{"date":"2022-01-01","value_C":8.02},{"date":"2022-01-08","value_C":7.77},{"date":"2022-01-15","value_C":7.84},{"date":"2022-01-23","value_C":7.66},{"date":"2022-01-30","value_C":7.2},{"date":"2022-02-06","value_C":7.6},{"date":"2022-02-13","value_C":7.75},{"date":"2022-02-20","value_C":7.89},{"date":"2022-02-27","value_C":7.51},{"date":"2022-03-06","value_C":8.18},{"date":"2022-03-13","value_C":8.05},{"date":"2022-03-20","value_C":8.04},{"date":"2022-03-27","value_C":8.5},{"date":"2022-04-03","value_C":8.94},{"date":"2022-04-10","value_C":9.11},{"date":"2022-04-17","value_C":8.72},{"date":"2022-04-24","value_C":8.81},{"date":"2022-05-01","value_C":10.3},{"date":"2022-05-08","value_C":10.61},{"date":"2022-05-15","value_C":10.8},{"date":"2022-05-22","value_C":12.0},{"date":"2022-05-30","value_C":11.59},{"date":"2022-06-07","value_C":12.16},{"date":"2022-06-14","value_C":12.94},{"date":"2022-06-21","value_C":13.21},{"date":"2022-06-28","value_C":14.27},{"date":"2022-07-05","value_C":14.2},{"date":"2022-07-12","value_C":15.43},{"date":"2022-07-19","value_C":14.05},{"date":"2022-07-29","value_C":17.13},{"date":"2022-08-05","value_C":15.05},{"date":"2022-08-12","value_C":16.03},{"date":"2022-08-19","value_C":17.34},{"date":"2022-08-26","value_C":16.46},{"date":"2022-09-04","value_C":15.0},{"date":"2022-09-11","value_C":14.21},{"date":"2022-09-18","value_C":13.81},{"date":"2022-09-26","value_C":13.34},{"date":"2022-10-03","value_C":13.2},{"date":"2022-10-11","value_C":12.45},{"date":"2022-10-18","value_C":11.97},{"date":"2022-10-25","value_C":10.44},{"date":"2022-11-02","value_C":10.0},{"date":"2022-11-09","value_C":9.3},{"date":"2022-11-16","value_C":8.8},{"date":"2022-11-23","value_C":8.41},{"date":"2022-11-30","value_C":8.43},{"date":"2022-12-07","value_C":8.07},{"date":"2022-12-14","value_C":8.21},{"date":"2022-12-21","value_C":7.75},{"date":"2022-12-29","value_C":7.44},{"date":"2023-01-05","value_C":7.51},{"date":"2023-01-12","value_C":7.98},{"date":"2023-01-19","value_C":8.12},{"date":"2023-01-26","value_C":7.11},{"date":"2023-02-02","value_C":7.49},{"date":"2023-02-09","value_C":7.76},{"date":"2023-02-16","value_C":7.35},{"date":"2023-02-23","value_C":8.0},{"date":"2023-03-02","value_C":7.4},{"date":"2023-03-09","value_C":7.36},{"date":"2023-03-16","value_C":7.04},{"date":"2023-03-23","value_C":8.13},{"date":"2023-03-30","value_C":8.2},{"date":"2023-04-06","value_C":8.32},{"date":"2023-04-13","value_C":8.79},{"date":"2023-04-20","value_C":8.79},{"date":"2023-04-27","value_C":10.55},{"date":"2023-05-04","value_C":11.16},{"date":"2023-05-11","value_C":11.75},{"date":"2023-05-18","value_C":13.31},{"date":"2023-05-25","value_C":13.29},{"date":"2023-06-01","value_C":12.38},{"date":"2023-06-08","value_C":13.32},{"date":"2023-06-15","value_C":13.71},{"date":"2023-06-22","value_C":13.32},{"date":"2023-06-29","value_C":13.43},{"date":"2023-07-06","value_C":14.53},{"date":"2023-07-13","value_C":14.96},{"date":"2023-07-20","value_C":14.77},{"date":"2023-07-29","value_C":15.98},{"date":"2023-08-05","value_C":15.86},{"date":"2023-08-12","value_C":15.8},{"date":"2023-08-19","value_C":15.33},{"date":"2023-08-26","value_C":15.38},{"date":"2023-09-02","value_C":15.21},{"date":"2023-09-09","value_C":14.84},{"date":"2023-09-16","value_C":14.54},{"date":"2023-09-23","value_C":13.13},{"date":"2023-09-30","value_C":12.82},{"date":"2023-10-07","value_C":13.88},{"date":"2023-10-14","value_C":13.51},{"date":"2023-10-21","value_C":13.62},{"date":"2023-10-28","value_C":12.06},{"date":"2023-11-04","value_C":11.41},{"date":"2023-11-11","value_C":11.81},{"date":"2023-11-18","value_C":11.18},{"date":"2023-11-25","value_C":10.35},{"date":"2023-12-02","value_C":10.12},{"date":"2023-12-09","value_C":9.7},{"date":"2023-12-16","value_C":9.54},{"date":"2023-12-23","value_C":9.44},{"date":"2023-12-30","value_C":9.88},{"date":"2024-01-06","value_C":9.22},{"date":"2024-01-13","value_C":8.93},{"date":"2024-01-20","value_C":8.48},{"date":"2024-01-27","value_C":8.13},{"date":"2024-02-03","value_C":8.93},{"date":"2024-02-10","value_C":8.61},{"date":"2024-02-17","value_C":8.65},{"date":"2024-02-24","value_C":8.72},{"date":"2024-03-02","value_C":8.22},{"date":"2024-03-09","value_C":7.96},{"date":"2024-03-16","value_C":8.58},{"date":"2024-03-23","value_C":8.95},{"date":"2024-03-30","value_C":9.71},{"date":"2024-04-06","value_C":9.97},{"date":"2024-04-13","value_C":10.18},{"date":"2024-04-20","value_C":11.09},{"date":"2024-04-27","value_C":10.88},{"date":"2024-05-04","value_C":11.29},{"date":"2024-05-11","value_C":12.25},{"date":"2024-05-18","value_C":11.41},{"date":"2024-05-25","value_C":11.7},{"date":"2024-06-01","value_C":12.02},{"date":"2024-06-08","value_C":13.81},{"date":"2024-06-15","value_C":12.82},{"date":"2024-06-22","value_C":14.51},{"date":"2024-06-29","value_C":13.68},{"date":"2024-07-06","value_C":15.3},{"date":"2024-07-13","value_C":15.11},{"date":"2024-07-20","value_C":15.1},{"date":"2024-07-29","value_C":15.13},{"date":"2024-08-05","value_C":15.35},{"date":"2024-08-12","value_C":15.87},{"date":"2024-08-19","value_C":16.29},{"date":"2024-08-26","value_C":14.79},{"date":"2024-09-02","value_C":15.9},{"date":"2024-09-09","value_C":15.47},{"date":"2024-09-16","value_C":13.67},{"date":"2024-09-23","value_C":13.47},{"date":"2024-09-30","value_C":12.05},{"date":"2024-10-07","value_C":12.02},{"date":"2024-10-14","value_C":11.39},{"date":"2024-10-21","value_C":11.12},{"date":"2024-10-28","value_C":11.09},{"date":"2024-11-04","value_C":10.97},{"date":"2024-11-11","value_C":10.63},{"date":"2024-11-18","value_C":10.2},{"date":"2024-11-25","value_C":10.1},{"date":"2024-12-02","value_C":9.4},{"date":"2024-12-09","value_C":9.34},{"date":"2024-12-16","value_C":8.93},{"date":"2024-12-23","value_C":9.37},{"date":"2024-12-30","value_C":8.97},{"date":"2025-01-06","value_C":8.78},{"date":"2025-01-13","value_C":8.61},{"date":"2025-01-20","value_C":8.16},{"date":"2025-01-27","value_C":8.04},{"date":"2025-02-08","value_C":7.86},{"date":"2025-02-15","value_C":7.5},{"date":"2025-02-22","value_C":7.75},{"date":"2025-03-01","value_C":8.38},{"date":"2025-03-08","value_C":8.38},{"date":"2025-03-15","value_C":8.44},{"date":"2025-03-22","value_C":8.15},{"date":"2025-03-29","value_C":9.14},{"date":"2025-04-05","value_C":10.46},{"date":"2025-04-12","value_C":9.88},{"date":"2025-04-19","value_C":10.98},{"date":"2025-04-26","value_C":11.77},{"date":"2025-05-03","value_C":11.1},{"date":"2025-05-10","value_C":11.49},{"date":"2025-05-17","value_C":11.52},{"date":"2025-05-24","value_C":12.57},{"date":"2025-05-31","value_C":12.44},{"date":"2025-06-07","value_C":13.55},{"date":"2025-06-14","value_C":12.7},{"date":"2025-06-21","value_C":13.79},{"date":"2025-06-28","value_C":13.7},{"date":"2025-07-05","value_C":13.46},{"date":"2025-07-12","value_C":14.55},{"date":"2025-07-19","value_C":14.83},{"date":"2025-07-29","value_C":14.48},{"date":"2025-08-05","value_C":15.41},{"date":"2025-08-12","value_C":16.79},{"date":"2025-08-19","value_C":15.44},{"date":"2025-08-26","value_C":15.94},{"date":"2025-09-02","value_C":16.55},{"date":"2025-09-09","value_C":15.22},{"date":"2025-09-16","value_C":14.25},{"date":"2025-09-23","value_C":13.54},{"date":"2025-09-30","value_C":12.43},{"date":"2025-10-07","value_C":13.24},{"date":"2025-10-14","value_C":11.6},{"date":"2025-10-21","value_C":11.04},{"date":"2025-10-28","value_C":11.05},{"date":"2025-11-04","value_C":11.21},{"date":"2025-11-11","value_C":10.71},{"date":"2025-11-18","value_C":10.61},{"date":"2025-11-25","value_C":10.11},{"date":"2025-12-02","value_C":9.95},{"date":"2025-12-09","value_C":9.85},{"date":"2025-12-16","value_C":10.35},{"date":"2025-12-23","value_C":10.09},{"date":"2025-12-30","value_C":9.3},{"date":"2026-01-06","value_C":9.1},{"date":"2026-01-13","value_C":9.13},{"date":"2026-01-20","value_C":8.2},{"date":"2026-01-27","value_C":8.17},{"date":"2026-02-03","value_C":8.18},{"date":"2026-02-10","value_C":8.76},{"date":"2026-02-17","value_C":8.13},{"date":"2026-02-24","value_C":8.43},{"date":"2026-03-03","value_C":8.59},{"date":"2026-03-10","value_C":8.95},{"date":"2026-03-17","value_C":8.83},{"date":"2026-03-24","value_C":8.72},{"date":"2026-03-31","value_C":9.0},{"date":"2026-04-07","value_C":9.8},{"date":"2026-04-14","value_C":10.35},{"date":"2026-04-21","value_C":10.64},{"date":"2026-04-28","value_C":11.92},{"date":"2026-05-05","value_C":14.01},{"date":"2026-05-12","value_C":13.1},{"date":"2026-05-19","value_C":12.4},{"date":"2026-05-26","value_C":12.08},{"date":"2026-06-02","value_C":12.91},{"date":"2026-06-09","value_C":12.67},{"date":"2026-06-16","value_C":13.91},{"date":"2026-06-23","value_C":14.18},{"date":"2026-06-30","value_C":13.53},{"date":"2026-07-07","value_C":14.0},{"date":"2026-07-14","value_C":14.33},{"date":"2026-07-21","value_C":14.05},{"date":"2026-07-29","value_C":13.71},{"date":"2026-08-05","value_C":16.26},{"date":"2026-08-12","value_C":15.67},{"date":"2026-08-19","value_C":15.25},{"date":"2026-08-20","value_C":15.52},{"date":"2026-08-21","value_C":15.93},{"date":"2026-08-22","value_C":16.11},{"date":"2026-08-23","value_C":15.68},{"date":"2026-08-24","value_C":15.68},{"date":"2026-08-25","value_C":16.39},{"date":"2026-08-26","value_C":15.55}],"monthly":[{"month":"2019-07","mean_C":null,"n":2,"ok":false,"clim_C":14.83,"anom_C":null,"partial":false},{"month":"2019-08","mean_C":16.06,"n":4,"ok":true,"clim_C":15.8,"anom_C":0.27,"partial":false},{"month":"2019-09","mean_C":15.35,"n":5,"ok":true,"clim_C":14.39,"anom_C":0.96,"partial":false},{"month":"2019-10","mean_C":11.56,"n":4,"ok":true,"clim_C":12.03,"anom_C":-0.47,"partial":false},{"month":"2019-11","mean_C":9.52,"n":4,"ok":true,"clim_C":10.25,"anom_C":-0.73,"partial":false},{"month":"2019-12","mean_C":8.6,"n":5,"ok":true,"clim_C":9.04,"anom_C":-0.44,"partial":false},{"month":"2020-01","mean_C":8.22,"n":4,"ok":true,"clim_C":8.29,"anom_C":-0.07,"partial":false},{"month":"2020-02","mean_C":8.03,"n":4,"ok":true,"clim_C":8.0,"anom_C":0.04,"partial":false},{"month":"2020-03","mean_C":8.12,"n":5,"ok":true,"clim_C":8.29,"anom_C":-0.17,"partial":false},{"month":"2020-04","mean_C":10.06,"n":4,"ok":true,"clim_C":10.07,"anom_C":-0.01,"partial":false},{"month":"2020-05","mean_C":12.56,"n":4,"ok":true,"clim_C":12.03,"anom_C":0.53,"partial":false},{"month":"2020-06","mean_C":13.76,"n":5,"ok":true,"clim_C":13.51,"anom_C":0.25,"partial":false},{"month":"2020-07","mean_C":15.25,"n":5,"ok":true,"clim_C":14.83,"anom_C":0.43,"partial":false},{"month":"2020-08","mean_C":15.93,"n":4,"ok":true,"clim_C":15.8,"anom_C":0.13,"partial":false},{"month":"2020-09","mean_C":15.11,"n":5,"ok":true,"clim_C":14.39,"anom_C":0.72,"partial":false},{"month":"2020-10","mean_C":12.72,"n":4,"ok":true,"clim_C":12.03,"anom_C":0.7,"partial":false},{"month":"2020-11","mean_C":10.26,"n":4,"ok":true,"clim_C":10.25,"anom_C":0.02,"partial":false},{"month":"2020-12","mean_C":8.87,"n":5,"ok":true,"clim_C":9.04,"anom_C":-0.17,"partial":false},{"month":"2021-01","mean_C":8.67,"n":4,"ok":true,"clim_C":8.29,"anom_C":0.39,"partial":false},{"month":"2021-02","mean_C":7.8,"n":4,"ok":true,"clim_C":8.0,"anom_C":-0.19,"partial":false},{"month":"2021-03","mean_C":8.09,"n":5,"ok":true,"clim_C":8.29,"anom_C":-0.2,"partial":false},{"month":"2021-04","mean_C":10.45,"n":4,"ok":true,"clim_C":10.07,"anom_C":0.38,"partial":false},{"month":"2021-05","mean_C":11.86,"n":4,"ok":true,"clim_C":12.03,"anom_C":-0.17,"partial":false},{"month":"2021-06","mean_C":14.19,"n":5,"ok":true,"clim_C":13.51,"anom_C":0.68,"partial":false},{"month":"2021-07","mean_C":14.92,"n":5,"ok":true,"clim_C":14.83,"anom_C":0.1,"partial":false},{"month":"2021-08","mean_C":15.3,"n":4,"ok":true,"clim_C":15.8,"anom_C":-0.49,"partial":false},{"month":"2021-09","mean_C":13.56,"n":5,"ok":true,"clim_C":14.39,"anom_C":-0.83,"partial":false},{"month":"2021-10","mean_C":11.47,"n":4,"ok":true,"clim_C":12.03,"anom_C":-0.55,"partial":false},{"month":"2021-11","mean_C":10.64,"n":4,"ok":true,"clim_C":10.25,"anom_C":0.4,"partial":false},{"month":"2021-12","mean_C":9.11,"n":4,"ok":true,"clim_C":9.04,"anom_C":0.07,"partial":false},{"month":"2022-01","mean_C":7.7,"n":5,"ok":true,"clim_C":8.29,"anom_C":-0.59,"partial":false},{"month":"2022-02","mean_C":7.69,"n":4,"ok":true,"clim_C":8.0,"anom_C":-0.31,"partial":false},{"month":"2022-03","mean_C":8.19,"n":4,"ok":true,"clim_C":8.29,"anom_C":-0.1,"partial":false},{"month":"2022-04","mean_C":8.89,"n":4,"ok":true,"clim_C":10.07,"anom_C":-1.18,"partial":false},{"month":"2022-05","mean_C":11.06,"n":5,"ok":true,"clim_C":12.03,"anom_C":-0.97,"partial":false},{"month":"2022-06","mean_C":13.14,"n":4,"ok":true,"clim_C":13.51,"anom_C":-0.36,"partial":false},{"month":"2022-07","mean_C":14.98,"n":5,"ok":true,"clim_C":14.83,"anom_C":0.15,"partial":false},{"month":"2022-08","mean_C":16.22,"n":4,"ok":true,"clim_C":15.8,"anom_C":0.42,"partial":false},{"month":"2022-09","mean_C":14.09,"n":4,"ok":true,"clim_C":14.39,"anom_C":-0.3,"partial":false},{"month":"2022-10","mean_C":12.01,"n":4,"ok":true,"clim_C":12.03,"anom_C":-0.01,"partial":false},{"month":"2022-11","mean_C":8.99,"n":5,"ok":true,"clim_C":10.25,"anom_C":-1.26,"partial":false},{"month":"2022-12","mean_C":7.87,"n":4,"ok":true,"clim_C":9.04,"anom_C":-1.17,"partial":false},{"month":"2023-01","mean_C":7.68,"n":4,"ok":true,"clim_C":8.29,"anom_C":-0.61,"partial":false},{"month":"2023-02","mean_C":7.65,"n":4,"ok":true,"clim_C":8.0,"anom_C":-0.35,"partial":false},{"month":"2023-03","mean_C":7.63,"n":5,"ok":true,"clim_C":8.29,"anom_C":-0.66,"partial":false},{"month":"2023-04","mean_C":9.11,"n":4,"ok":true,"clim_C":10.07,"anom_C":-0.96,"partial":false},{"month":"2023-05","mean_C":12.38,"n":4,"ok":true,"clim_C":12.03,"anom_C":0.34,"partial":false},{"month":"2023-06","mean_C":13.23,"n":5,"ok":true,"clim_C":13.51,"anom_C":-0.28,"partial":false},{"month":"2023-07","mean_C":14.95,"n":5,"ok":true,"clim_C":14.83,"anom_C":0.12,"partial":false},{"month":"2023-08","mean_C":15.59,"n":4,"ok":true,"clim_C":15.8,"anom_C":-0.2,"partial":false},{"month":"2023-09","mean_C":14.11,"n":5,"ok":true,"clim_C":14.39,"anom_C":-0.28,"partial":false},{"month":"2023-10","mean_C":13.27,"n":4,"ok":true,"clim_C":12.03,"anom_C":1.24,"partial":false},{"month":"2023-11","mean_C":11.19,"n":4,"ok":true,"clim_C":10.25,"anom_C":0.94,"partial":false},{"month":"2023-12","mean_C":9.74,"n":5,"ok":true,"clim_C":9.04,"anom_C":0.69,"partial":false},{"month":"2024-01","mean_C":8.69,"n":4,"ok":true,"clim_C":8.29,"anom_C":0.4,"partial":false},{"month":"2024-02","mean_C":8.73,"n":4,"ok":true,"clim_C":8.0,"anom_C":0.73,"partial":false},{"month":"2024-03","mean_C":8.68,"n":5,"ok":true,"clim_C":8.29,"anom_C":0.39,"partial":false},{"month":"2024-04","mean_C":10.53,"n":4,"ok":true,"clim_C":10.07,"anom_C":0.46,"partial":false},{"month":"2024-05","mean_C":11.66,"n":4,"ok":true,"clim_C":12.03,"anom_C":-0.37,"partial":false},{"month":"2024-06","mean_C":13.37,"n":5,"ok":true,"clim_C":13.51,"anom_C":-0.14,"partial":false},{"month":"2024-07","mean_C":15.1,"n":5,"ok":true,"clim_C":14.83,"anom_C":0.27,"partial":false},{"month":"2024-08","mean_C":15.57,"n":4,"ok":true,"clim_C":15.8,"anom_C":-0.22,"partial":false},{"month":"2024-09","mean_C":14.11,"n":5,"ok":true,"clim_C":14.39,"anom_C":-0.28,"partial":false},{"month":"2024-10","mean_C":11.4,"n":4,"ok":true,"clim_C":12.03,"anom_C":-0.62,"partial":false},{"month":"2024-11","mean_C":10.47,"n":4,"ok":true,"clim_C":10.25,"anom_C":0.23,"partial":false},{"month":"2024-12","mean_C":9.2,"n":5,"ok":true,"clim_C":9.04,"anom_C":0.16,"partial":false},{"month":"2025-01","mean_C":8.4,"n":4,"ok":true,"clim_C":8.29,"anom_C":0.11,"partial":false},{"month":"2025-02","mean_C":7.7,"n":3,"ok":true,"clim_C":8.0,"anom_C":-0.29,"partial":false},{"month":"2025-03","mean_C":8.5,"n":5,"ok":true,"clim_C":8.29,"anom_C":0.21,"partial":false},{"month":"2025-04","mean_C":10.77,"n":4,"ok":true,"clim_C":10.07,"anom_C":0.7,"partial":false},{"month":"2025-05","mean_C":11.82,"n":5,"ok":true,"clim_C":12.03,"anom_C":-0.21,"partial":false},{"month":"2025-06","mean_C":13.43,"n":4,"ok":true,"clim_C":13.51,"anom_C":-0.07,"partial":false},{"month":"2025-07","mean_C":14.46,"n":5,"ok":true,"clim_C":14.83,"anom_C":-0.37,"partial":false},{"month":"2025-08","mean_C":15.89,"n":4,"ok":true,"clim_C":15.8,"anom_C":0.1,"partial":false},{"month":"2025-09","mean_C":14.4,"n":5,"ok":true,"clim_C":14.39,"anom_C":0.01,"partial":false},{"month":"2025-10","mean_C":11.73,"n":4,"ok":true,"clim_C":12.03,"anom_C":-0.29,"partial":false},{"month":"2025-11","mean_C":10.66,"n":4,"ok":true,"clim_C":10.25,"anom_C":0.41,"partial":false},{"month":"2025-12","mean_C":9.91,"n":5,"ok":true,"clim_C":9.04,"anom_C":0.87,"partial":false},{"month":"2026-01","mean_C":8.65,"n":4,"ok":true,"clim_C":8.29,"anom_C":0.36,"partial":false},{"month":"2026-02","mean_C":8.37,"n":4,"ok":true,"clim_C":8.0,"anom_C":0.38,"partial":false},{"month":"2026-03","mean_C":8.82,"n":5,"ok":true,"clim_C":8.29,"anom_C":0.53,"partial":false},{"month":"2026-04","mean_C":10.68,"n":4,"ok":true,"clim_C":10.07,"anom_C":0.61,"partial":false},{"month":"2026-05","mean_C":12.9,"n":4,"ok":true,"clim_C":12.03,"anom_C":0.86,"partial":false},{"month":"2026-06","mean_C":13.44,"n":5,"ok":true,"clim_C":13.51,"anom_C":-0.07,"partial":false},{"month":"2026-07","mean_C":14.12,"n":5,"ok":true,"clim_C":14.83,"anom_C":-0.71,"partial":false},{"month":"2026-08","mean_C":15.8,"n":10,"ok":true,"clim_C":15.8,"anom_C":0.01,"partial":true}],"climatology":[{"calendar_month":1,"clim_C":8.29,"std_C":0.44,"n_years":7},{"calendar_month":2,"clim_C":8.0,"std_C":0.41,"n_years":7},{"calendar_month":3,"clim_C":8.29,"std_C":0.41,"n_years":7},{"calendar_month":4,"clim_C":10.07,"std_C":0.77,"n_years":7},{"calendar_month":5,"clim_C":12.03,"std_C":0.62,"n_years":7},{"calendar_month":6,"clim_C":13.51,"std_C":0.36,"n_years":7},{"calendar_month":7,"clim_C":14.83,"std_C":0.4,"n_years":7},{"calendar_month":8,"clim_C":15.8,"std_C":0.32,"n_years":7},{"calendar_month":9,"clim_C":14.39,"std_C":0.63,"n_years":7},{"calendar_month":10,"clim_C":12.03,"std_C":0.71,"n_years":7},{"calendar_month":11,"clim_C":10.25,"std_C":0.75,"n_years":7},{"calendar_month":12,"clim_C":9.04,"std_C":0.69,"n_years":7}],"anomaly_thresholds":{"90":0.7,"95":0.84,"99":1.01}},{"key":"pinnacle","label":"Folger Pinnacle (25 m)","depth_m":23.0,"color":"#eb6834","record":"2011-02 to 2026-08","n_days":4202,"daily":[{"date":"2011-02-04","value_C":7.88},{"date":"2011-02-11","value_C":7.85},{"date":"2011-02-18","value_C":8.23},{"date":"2011-02-25","value_C":8.06},{"date":"2011-03-04","value_C":7.1},{"date":"2011-03-11","value_C":7.78},{"date":"2011-03-18","value_C":8.55},{"date":"2011-03-25","value_C":8.13},{"date":"2011-04-01","value_C":8.87},{"date":"2011-04-08","value_C":7.71},{"date":"2011-04-15","value_C":8.3},{"date":"2011-04-22","value_C":8.62},{"date":"2011-04-29","value_C":8.18},{"date":"2011-05-06","value_C":8.31},{"date":"2011-05-13","value_C":8.79},{"date":"2011-05-20","value_C":8.28},{"date":"2011-05-27","value_C":8.37},{"date":"2011-06-03","value_C":9.41},{"date":"2011-06-10","value_C":8.85},{"date":"2011-06-17","value_C":8.94},{"date":"2011-06-24","value_C":8.61},{"date":"2011-07-01","value_C":9.46},{"date":"2011-07-08","value_C":8.97},{"date":"2011-07-15","value_C":9.56},{"date":"2011-07-22","value_C":9.36},{"date":"2011-07-29","value_C":9.02},{"date":"2011-08-05","value_C":9.31},{"date":"2011-08-12","value_C":9.2},{"date":"2011-08-19","value_C":9.69},{"date":"2011-08-26","value_C":10.25},{"date":"2011-09-02","value_C":9.97},{"date":"2011-09-09","value_C":9.34},{"date":"2011-09-16","value_C":9.85},{"date":"2011-09-17","value_C":null},{"date":"2011-11-21","value_C":8.69},{"date":"2011-11-28","value_C":9.94},{"date":"2011-12-05","value_C":10.25},{"date":"2011-12-12","value_C":9.19},{"date":"2011-12-21","value_C":8.54},{"date":"2012-01-05","value_C":8.14},{"date":"2012-01-21","value_C":7.31},{"date":"2012-01-28","value_C":7.86},{"date":"2012-02-04","value_C":7.79},{"date":"2012-02-11","value_C":7.76},{"date":"2012-02-18","value_C":7.83},{"date":"2012-02-25","value_C":7.63},{"date":"2012-03-03","value_C":7.26},{"date":"2012-03-10","value_C":7.23},{"date":"2012-03-17","value_C":7.84},{"date":"2012-03-24","value_C":7.6},{"date":"2012-03-31","value_C":8.11},{"date":"2012-04-01","value_C":null},{"date":"2012-10-23","value_C":10.12},{"date":"2012-10-30","value_C":10.65},{"date":"2012-11-06","value_C":11.82},{"date":"2012-11-13","value_C":10.04},{"date":"2012-11-20","value_C":10.68},{"date":"2012-11-29","value_C":10.53},{"date":"2012-12-06","value_C":11.0},{"date":"2012-12-13","value_C":10.41},{"date":"2012-12-20","value_C":9.23},{"date":"2012-12-27","value_C":9.61},{"date":"2013-01-03","value_C":9.44},{"date":"2013-01-10","value_C":8.95},{"date":"2013-01-17","value_C":8.77},{"date":"2013-01-24","value_C":7.99},{"date":"2013-01-31","value_C":8.51},{"date":"2013-02-07","value_C":8.01},{"date":"2013-02-14","value_C":8.52},{"date":"2013-02-21","value_C":8.49},{"date":"2013-02-28","value_C":7.95},{"date":"2013-03-07","value_C":7.87},{"date":"2013-03-14","value_C":7.73},{"date":"2013-03-21","value_C":7.79},{"date":"2013-03-28","value_C":7.74},{"date":"2013-04-04","value_C":7.75},{"date":"2013-04-11","value_C":8.52},{"date":"2013-04-18","value_C":8.14},{"date":"2013-04-25","value_C":8.09},{"date":"2013-05-02","value_C":7.83},{"date":"2013-05-09","value_C":8.43},{"date":"2013-05-16","value_C":9.11},{"date":"2013-05-23","value_C":9.36},{"date":"2013-05-31","value_C":10.44},{"date":"2013-06-07","value_C":8.71},{"date":"2013-06-14","value_C":9.02},{"date":"2013-06-21","value_C":8.94},{"date":"2013-06-28","value_C":11.13},{"date":"2013-07-05","value_C":8.91},{"date":"2013-07-12","value_C":9.23},{"date":"2013-07-19","value_C":10.27},{"date":"2013-07-26","value_C":9.04},{"date":"2013-08-02","value_C":8.82},{"date":"2013-08-09","value_C":9.68},{"date":"2013-08-16","value_C":9.58},{"date":"2013-08-23","value_C":9.75},{"date":"2013-08-30","value_C":10.28},{"date":"2013-09-06","value_C":11.56},{"date":"2013-09-13","value_C":10.67},{"date":"2013-09-20","value_C":10.76},{"date":"2013-09-27","value_C":12.69},{"date":"2013-10-04","value_C":14.11},{"date":"2013-10-11","value_C":11.05},{"date":"2013-10-18","value_C":10.17},{"date":"2013-10-25","value_C":9.79},{"date":"2013-11-01","value_C":9.29},{"date":"2013-11-08","value_C":8.97},{"date":"2013-11-15","value_C":8.95},{"date":"2013-11-22","value_C":8.37},{"date":"2013-11-29","value_C":8.25},{"date":"2013-12-11","value_C":7.56},{"date":"2013-12-18","value_C":8.08},{"date":"2013-12-25","value_C":7.57},{"date":"2014-01-01","value_C":7.53},{"date":"2014-01-08","value_C":7.38},{"date":"2014-01-15","value_C":8.0},{"date":"2014-01-23","value_C":7.9},{"date":"2014-01-30","value_C":7.79},{"date":"2014-02-06","value_C":7.63},{"date":"2014-02-13","value_C":7.06},{"date":"2014-02-20","value_C":7.57},{"date":"2014-02-27","value_C":7.33},{"date":"2014-03-06","value_C":7.72},{"date":"2014-03-13","value_C":8.9},{"date":"2014-03-20","value_C":8.2},{"date":"2014-03-27","value_C":8.47},{"date":"2014-04-03","value_C":9.04},{"date":"2014-04-10","value_C":8.41},{"date":"2014-04-17","value_C":8.37},{"date":"2014-04-24","value_C":8.66},{"date":"2014-05-01","value_C":9.6},{"date":"2014-05-08","value_C":10.53},{"date":"2014-05-15","value_C":9.77},{"date":"2014-05-22","value_C":9.12},{"date":"2014-05-29","value_C":8.95},{"date":"2014-06-05","value_C":8.89},{"date":"2014-06-12","value_C":9.12},{"date":"2014-06-19","value_C":9.29},{"date":"2014-06-26","value_C":8.91},{"date":"2014-07-03","value_C":10.25},{"date":"2014-07-10","value_C":9.65},{"date":"2014-07-17","value_C":9.79},{"date":"2014-07-24","value_C":10.03},{"date":"2014-07-31","value_C":9.58},{"date":"2014-08-07","value_C":9.65},{"date":"2014-08-14","value_C":10.52},{"date":"2014-08-21","value_C":9.84},{"date":"2014-08-28","value_C":10.36},{"date":"2014-09-04","value_C":10.71},{"date":"2014-09-11","value_C":10.64},{"date":"2014-09-18","value_C":10.21},{"date":"2014-09-25","value_C":12.13},{"date":"2014-10-02","value_C":12.34},{"date":"2014-10-09","value_C":11.13},{"date":"2014-10-16","value_C":11.29},{"date":"2014-10-23","value_C":14.75},{"date":"2014-10-30","value_C":14.65},{"date":"2014-11-06","value_C":14.16},{"date":"2014-11-13","value_C":13.36},{"date":"2014-11-20","value_C":12.12},{"date":"2014-11-27","value_C":11.94},{"date":"2014-12-04","value_C":11.09},{"date":"2014-12-11","value_C":11.53},{"date":"2014-12-18","value_C":11.1},{"date":"2014-12-25","value_C":11.74},{"date":"2015-01-01","value_C":10.31},{"date":"2015-01-08","value_C":9.5},{"date":"2015-01-15","value_C":9.18},{"date":"2015-01-22","value_C":10.42},{"date":"2015-01-29","value_C":10.19},{"date":"2015-02-05","value_C":9.63},{"date":"2015-02-12","value_C":10.76},{"date":"2015-02-19","value_C":9.62},{"date":"2015-02-26","value_C":9.56},{"date":"2015-03-05","value_C":9.47},{"date":"2015-03-12","value_C":9.67},{"date":"2015-03-19","value_C":10.12},{"date":"2015-03-20","value_C":null},{"date":"2015-05-27","value_C":8.91},{"date":"2015-06-03","value_C":9.75},{"date":"2015-06-10","value_C":9.42},{"date":"2015-06-11","value_C":null},{"date":"2015-07-21","value_C":10.42},{"date":"2015-07-28","value_C":10.78},{"date":"2015-08-04","value_C":10.4},{"date":"2015-08-11","value_C":10.27},{"date":"2015-08-18","value_C":10.97},{"date":"2015-08-25","value_C":10.96},{"date":"2015-09-01","value_C":11.8},{"date":"2015-09-08","value_C":12.42},{"date":"2015-09-15","value_C":10.79},{"date":"2015-09-22","value_C":12.34},{"date":"2015-09-29","value_C":11.69},{"date":"2015-10-06","value_C":10.6},{"date":"2015-10-13","value_C":13.28},{"date":"2015-10-20","value_C":12.78},{"date":"2015-10-27","value_C":12.35},{"date":"2015-11-03","value_C":12.19},{"date":"2015-11-10","value_C":12.29},{"date":"2015-11-17","value_C":12.15},{"date":"2015-11-24","value_C":11.66},{"date":"2015-12-02","value_C":9.46},{"date":"2015-12-09","value_C":11.15},{"date":"2015-12-16","value_C":10.76},{"date":"2015-12-23","value_C":10.01},{"date":"2015-12-30","value_C":9.65},{"date":"2016-01-06","value_C":8.5},{"date":"2016-01-13","value_C":9.01},{"date":"2016-01-20","value_C":9.25},{"date":"2016-01-27","value_C":9.56},{"date":"2016-02-03","value_C":9.64},{"date":"2016-02-10","value_C":9.54},{"date":"2016-02-17","value_C":10.02},{"date":"2016-02-24","value_C":10.15},{"date":"2016-03-02","value_C":10.01},{"date":"2016-03-09","value_C":10.44},{"date":"2016-03-16","value_C":9.85},{"date":"2016-03-23","value_C":9.58},{"date":"2016-03-30","value_C":9.79},{"date":"2016-04-06","value_C":9.72},{"date":"2016-04-13","value_C":10.04},{"date":"2016-04-21","value_C":10.62},{"date":"2016-04-28","value_C":9.96},{"date":"2016-05-05","value_C":9.52},{"date":"2016-05-12","value_C":9.62},{"date":"2016-05-19","value_C":9.48},{"date":"2016-05-26","value_C":9.91},{"date":"2016-06-02","value_C":9.62},{"date":"2016-06-09","value_C":9.39},{"date":"2016-06-16","value_C":9.7},{"date":"2016-06-23","value_C":10.46},{"date":"2016-06-30","value_C":9.46},{"date":"2016-07-07","value_C":9.26},{"date":"2016-07-14","value_C":10.06},{"date":"2016-07-21","value_C":10.49},{"date":"2016-07-28","value_C":9.92},{"date":"2016-08-04","value_C":10.34},{"date":"2016-08-11","value_C":10.08},{"date":"2016-08-18","value_C":10.55},{"date":"2016-08-25","value_C":10.04},{"date":"2016-09-01","value_C":10.44},{"date":"2016-09-08","value_C":10.36},{"date":"2016-09-15","value_C":10.37},{"date":"2016-09-22","value_C":10.25},{"date":"2016-09-29","value_C":10.92},{"date":"2016-10-06","value_C":10.29},{"date":"2016-10-13","value_C":12.77},{"date":"2016-10-20","value_C":12.27},{"date":"2016-10-27","value_C":12.21},{"date":"2016-11-03","value_C":12.4},{"date":"2016-11-10","value_C":12.97},{"date":"2016-11-17","value_C":12.8},{"date":"2016-11-24","value_C":12.28},{"date":"2016-12-01","value_C":12.36},{"date":"2016-12-08","value_C":10.81},{"date":"2016-12-15","value_C":10.01},{"date":"2016-12-22","value_C":9.6},{"date":"2016-12-29","value_C":9.0},{"date":"2017-01-05","value_C":8.53},{"date":"2017-01-12","value_C":7.93},{"date":"2017-01-19","value_C":8.16},{"date":"2017-01-26","value_C":8.19},{"date":"2017-02-02","value_C":8.12},{"date":"2017-02-09","value_C":7.73},{"date":"2017-02-16","value_C":8.27},{"date":"2017-02-23","value_C":8.25},{"date":"2017-03-02","value_C":7.76},{"date":"2017-03-09","value_C":8.29},{"date":"2017-03-16","value_C":8.83},{"date":"2017-03-23","value_C":8.85},{"date":"2017-03-30","value_C":9.32},{"date":"2017-04-06","value_C":8.77},{"date":"2017-04-13","value_C":9.58},{"date":"2017-04-20","value_C":9.78},{"date":"2017-04-27","value_C":8.95},{"date":"2017-05-04","value_C":9.49},{"date":"2017-05-11","value_C":9.07},{"date":"2017-05-18","value_C":9.78},{"date":"2017-05-19","value_C":null},{"date":"2019-10-11","value_C":10.59},{"date":"2019-10-18","value_C":10.19},{"date":"2019-10-25","value_C":12.16},{"date":"2019-11-01","value_C":10.25},{"date":"2019-11-08","value_C":9.08},{"date":"2019-11-15","value_C":9.55},{"date":"2019-11-22","value_C":10.39},{"date":"2019-11-29","value_C":8.89},{"date":"2019-12-06","value_C":8.24},{"date":"2019-12-13","value_C":9.35},{"date":"2019-12-20","value_C":9.1},{"date":"2019-12-27","value_C":8.56},{"date":"2020-01-03","value_C":8.89},{"date":"2020-01-10","value_C":9.4},{"date":"2020-01-17","value_C":8.07},{"date":"2020-01-24","value_C":8.72},{"date":"2020-01-31","value_C":9.2},{"date":"2020-02-07","value_C":8.89},{"date":"2020-02-14","value_C":8.76},{"date":"2020-02-21","value_C":8.5},{"date":"2020-02-28","value_C":8.43},{"date":"2020-03-06","value_C":8.25},{"date":"2020-03-13","value_C":7.97},{"date":"2020-03-20","value_C":7.95},{"date":"2020-03-27","value_C":7.89},{"date":"2020-04-03","value_C":8.49},{"date":"2020-04-10","value_C":8.15},{"date":"2020-04-17","value_C":8.29},{"date":"2020-04-24","value_C":8.51},{"date":"2020-05-01","value_C":9.25},{"date":"2020-05-08","value_C":9.73},{"date":"2020-05-15","value_C":10.84},{"date":"2020-05-22","value_C":10.0},{"date":"2020-05-29","value_C":9.46},{"date":"2020-06-05","value_C":9.41},{"date":"2020-06-12","value_C":9.91},{"date":"2020-06-19","value_C":10.03},{"date":"2020-06-26","value_C":9.45},{"date":"2020-07-03","value_C":9.61},{"date":"2020-07-10","value_C":10.04},{"date":"2020-07-17","value_C":9.2},{"date":"2020-07-24","value_C":9.59},{"date":"2020-07-31","value_C":9.63},{"date":"2020-08-07","value_C":9.76},{"date":"2020-08-14","value_C":9.86},{"date":"2020-08-21","value_C":11.74},{"date":"2020-08-28","value_C":9.99},{"date":"2020-09-04","value_C":9.82},{"date":"2020-09-11","value_C":10.9},{"date":"2020-09-18","value_C":10.62},{"date":"2020-09-26","value_C":11.48},{"date":"2020-10-03","value_C":11.68},{"date":"2020-10-10","value_C":11.11},{"date":"2020-10-17","value_C":12.21},{"date":"2020-10-24","value_C":10.63},{"date":"2020-10-31","value_C":9.96},{"date":"2020-11-07","value_C":10.38},{"date":"2020-11-14","value_C":9.24},{"date":"2020-11-21","value_C":10.16},{"date":"2020-11-28","value_C":9.91},{"date":"2020-12-05","value_C":9.26},{"date":"2020-12-12","value_C":9.1},{"date":"2020-12-19","value_C":8.98},{"date":"2020-12-26","value_C":8.69},{"date":"2021-01-02","value_C":9.2},{"date":"2021-01-09","value_C":9.56},{"date":"2021-01-16","value_C":9.4},{"date":"2021-01-23","value_C":9.11},{"date":"2021-01-30","value_C":8.07},{"date":"2021-02-06","value_C":8.49},{"date":"2021-02-13","value_C":7.84},{"date":"2021-02-20","value_C":7.93},{"date":"2021-02-27","value_C":8.53},{"date":"2021-03-06","value_C":7.74},{"date":"2021-03-13","value_C":8.22},{"date":"2021-03-20","value_C":8.32},{"date":"2021-03-27","value_C":8.19},{"date":"2021-04-03","value_C":8.11},{"date":"2021-04-10","value_C":8.05},{"date":"2021-04-17","value_C":8.13},{"date":"2021-04-24","value_C":8.65},{"date":"2021-05-01","value_C":8.74},{"date":"2021-05-08","value_C":8.65},{"date":"2021-05-15","value_C":8.43},{"date":"2021-05-22","value_C":8.65},{"date":"2021-05-29","value_C":8.88},{"date":"2021-06-05","value_C":8.62},{"date":"2021-06-12","value_C":9.88},{"date":"2021-06-19","value_C":10.49},{"date":"2021-06-26","value_C":9.33},{"date":"2021-07-03","value_C":10.27},{"date":"2021-07-10","value_C":9.85},{"date":"2021-07-17","value_C":9.77},{"date":"2021-07-24","value_C":9.55},{"date":"2021-07-31","value_C":8.97},{"date":"2021-08-07","value_C":9.92},{"date":"2021-08-14","value_C":10.49},{"date":"2021-08-21","value_C":10.21},{"date":"2021-08-28","value_C":10.27},{"date":"2021-09-04","value_C":10.14},{"date":"2021-09-11","value_C":10.57},{"date":"2021-09-18","value_C":9.98},{"date":"2021-09-25","value_C":10.53},{"date":"2021-10-02","value_C":11.92},{"date":"2021-10-09","value_C":11.74},{"date":"2021-10-16","value_C":10.95},{"date":"2021-10-23","value_C":11.3},{"date":"2021-10-30","value_C":11.72},{"date":"2021-11-06","value_C":11.43},{"date":"2021-11-13","value_C":11.68},{"date":"2021-11-20","value_C":11.38},{"date":"2021-11-27","value_C":10.79},{"date":"2021-12-04","value_C":10.38},{"date":"2021-12-11","value_C":9.48},{"date":"2021-12-18","value_C":9.82},{"date":"2021-12-25","value_C":9.38},{"date":"2022-01-01","value_C":7.87},{"date":"2022-01-08","value_C":8.73},{"date":"2022-01-15","value_C":8.4},{"date":"2022-01-22","value_C":8.63},{"date":"2022-01-29","value_C":8.27},{"date":"2022-02-05","value_C":8.33},{"date":"2022-02-12","value_C":8.75},{"date":"2022-02-19","value_C":8.03},{"date":"2022-02-26","value_C":7.57},{"date":"2022-03-05","value_C":8.13},{"date":"2022-03-12","value_C":8.14},{"date":"2022-03-19","value_C":8.32},{"date":"2022-03-26","value_C":8.36},{"date":"2022-04-02","value_C":8.38},{"date":"2022-04-09","value_C":8.26},{"date":"2022-04-16","value_C":8.09},{"date":"2022-04-23","value_C":8.29},{"date":"2022-04-30","value_C":8.81},{"date":"2022-05-07","value_C":8.64},{"date":"2022-05-14","value_C":9.19},{"date":"2022-05-21","value_C":9.19},{"date":"2022-05-28","value_C":9.04},{"date":"2022-06-04","value_C":8.74},{"date":"2022-06-11","value_C":11.03},{"date":"2022-06-18","value_C":9.43},{"date":"2022-06-25","value_C":9.09},{"date":"2022-07-02","value_C":10.21},{"date":"2022-07-09","value_C":9.72},{"date":"2022-07-16","value_C":9.35},{"date":"2022-07-23","value_C":9.45},{"date":"2022-07-30","value_C":9.9},{"date":"2022-08-06","value_C":10.39},{"date":"2022-08-13","value_C":10.45},{"date":"2022-08-20","value_C":10.13},{"date":"2022-08-27","value_C":10.23},{"date":"2022-09-03","value_C":10.25},{"date":"2022-09-10","value_C":10.08},{"date":"2022-09-17","value_C":9.86},{"date":"2022-09-24","value_C":10.89},{"date":"2022-10-01","value_C":10.28},{"date":"2022-10-08","value_C":9.93},{"date":"2022-10-15","value_C":9.97},{"date":"2022-10-22","value_C":9.78},{"date":"2022-10-29","value_C":9.84},{"date":"2022-11-05","value_C":10.2},{"date":"2022-11-12","value_C":9.79},{"date":"2022-11-19","value_C":9.43},{"date":"2022-11-26","value_C":9.3},{"date":"2022-12-03","value_C":8.42},{"date":"2022-12-10","value_C":9.06},{"date":"2022-12-17","value_C":8.94},{"date":"2022-12-24","value_C":8.05},{"date":"2022-12-31","value_C":8.5},{"date":"2023-01-07","value_C":8.45},{"date":"2023-01-14","value_C":9.15},{"date":"2023-01-21","value_C":9.3},{"date":"2023-01-28","value_C":8.93},{"date":"2023-02-04","value_C":8.2},{"date":"2023-02-11","value_C":8.7},{"date":"2023-02-18","value_C":8.46},{"date":"2023-02-25","value_C":8.27},{"date":"2023-03-04","value_C":8.02},{"date":"2023-03-11","value_C":7.48},{"date":"2023-03-18","value_C":7.73},{"date":"2023-03-25","value_C":7.87},{"date":"2023-04-01","value_C":7.77},{"date":"2023-04-08","value_C":8.41},{"date":"2023-04-15","value_C":8.63},{"date":"2023-04-22","value_C":8.73},{"date":"2023-04-29","value_C":8.88},{"date":"2023-05-06","value_C":9.13},{"date":"2023-05-13","value_C":8.55},{"date":"2023-05-20","value_C":8.62},{"date":"2023-05-27","value_C":9.02},{"date":"2023-06-03","value_C":9.08},{"date":"2023-06-10","value_C":9.3},{"date":"2023-06-17","value_C":9.79},{"date":"2023-06-24","value_C":9.41},{"date":"2023-07-01","value_C":9.18},{"date":"2023-07-08","value_C":9.69},{"date":"2023-07-15","value_C":9.45},{"date":"2023-07-22","value_C":9.59},{"date":"2023-07-29","value_C":10.38},{"date":"2023-08-05","value_C":10.34},{"date":"2023-08-12","value_C":9.9},{"date":"2023-08-19","value_C":11.2},{"date":"2023-08-26","value_C":11.42},{"date":"2023-09-02","value_C":10.91},{"date":"2023-09-09","value_C":9.92},{"date":"2023-09-16","value_C":10.82},{"date":"2023-09-23","value_C":10.67},{"date":"2023-09-30","value_C":11.74},{"date":"2023-10-07","value_C":11.36},{"date":"2023-10-14","value_C":14.03},{"date":"2023-10-21","value_C":13.93},{"date":"2023-10-28","value_C":12.16},{"date":"2023-11-04","value_C":11.09},{"date":"2023-11-11","value_C":12.75},{"date":"2023-11-18","value_C":12.0},{"date":"2023-11-25","value_C":10.9},{"date":"2023-12-02","value_C":10.27},{"date":"2023-12-11","value_C":11.07},{"date":"2023-12-12","value_C":null},{"date":"2024-04-12","value_C":9.72},{"date":"2024-04-19","value_C":9.17},{"date":"2024-04-26","value_C":9.58},{"date":"2024-05-03","value_C":9.14},{"date":"2024-05-10","value_C":8.94},{"date":"2024-05-17","value_C":8.74},{"date":"2024-05-24","value_C":9.04},{"date":"2024-05-31","value_C":9.04},{"date":"2024-06-07","value_C":9.23},{"date":"2024-06-14","value_C":9.09},{"date":"2024-06-21","value_C":9.09},{"date":"2024-06-28","value_C":9.44},{"date":"2024-07-05","value_C":9.0},{"date":"2024-07-12","value_C":9.39},{"date":"2024-07-19","value_C":10.28},{"date":"2024-07-26","value_C":9.74},{"date":"2024-08-02","value_C":9.37},{"date":"2024-08-09","value_C":10.23},{"date":"2024-08-16","value_C":9.79},{"date":"2024-08-23","value_C":10.53},{"date":"2024-08-30","value_C":10.19},{"date":"2024-09-06","value_C":10.7},{"date":"2024-09-13","value_C":10.76},{"date":"2024-09-20","value_C":10.46},{"date":"2024-09-27","value_C":9.92},{"date":"2024-10-04","value_C":10.21},{"date":"2024-10-11","value_C":9.94},{"date":"2024-10-18","value_C":10.21},{"date":"2024-10-25","value_C":10.76},{"date":"2024-11-01","value_C":11.47},{"date":"2024-11-08","value_C":11.15},{"date":"2024-11-15","value_C":10.99},{"date":"2024-11-22","value_C":10.76},{"date":"2024-11-29","value_C":10.87},{"date":"2024-12-06","value_C":10.42},{"date":"2024-12-13","value_C":9.99},{"date":"2024-12-20","value_C":9.88},{"date":"2024-12-27","value_C":10.25},{"date":"2025-01-03","value_C":9.76},{"date":"2025-01-10","value_C":9.62},{"date":"2025-01-17","value_C":9.55},{"date":"2025-01-24","value_C":8.62},{"date":"2025-01-31","value_C":8.53},{"date":"2025-02-07","value_C":8.03},{"date":"2025-02-14","value_C":7.69},{"date":"2025-02-21","value_C":7.58},{"date":"2025-02-28","value_C":8.25},{"date":"2025-03-07","value_C":8.49},{"date":"2025-03-14","value_C":8.55},{"date":"2025-03-21","value_C":8.9},{"date":"2025-03-28","value_C":9.31},{"date":"2025-04-04","value_C":9.31},{"date":"2025-04-11","value_C":9.64},{"date":"2025-04-18","value_C":9.0},{"date":"2025-04-25","value_C":8.69},{"date":"2025-05-02","value_C":8.7},{"date":"2025-05-09","value_C":8.65},{"date":"2025-05-16","value_C":9.04},{"date":"2025-05-23","value_C":9.11},{"date":"2025-05-30","value_C":9.08},{"date":"2025-06-06","value_C":8.8},{"date":"2025-06-13","value_C":9.98},{"date":"2025-06-20","value_C":9.33},{"date":"2025-06-27","value_C":9.12},{"date":"2025-07-04","value_C":8.85},{"date":"2025-07-11","value_C":9.01},{"date":"2025-07-18","value_C":9.59},{"date":"2025-07-25","value_C":9.8},{"date":"2025-08-01","value_C":9.4},{"date":"2025-08-08","value_C":9.81},{"date":"2025-08-15","value_C":10.47},{"date":"2025-08-22","value_C":10.36},{"date":"2025-08-29","value_C":10.44},{"date":"2025-09-05","value_C":10.42},{"date":"2025-09-12","value_C":10.68},{"date":"2025-09-19","value_C":10.25},{"date":"2025-09-26","value_C":10.67},{"date":"2025-10-03","value_C":11.43},{"date":"2025-10-10","value_C":12.37},{"date":"2025-10-17","value_C":10.81},{"date":"2025-10-24","value_C":11.51},{"date":"2025-10-31","value_C":12.44},{"date":"2025-11-07","value_C":11.76},{"date":"2025-11-14","value_C":11.8},{"date":"2025-11-21","value_C":11.78},{"date":"2025-11-28","value_C":11.09},{"date":"2025-12-05","value_C":11.05},{"date":"2025-12-12","value_C":10.57},{"date":"2025-12-19","value_C":10.84},{"date":"2025-12-26","value_C":10.54},{"date":"2026-01-02","value_C":9.78},{"date":"2026-01-09","value_C":10.61},{"date":"2026-01-16","value_C":10.26},{"date":"2026-01-23","value_C":9.35},{"date":"2026-01-30","value_C":9.01},{"date":"2026-02-06","value_C":9.71},{"date":"2026-02-13","value_C":9.71},{"date":"2026-02-20","value_C":9.19},{"date":"2026-02-27","value_C":9.19},{"date":"2026-03-06","value_C":9.63},{"date":"2026-03-13","value_C":9.86},{"date":"2026-03-20","value_C":8.97},{"date":"2026-03-27","value_C":8.81},{"date":"2026-04-03","value_C":8.95},{"date":"2026-04-10","value_C":8.95},{"date":"2026-04-18","value_C":8.69},{"date":"2026-04-25","value_C":9.03},{"date":"2026-05-02","value_C":9.16},{"date":"2026-05-09","value_C":9.22},{"date":"2026-05-16","value_C":9.4},{"date":"2026-05-23","value_C":9.27},{"date":"2026-05-30","value_C":9.01},{"date":"2026-06-06","value_C":9.66},{"date":"2026-06-13","value_C":10.02},{"date":"2026-06-20","value_C":9.61},{"date":"2026-06-27","value_C":9.81},{"date":"2026-07-04","value_C":10.41},{"date":"2026-07-11","value_C":9.41},{"date":"2026-07-18","value_C":9.73},{"date":"2026-07-25","value_C":9.75},{"date":"2026-08-01","value_C":10.84},{"date":"2026-08-04","value_C":10.83},{"date":"2026-08-05","value_C":10.72},{"date":"2026-08-06","value_C":10.71},{"date":"2026-08-07","value_C":10.56},{"date":"2026-08-08","value_C":10.32},{"date":"2026-08-09","value_C":10.01},{"date":"2026-08-10","value_C":9.85}],"monthly":[{"month":"2011-02","mean_C":8.04,"n":25,"ok":true,"clim_C":8.51,"anom_C":-0.47,"partial":false},{"month":"2011-03","mean_C":8.13,"n":31,"ok":true,"clim_C":8.47,"anom_C":-0.34,"partial":false},{"month":"2011-04","mean_C":8.22,"n":30,"ok":true,"clim_C":8.8,"anom_C":-0.58,"partial":false},{"month":"2011-05","mean_C":8.41,"n":31,"ok":true,"clim_C":9.1,"anom_C":-0.69,"partial":false},{"month":"2011-06","mean_C":8.93,"n":30,"ok":true,"clim_C":9.44,"anom_C":-0.51,"partial":false},{"month":"2011-07","mean_C":9.25,"n":31,"ok":true,"clim_C":9.63,"anom_C":-0.39,"partial":false},{"month":"2011-08","mean_C":9.66,"n":30,"ok":true,"clim_C":10.16,"anom_C":-0.5,"partial":false},{"month":"2011-09","mean_C":9.78,"n":19,"ok":true,"clim_C":10.71,"anom_C":-0.92,"partial":false},{"month":"2011-10","mean_C":null,"n":0,"ok":false,"clim_C":11.49,"anom_C":null,"partial":false},{"month":"2011-11","mean_C":null,"n":10,"ok":false,"clim_C":11.03,"anom_C":null,"partial":false},{"month":"2011-12","mean_C":9.54,"n":19,"ok":true,"clim_C":9.69,"anom_C":-0.15,"partial":false},{"month":"2012-01","mean_C":7.97,"n":17,"ok":true,"clim_C":8.84,"anom_C":-0.87,"partial":false},{"month":"2012-02","mean_C":7.76,"n":29,"ok":true,"clim_C":8.51,"anom_C":-0.75,"partial":false},{"month":"2012-03","mean_C":7.52,"n":31,"ok":true,"clim_C":8.47,"anom_C":-0.95,"partial":false},{"month":"2012-04","mean_C":null,"n":2,"ok":false,"clim_C":8.8,"anom_C":null,"partial":false},{"month":"2012-05","mean_C":null,"n":0,"ok":false,"clim_C":9.1,"anom_C":null,"partial":false},{"month":"2012-06","mean_C":null,"n":0,"ok":false,"clim_C":9.44,"anom_C":null,"partial":false},{"month":"2012-07","mean_C":null,"n":0,"ok":false,"clim_C":9.63,"anom_C":null,"partial":false},{"month":"2012-08","mean_C":null,"n":0,"ok":false,"clim_C":10.16,"anom_C":null,"partial":false},{"month":"2012-09","mean_C":null,"n":0,"ok":false,"clim_C":10.71,"anom_C":null,"partial":false},{"month":"2012-10","mean_C":null,"n":9,"ok":false,"clim_C":11.49,"anom_C":null,"partial":false},{"month":"2012-11","mean_C":10.97,"n":26,"ok":true,"clim_C":11.03,"anom_C":-0.06,"partial":false},{"month":"2012-12","mean_C":10.08,"n":31,"ok":true,"clim_C":9.69,"anom_C":0.39,"partial":false},{"month":"2013-01","mean_C":8.57,"n":31,"ok":true,"clim_C":8.84,"anom_C":-0.26,"partial":false},{"month":"2013-02","mean_C":8.38,"n":28,"ok":true,"clim_C":8.51,"anom_C":-0.13,"partial":false},{"month":"2013-03","mean_C":7.76,"n":31,"ok":true,"clim_C":8.47,"anom_C":-0.71,"partial":false},{"month":"2013-04","mean_C":8.13,"n":28,"ok":true,"clim_C":8.8,"anom_C":-0.67,"partial":false},{"month":"2013-05","mean_C":8.7,"n":27,"ok":true,"clim_C":9.1,"anom_C":-0.4,"partial":false},{"month":"2013-06","mean_C":9.5,"n":30,"ok":true,"clim_C":9.44,"anom_C":0.07,"partial":false},{"month":"2013-07","mean_C":9.47,"n":30,"ok":true,"clim_C":9.63,"anom_C":-0.16,"partial":false},{"month":"2013-08","mean_C":9.62,"n":31,"ok":true,"clim_C":10.16,"anom_C":-0.54,"partial":false},{"month":"2013-09","mean_C":11.36,"n":30,"ok":true,"clim_C":10.71,"anom_C":0.65,"partial":false},{"month":"2013-10","mean_C":11.19,"n":29,"ok":true,"clim_C":11.49,"anom_C":-0.3,"partial":false},{"month":"2013-11","mean_C":8.73,"n":30,"ok":true,"clim_C":11.03,"anom_C":-2.3,"partial":false},{"month":"2013-12","mean_C":7.79,"n":26,"ok":true,"clim_C":9.69,"anom_C":-1.9,"partial":false},{"month":"2014-01","mean_C":7.76,"n":30,"ok":true,"clim_C":8.84,"anom_C":-1.07,"partial":false},{"month":"2014-02","mean_C":7.58,"n":28,"ok":true,"clim_C":8.51,"anom_C":-0.93,"partial":false},{"month":"2014-03","mean_C":8.35,"n":31,"ok":true,"clim_C":8.47,"anom_C":-0.12,"partial":false},{"month":"2014-04","mean_C":8.75,"n":30,"ok":true,"clim_C":8.8,"anom_C":-0.05,"partial":false},{"month":"2014-05","mean_C":9.35,"n":31,"ok":true,"clim_C":9.1,"anom_C":0.25,"partial":false},{"month":"2014-06","mean_C":9.17,"n":29,"ok":true,"clim_C":9.44,"anom_C":-0.27,"partial":false},{"month":"2014-07","mean_C":9.86,"n":29,"ok":true,"clim_C":9.63,"anom_C":0.23,"partial":false},{"month":"2014-08","mean_C":10.03,"n":31,"ok":true,"clim_C":10.16,"anom_C":-0.13,"partial":false},{"month":"2014-09","mean_C":11.1,"n":30,"ok":true,"clim_C":10.71,"anom_C":0.4,"partial":false},{"month":"2014-10","mean_C":13.08,"n":31,"ok":true,"clim_C":11.49,"anom_C":1.59,"partial":false},{"month":"2014-11","mean_C":12.99,"n":30,"ok":true,"clim_C":11.03,"anom_C":1.96,"partial":false},{"month":"2014-12","mean_C":11.2,"n":31,"ok":true,"clim_C":9.69,"anom_C":1.51,"partial":false},{"month":"2015-01","mean_C":9.84,"n":31,"ok":true,"clim_C":8.84,"anom_C":1.0,"partial":false},{"month":"2015-02","mean_C":10.03,"n":28,"ok":true,"clim_C":8.51,"anom_C":1.52,"partial":false},{"month":"2015-03","mean_C":9.66,"n":19,"ok":true,"clim_C":8.47,"anom_C":1.19,"partial":false},{"month":"2015-04","mean_C":null,"n":0,"ok":false,"clim_C":8.8,"anom_C":null,"partial":false},{"month":"2015-05","mean_C":null,"n":5,"ok":false,"clim_C":9.1,"anom_C":null,"partial":false},{"month":"2015-06","mean_C":null,"n":5,"ok":false,"clim_C":9.44,"anom_C":null,"partial":false},{"month":"2015-07","mean_C":null,"n":11,"ok":false,"clim_C":9.63,"anom_C":null,"partial":false},{"month":"2015-08","mean_C":10.73,"n":31,"ok":true,"clim_C":10.16,"anom_C":0.57,"partial":false},{"month":"2015-09","mean_C":11.89,"n":30,"ok":true,"clim_C":10.71,"anom_C":1.18,"partial":false},{"month":"2015-10","mean_C":12.19,"n":31,"ok":true,"clim_C":11.49,"anom_C":0.7,"partial":false},{"month":"2015-11","mean_C":11.97,"n":30,"ok":true,"clim_C":11.03,"anom_C":0.94,"partial":false},{"month":"2015-12","mean_C":10.24,"n":29,"ok":true,"clim_C":9.69,"anom_C":0.55,"partial":false},{"month":"2016-01","mean_C":9.18,"n":31,"ok":true,"clim_C":8.84,"anom_C":0.34,"partial":false},{"month":"2016-02","mean_C":9.76,"n":29,"ok":true,"clim_C":8.51,"anom_C":1.25,"partial":false},{"month":"2016-03","mean_C":10.03,"n":31,"ok":true,"clim_C":8.47,"anom_C":1.56,"partial":false},{"month":"2016-04","mean_C":9.97,"n":28,"ok":true,"clim_C":8.8,"anom_C":1.17,"partial":false},{"month":"2016-05","mean_C":9.61,"n":27,"ok":true,"clim_C":9.1,"anom_C":0.51,"partial":false},{"month":"2016-06","mean_C":9.72,"n":30,"ok":true,"clim_C":9.44,"anom_C":0.29,"partial":false},{"month":"2016-07","mean_C":9.87,"n":31,"ok":true,"clim_C":9.63,"anom_C":0.24,"partial":false},{"month":"2016-08","mean_C":10.26,"n":30,"ok":true,"clim_C":10.16,"anom_C":0.1,"partial":false},{"month":"2016-09","mean_C":10.52,"n":30,"ok":true,"clim_C":10.71,"anom_C":-0.18,"partial":false},{"month":"2016-10","mean_C":11.86,"n":31,"ok":true,"clim_C":11.49,"anom_C":0.36,"partial":false},{"month":"2016-11","mean_C":12.65,"n":28,"ok":true,"clim_C":11.03,"anom_C":1.61,"partial":false},{"month":"2016-12","mean_C":10.16,"n":31,"ok":true,"clim_C":9.69,"anom_C":0.47,"partial":false},{"month":"2017-01","mean_C":8.39,"n":31,"ok":true,"clim_C":8.84,"anom_C":-0.45,"partial":false},{"month":"2017-02","mean_C":8.13,"n":28,"ok":true,"clim_C":8.51,"anom_C":-0.38,"partial":false},{"month":"2017-03","mean_C":8.62,"n":28,"ok":true,"clim_C":8.47,"anom_C":0.15,"partial":false},{"month":"2017-04","mean_C":9.31,"n":30,"ok":true,"clim_C":8.8,"anom_C":0.51,"partial":false},{"month":"2017-05","mean_C":9.39,"n":24,"ok":true,"clim_C":9.1,"anom_C":0.29,"partial":false},{"month":"2017-06","mean_C":null,"n":0,"ok":false,"clim_C":9.44,"anom_C":null,"partial":false},{"month":"2017-07","mean_C":null,"n":0,"ok":false,"clim_C":9.63,"anom_C":null,"partial":false},{"month":"2017-08","mean_C":null,"n":0,"ok":false,"clim_C":10.16,"anom_C":null,"partial":false},{"month":"2017-09","mean_C":null,"n":0,"ok":false,"clim_C":10.71,"anom_C":null,"partial":false},{"month":"2017-10","mean_C":null,"n":0,"ok":false,"clim_C":11.49,"anom_C":null,"partial":false},{"month":"2017-11","mean_C":null,"n":0,"ok":false,"clim_C":11.03,"anom_C":null,"partial":false},{"month":"2017-12","mean_C":null,"n":0,"ok":false,"clim_C":9.69,"anom_C":null,"partial":false},{"month":"2018-01","mean_C":null,"n":0,"ok":false,"clim_C":8.84,"anom_C":null,"partial":false},{"month":"2018-02","mean_C":null,"n":0,"ok":false,"clim_C":8.51,"anom_C":null,"partial":false},{"month":"2018-03","mean_C":null,"n":0,"ok":false,"clim_C":8.47,"anom_C":null,"partial":false},{"month":"2018-04","mean_C":null,"n":0,"ok":false,"clim_C":8.8,"anom_C":null,"partial":false},{"month":"2018-05","mean_C":null,"n":0,"ok":false,"clim_C":9.1,"anom_C":null,"partial":false},{"month":"2018-06","mean_C":null,"n":0,"ok":false,"clim_C":9.44,"anom_C":null,"partial":false},{"month":"2018-07","mean_C":null,"n":0,"ok":false,"clim_C":9.63,"anom_C":null,"partial":false},{"month":"2018-08","mean_C":null,"n":0,"ok":false,"clim_C":10.16,"anom_C":null,"partial":false},{"month":"2018-09","mean_C":null,"n":0,"ok":false,"clim_C":10.71,"anom_C":null,"partial":false},{"month":"2018-10","mean_C":null,"n":0,"ok":false,"clim_C":11.49,"anom_C":null,"partial":false},{"month":"2018-11","mean_C":null,"n":0,"ok":false,"clim_C":11.03,"anom_C":null,"partial":false},{"month":"2018-12","mean_C":null,"n":0,"ok":false,"clim_C":9.69,"anom_C":null,"partial":false},{"month":"2019-01","mean_C":null,"n":0,"ok":false,"clim_C":8.84,"anom_C":null,"partial":false},{"month":"2019-02","mean_C":null,"n":0,"ok":false,"clim_C":8.51,"anom_C":null,"partial":false},{"month":"2019-03","mean_C":null,"n":0,"ok":false,"clim_C":8.47,"anom_C":null,"partial":false},{"month":"2019-04","mean_C":null,"n":0,"ok":false,"clim_C":8.8,"anom_C":null,"partial":false},{"month":"2019-05","mean_C":null,"n":0,"ok":false,"clim_C":9.1,"anom_C":null,"partial":false},{"month":"2019-06","mean_C":null,"n":0,"ok":false,"clim_C":9.44,"anom_C":null,"partial":false},{"month":"2019-07","mean_C":null,"n":0,"ok":false,"clim_C":9.63,"anom_C":null,"partial":false},{"month":"2019-08","mean_C":null,"n":0,"ok":false,"clim_C":10.16,"anom_C":null,"partial":false},{"month":"2019-09","mean_C":null,"n":0,"ok":false,"clim_C":10.71,"anom_C":null,"partial":false},{"month":"2019-10","mean_C":10.83,"n":21,"ok":true,"clim_C":11.49,"anom_C":-0.67,"partial":false},{"month":"2019-11","mean_C":9.67,"n":30,"ok":true,"clim_C":11.03,"anom_C":-1.36,"partial":false},{"month":"2019-12","mean_C":8.82,"n":31,"ok":true,"clim_C":9.69,"anom_C":-0.87,"partial":false},{"month":"2020-01","mean_C":8.83,"n":31,"ok":true,"clim_C":8.84,"anom_C":-0.0,"partial":false},{"month":"2020-02","mean_C":8.8,"n":29,"ok":true,"clim_C":8.51,"anom_C":0.29,"partial":false},{"month":"2020-03","mean_C":8.02,"n":31,"ok":true,"clim_C":8.47,"anom_C":-0.45,"partial":false},{"month":"2020-04","mean_C":8.48,"n":30,"ok":true,"clim_C":8.8,"anom_C":-0.32,"partial":false},{"month":"2020-05","mean_C":10.06,"n":30,"ok":true,"clim_C":9.1,"anom_C":0.96,"partial":false},{"month":"2020-06","mean_C":9.69,"n":30,"ok":true,"clim_C":9.44,"anom_C":0.26,"partial":false},{"month":"2020-07","mean_C":9.68,"n":30,"ok":true,"clim_C":9.63,"anom_C":0.05,"partial":false},{"month":"2020-08","mean_C":10.2,"n":31,"ok":true,"clim_C":10.16,"anom_C":0.04,"partial":false},{"month":"2020-09","mean_C":10.82,"n":29,"ok":true,"clim_C":10.71,"anom_C":0.11,"partial":false},{"month":"2020-10","mean_C":11.09,"n":30,"ok":true,"clim_C":11.49,"anom_C":-0.4,"partial":false},{"month":"2020-11","mean_C":9.97,"n":30,"ok":true,"clim_C":11.03,"anom_C":-1.06,"partial":false},{"month":"2020-12","mean_C":9.06,"n":29,"ok":true,"clim_C":9.69,"anom_C":-0.63,"partial":false},{"month":"2021-01","mean_C":9.08,"n":31,"ok":true,"clim_C":8.84,"anom_C":0.24,"partial":false},{"month":"2021-02","mean_C":8.25,"n":26,"ok":true,"clim_C":8.51,"anom_C":-0.26,"partial":false},{"month":"2021-03","mean_C":8.12,"n":30,"ok":true,"clim_C":8.47,"anom_C":-0.35,"partial":false},{"month":"2021-04","mean_C":8.28,"n":26,"ok":true,"clim_C":8.8,"anom_C":-0.52,"partial":false},{"month":"2021-05","mean_C":8.73,"n":31,"ok":true,"clim_C":9.1,"anom_C":-0.38,"partial":false},{"month":"2021-06","mean_C":9.6,"n":30,"ok":true,"clim_C":9.44,"anom_C":0.16,"partial":false},{"month":"2021-07","mean_C":9.67,"n":31,"ok":true,"clim_C":9.63,"anom_C":0.04,"partial":false},{"month":"2021-08","mean_C":10.09,"n":31,"ok":true,"clim_C":10.16,"anom_C":-0.07,"partial":false},{"month":"2021-09","mean_C":10.36,"n":28,"ok":true,"clim_C":10.71,"anom_C":-0.35,"partial":false},{"month":"2021-10","mean_C":11.51,"n":31,"ok":true,"clim_C":11.49,"anom_C":0.02,"partial":false},{"month":"2021-11","mean_C":11.4,"n":30,"ok":true,"clim_C":11.03,"anom_C":0.36,"partial":false},{"month":"2021-12","mean_C":9.67,"n":31,"ok":true,"clim_C":9.69,"anom_C":-0.01,"partial":false},{"month":"2022-01","mean_C":8.35,"n":31,"ok":true,"clim_C":8.84,"anom_C":-0.48,"partial":false},{"month":"2022-02","mean_C":8.13,"n":28,"ok":true,"clim_C":8.51,"anom_C":-0.38,"partial":false},{"month":"2022-03","mean_C":8.13,"n":31,"ok":true,"clim_C":8.47,"anom_C":-0.34,"partial":false},{"month":"2022-04","mean_C":8.34,"n":27,"ok":true,"clim_C":8.8,"anom_C":-0.46,"partial":false},{"month":"2022-05","mean_C":8.98,"n":31,"ok":true,"clim_C":9.1,"anom_C":-0.12,"partial":false},{"month":"2022-06","mean_C":9.51,"n":29,"ok":true,"clim_C":9.44,"anom_C":0.07,"partial":false},{"month":"2022-07","mean_C":9.58,"n":31,"ok":true,"clim_C":9.63,"anom_C":-0.05,"partial":false},{"month":"2022-08","mean_C":10.26,"n":31,"ok":true,"clim_C":10.16,"anom_C":0.11,"partial":false},{"month":"2022-09","mean_C":10.31,"n":30,"ok":true,"clim_C":10.71,"anom_C":-0.4,"partial":false},{"month":"2022-10","mean_C":10.02,"n":31,"ok":true,"clim_C":11.49,"anom_C":-1.47,"partial":false},{"month":"2022-11","mean_C":9.7,"n":30,"ok":true,"clim_C":11.03,"anom_C":-1.33,"partial":false},{"month":"2022-12","mean_C":8.71,"n":31,"ok":true,"clim_C":9.69,"anom_C":-0.98,"partial":false},{"month":"2023-01","mean_C":8.96,"n":31,"ok":true,"clim_C":8.84,"anom_C":0.12,"partial":false},{"month":"2023-02","mean_C":8.38,"n":28,"ok":true,"clim_C":8.51,"anom_C":-0.13,"partial":false},{"month":"2023-03","mean_C":7.76,"n":31,"ok":true,"clim_C":8.47,"anom_C":-0.71,"partial":false},{"month":"2023-04","mean_C":8.52,"n":30,"ok":true,"clim_C":8.8,"anom_C":-0.28,"partial":false},{"month":"2023-05","mean_C":8.81,"n":31,"ok":true,"clim_C":9.1,"anom_C":-0.29,"partial":false},{"month":"2023-06","mean_C":9.34,"n":30,"ok":true,"clim_C":9.44,"anom_C":-0.1,"partial":false},{"month":"2023-07","mean_C":9.69,"n":31,"ok":true,"clim_C":9.63,"anom_C":0.05,"partial":false},{"month":"2023-08","mean_C":10.59,"n":31,"ok":true,"clim_C":10.16,"anom_C":0.43,"partial":false},{"month":"2023-09","mean_C":10.77,"n":30,"ok":true,"clim_C":10.71,"anom_C":0.06,"partial":false},{"month":"2023-10","mean_C":12.79,"n":31,"ok":true,"clim_C":11.49,"anom_C":1.3,"partial":false},{"month":"2023-11","mean_C":11.76,"n":30,"ok":true,"clim_C":11.03,"anom_C":0.73,"partial":false},{"month":"2023-12","mean_C":null,"n":6,"ok":false,"clim_C":9.69,"anom_C":null,"partial":false},{"month":"2024-01","mean_C":null,"n":0,"ok":false,"clim_C":8.84,"anom_C":null,"partial":false},{"month":"2024-02","mean_C":null,"n":0,"ok":false,"clim_C":8.51,"anom_C":null,"partial":false},{"month":"2024-03","mean_C":null,"n":0,"ok":false,"clim_C":8.47,"anom_C":null,"partial":false},{"month":"2024-04","mean_C":9.51,"n":19,"ok":true,"clim_C":8.8,"anom_C":0.71,"partial":false},{"month":"2024-05","mean_C":8.98,"n":31,"ok":true,"clim_C":9.1,"anom_C":-0.12,"partial":false},{"month":"2024-06","mean_C":9.34,"n":30,"ok":true,"clim_C":9.44,"anom_C":-0.1,"partial":false},{"month":"2024-07","mean_C":9.56,"n":30,"ok":true,"clim_C":9.63,"anom_C":-0.08,"partial":false},{"month":"2024-08","mean_C":10.13,"n":31,"ok":true,"clim_C":10.16,"anom_C":-0.03,"partial":false},{"month":"2024-09","mean_C":10.33,"n":30,"ok":true,"clim_C":10.71,"anom_C":-0.37,"partial":false},{"month":"2024-10","mean_C":10.34,"n":31,"ok":true,"clim_C":11.49,"anom_C":-1.16,"partial":false},{"month":"2024-11","mean_C":10.91,"n":30,"ok":true,"clim_C":11.03,"anom_C":-0.12,"partial":false},{"month":"2024-12","mean_C":10.18,"n":31,"ok":true,"clim_C":9.69,"anom_C":0.49,"partial":false},{"month":"2025-01","mean_C":9.39,"n":31,"ok":true,"clim_C":8.84,"anom_C":0.55,"partial":false},{"month":"2025-02","mean_C":7.96,"n":28,"ok":true,"clim_C":8.51,"anom_C":-0.55,"partial":false},{"month":"2025-03","mean_C":8.71,"n":31,"ok":true,"clim_C":8.47,"anom_C":0.24,"partial":false},{"month":"2025-04","mean_C":9.13,"n":30,"ok":true,"clim_C":8.8,"anom_C":0.33,"partial":false},{"month":"2025-05","mean_C":8.96,"n":30,"ok":true,"clim_C":9.1,"anom_C":-0.15,"partial":false},{"month":"2025-06","mean_C":9.2,"n":30,"ok":true,"clim_C":9.44,"anom_C":-0.24,"partial":false},{"month":"2025-07","mean_C":9.34,"n":31,"ok":true,"clim_C":9.63,"anom_C":-0.3,"partial":false},{"month":"2025-08","mean_C":10.17,"n":31,"ok":true,"clim_C":10.16,"anom_C":0.01,"partial":false},{"month":"2025-09","mean_C":10.52,"n":28,"ok":true,"clim_C":10.71,"anom_C":-0.18,"partial":false},{"month":"2025-10","mean_C":11.52,"n":31,"ok":true,"clim_C":11.49,"anom_C":0.03,"partial":false},{"month":"2025-11","mean_C":11.66,"n":30,"ok":true,"clim_C":11.03,"anom_C":0.63,"partial":false},{"month":"2025-12","mean_C":10.8,"n":30,"ok":true,"clim_C":9.69,"anom_C":1.11,"partial":false},{"month":"2026-01","mean_C":9.73,"n":31,"ok":true,"clim_C":8.84,"anom_C":0.9,"partial":false},{"month":"2026-02","mean_C":9.43,"n":28,"ok":true,"clim_C":8.51,"anom_C":0.92,"partial":false},{"month":"2026-03","mean_C":9.31,"n":31,"ok":true,"clim_C":8.47,"anom_C":0.84,"partial":false},{"month":"2026-04","mean_C":8.97,"n":26,"ok":true,"clim_C":8.8,"anom_C":0.17,"partial":false},{"month":"2026-05","mean_C":9.25,"n":31,"ok":true,"clim_C":9.1,"anom_C":0.14,"partial":false},{"month":"2026-06","mean_C":9.8,"n":30,"ok":true,"clim_C":9.44,"anom_C":0.37,"partial":false},{"month":"2026-07","mean_C":10.0,"n":31,"ok":true,"clim_C":9.63,"anom_C":0.37,"partial":false},{"month":"2026-08","mean_C":null,"n":10,"ok":false,"clim_C":10.16,"anom_C":null,"partial":true}],"climatology":[{"calendar_month":1,"clim_C":8.84,"std_C":0.65,"n_years":12},{"calendar_month":2,"clim_C":8.51,"std_C":0.77,"n_years":13},{"calendar_month":3,"clim_C":8.47,"std_C":0.77,"n_years":13},{"calendar_month":4,"clim_C":8.8,"std_C":0.58,"n_years":12},{"calendar_month":5,"clim_C":9.1,"std_C":0.45,"n_years":12},{"calendar_month":6,"clim_C":9.44,"std_C":0.27,"n_years":11},{"calendar_month":7,"clim_C":9.63,"std_C":0.23,"n_years":11},{"calendar_month":8,"clim_C":10.16,"std_C":0.33,"n_years":11},{"calendar_month":9,"clim_C":10.71,"std_C":0.58,"n_years":11},{"calendar_month":10,"clim_C":11.49,"std_C":0.95,"n_years":11},{"calendar_month":11,"clim_C":11.03,"std_C":1.29,"n_years":12},{"calendar_month":12,"clim_C":9.69,"std_C":0.96,"n_years":12}],"anomaly_thresholds":{"90":0.94,"95":1.25,"99":1.6}},{"key":"deep","label":"Folger Deep (98 m)","depth_m":96.5,"color":"#1baf7a","record":"2016-01 to 2026-07","n_days":3462,"daily":[{"date":"2016-01-01","value_C":10.65},{"date":"2016-01-08","value_C":10.42},{"date":"2016-01-15","value_C":10.04},{"date":"2016-01-22","value_C":10.27},{"date":"2016-01-29","value_C":10.17},{"date":"2016-02-05","value_C":10.34},{"date":"2016-02-12","value_C":10.13},{"date":"2016-02-19","value_C":10.13},{"date":"2016-02-26","value_C":10.29},{"date":"2016-03-04","value_C":10.09},{"date":"2016-03-11","value_C":10.16},{"date":"2016-03-18","value_C":10.48},{"date":"2016-03-25","value_C":10.44},{"date":"2016-04-01","value_C":10.37},{"date":"2016-04-08","value_C":10.36},{"date":"2016-04-15","value_C":9.35},{"date":"2016-04-22","value_C":9.45},{"date":"2016-04-29","value_C":9.38},{"date":"2016-05-06","value_C":9.34},{"date":"2016-05-16","value_C":8.57},{"date":"2016-05-23","value_C":8.61},{"date":"2016-05-30","value_C":8.47},{"date":"2016-06-06","value_C":8.32},{"date":"2016-06-13","value_C":8.25},{"date":"2016-06-20","value_C":8.22},{"date":"2016-06-27","value_C":8.2},{"date":"2016-07-04","value_C":8.25},{"date":"2016-07-11","value_C":8.21},{"date":"2016-07-18","value_C":8.27},{"date":"2016-07-25","value_C":8.16},{"date":"2016-08-01","value_C":8.34},{"date":"2016-08-08","value_C":8.06},{"date":"2016-08-15","value_C":7.9},{"date":"2016-08-22","value_C":7.9},{"date":"2016-08-29","value_C":8.01},{"date":"2016-09-05","value_C":7.97},{"date":"2016-09-12","value_C":7.9},{"date":"2016-09-19","value_C":7.96},{"date":"2016-09-26","value_C":8.29},{"date":"2016-10-03","value_C":8.37},{"date":"2016-10-10","value_C":8.64},{"date":"2016-10-17","value_C":9.4},{"date":"2016-10-24","value_C":10.08},{"date":"2016-10-31","value_C":10.39},{"date":"2016-11-07","value_C":10.94},{"date":"2016-11-14","value_C":11.18},{"date":"2016-11-21","value_C":11.93},{"date":"2016-11-28","value_C":11.86},{"date":"2016-12-05","value_C":11.99},{"date":"2016-12-12","value_C":12.02},{"date":"2016-12-19","value_C":11.15},{"date":"2016-12-26","value_C":10.34},{"date":"2017-01-02","value_C":9.81},{"date":"2017-01-09","value_C":9.87},{"date":"2017-01-16","value_C":9.5},{"date":"2017-01-23","value_C":9.46},{"date":"2017-01-30","value_C":9.5},{"date":"2017-02-06","value_C":9.25},{"date":"2017-02-13","value_C":8.88},{"date":"2017-02-20","value_C":9.24},{"date":"2017-02-27","value_C":8.94},{"date":"2017-03-06","value_C":8.95},{"date":"2017-03-13","value_C":8.71},{"date":"2017-03-20","value_C":9.23},{"date":"2017-03-27","value_C":9.16},{"date":"2017-04-03","value_C":9.31},{"date":"2017-04-10","value_C":9.12},{"date":"2017-04-17","value_C":9.35},{"date":"2017-04-24","value_C":9.39},{"date":"2017-05-02","value_C":9.53},{"date":"2017-05-09","value_C":9.58},{"date":"2017-05-16","value_C":9.17},{"date":"2017-05-23","value_C":9.01},{"date":"2017-05-30","value_C":8.61},{"date":"2017-06-06","value_C":8.5},{"date":"2017-06-13","value_C":8.53},{"date":"2017-06-20","value_C":8.76},{"date":"2017-06-27","value_C":8.42},{"date":"2017-07-04","value_C":8.32},{"date":"2017-07-14","value_C":8.17},{"date":"2017-07-21","value_C":8.23},{"date":"2017-07-28","value_C":8.13},{"date":"2017-08-04","value_C":8.37},{"date":"2017-08-11","value_C":8.29},{"date":"2017-08-18","value_C":8.31},{"date":"2017-08-25","value_C":8.27},{"date":"2017-09-01","value_C":8.36},{"date":"2017-09-08","value_C":8.29},{"date":"2017-09-15","value_C":8.56},{"date":"2017-09-22","value_C":8.51},{"date":"2017-09-29","value_C":8.6},{"date":"2017-10-06","value_C":8.54},{"date":"2017-10-13","value_C":8.51},{"date":"2017-10-20","value_C":8.71},{"date":"2017-10-27","value_C":8.84},{"date":"2017-11-03","value_C":9.03},{"date":"2017-11-10","value_C":9.04},{"date":"2017-11-17","value_C":9.48},{"date":"2017-11-24","value_C":9.59},{"date":"2017-12-01","value_C":9.88},{"date":"2017-12-08","value_C":10.33},{"date":"2017-12-15","value_C":10.09},{"date":"2017-12-22","value_C":9.72},{"date":"2017-12-29","value_C":9.53},{"date":"2018-01-05","value_C":9.31},{"date":"2018-01-12","value_C":9.63},{"date":"2018-01-13","value_C":null},{"date":"2018-07-02","value_C":8.19},{"date":"2018-07-09","value_C":8.31},{"date":"2018-07-16","value_C":8.32},{"date":"2018-07-23","value_C":8.37},{"date":"2018-07-30","value_C":7.97},{"date":"2018-08-06","value_C":8.12},{"date":"2018-08-13","value_C":8.15},{"date":"2018-08-20","value_C":8.26},{"date":"2018-08-27","value_C":8.32},{"date":"2018-09-03","value_C":8.22},{"date":"2018-09-10","value_C":8.39},{"date":"2018-09-17","value_C":8.46},{"date":"2018-09-24","value_C":8.49},{"date":"2018-10-01","value_C":8.6},{"date":"2018-10-08","value_C":8.73},{"date":"2018-10-15","value_C":8.87},{"date":"2018-10-22","value_C":8.62},{"date":"2018-10-29","value_C":8.96},{"date":"2018-11-05","value_C":9.39},{"date":"2018-11-12","value_C":8.96},{"date":"2018-11-19","value_C":9.29},{"date":"2018-11-26","value_C":9.33},{"date":"2018-12-03","value_C":9.52},{"date":"2018-12-10","value_C":9.56},{"date":"2018-12-17","value_C":9.96},{"date":"2018-12-25","value_C":10.05},{"date":"2019-01-01","value_C":10.18},{"date":"2019-01-08","value_C":10.02},{"date":"2019-01-15","value_C":10.04},{"date":"2019-01-22","value_C":9.93},{"date":"2019-01-29","value_C":10.19},{"date":"2019-02-05","value_C":9.96},{"date":"2019-02-12","value_C":9.46},{"date":"2019-02-19","value_C":9.33},{"date":"2019-02-26","value_C":9.65},{"date":"2019-03-05","value_C":9.55},{"date":"2019-03-12","value_C":9.41},{"date":"2019-03-19","value_C":9.16},{"date":"2019-03-26","value_C":8.88},{"date":"2019-04-02","value_C":8.72},{"date":"2019-04-09","value_C":9.11},{"date":"2019-04-16","value_C":9.19},{"date":"2019-04-23","value_C":9.17},{"date":"2019-04-30","value_C":8.68},{"date":"2019-05-07","value_C":8.6},{"date":"2019-05-14","value_C":8.37},{"date":"2019-05-21","value_C":8.44},{"date":"2019-05-28","value_C":8.52},{"date":"2019-06-04","value_C":8.55},{"date":"2019-06-11","value_C":8.2},{"date":"2019-06-18","value_C":8.23},{"date":"2019-06-25","value_C":8.12},{"date":"2019-07-02","value_C":8.22},{"date":"2019-07-09","value_C":8.24},{"date":"2019-07-16","value_C":8.38},{"date":"2019-07-23","value_C":8.34},{"date":"2019-07-30","value_C":8.44},{"date":"2019-08-06","value_C":8.46},{"date":"2019-08-13","value_C":8.54},{"date":"2019-08-20","value_C":8.45},{"date":"2019-08-27","value_C":8.55},{"date":"2019-09-03","value_C":8.62},{"date":"2019-09-10","value_C":8.78},{"date":"2019-09-17","value_C":8.84},{"date":"2019-09-18","value_C":null},{"date":"2020-03-09","value_C":8.45},{"date":"2020-03-16","value_C":8.22},{"date":"2020-03-23","value_C":8.27},{"date":"2020-03-30","value_C":8.33},{"date":"2020-04-06","value_C":8.04},{"date":"2020-04-13","value_C":7.98},{"date":"2020-04-20","value_C":7.88},{"date":"2020-04-27","value_C":7.97},{"date":"2020-05-04","value_C":8.17},{"date":"2020-05-11","value_C":8.35},{"date":"2020-05-18","value_C":8.41},{"date":"2020-05-25","value_C":8.51},{"date":"2020-06-01","value_C":8.33},{"date":"2020-06-08","value_C":8.26},{"date":"2020-06-15","value_C":8.27},{"date":"2020-06-22","value_C":8.39},{"date":"2020-06-29","value_C":8.16},{"date":"2020-07-06","value_C":8.26},{"date":"2020-07-13","value_C":8.05},{"date":"2020-07-20","value_C":8.05},{"date":"2020-07-27","value_C":7.86},{"date":"2020-08-03","value_C":7.94},{"date":"2020-08-10","value_C":7.93},{"date":"2020-08-17","value_C":7.91},{"date":"2020-08-24","value_C":7.96},{"date":"2020-08-31","value_C":7.92},{"date":"2020-09-07","value_C":7.83},{"date":"2020-09-14","value_C":7.77},{"date":"2020-09-21","value_C":8.09},{"date":"2020-09-28","value_C":8.35},{"date":"2020-10-05","value_C":8.44},{"date":"2020-10-12","value_C":8.57},{"date":"2020-10-19","value_C":8.77},{"date":"2020-10-26","value_C":8.57},{"date":"2020-11-02","value_C":8.68},{"date":"2020-11-09","value_C":8.88},{"date":"2020-11-16","value_C":8.62},{"date":"2020-11-23","value_C":9.03},{"date":"2020-11-30","value_C":8.98},{"date":"2020-12-07","value_C":8.84},{"date":"2020-12-14","value_C":8.88},{"date":"2020-12-21","value_C":9.05},{"date":"2020-12-28","value_C":8.87},{"date":"2021-01-04","value_C":9.48},{"date":"2021-01-11","value_C":9.25},{"date":"2021-01-18","value_C":9.57},{"date":"2021-01-25","value_C":9.75},{"date":"2021-02-01","value_C":9.37},{"date":"2021-02-08","value_C":9.43},{"date":"2021-02-15","value_C":9.3},{"date":"2021-02-22","value_C":9.15},{"date":"2021-03-02","value_C":8.45},{"date":"2021-03-09","value_C":8.46},{"date":"2021-03-16","value_C":8.29},{"date":"2021-03-23","value_C":8.22},{"date":"2021-03-30","value_C":8.0},{"date":"2021-04-06","value_C":7.85},{"date":"2021-04-13","value_C":7.72},{"date":"2021-04-20","value_C":7.73},{"date":"2021-04-27","value_C":7.69},{"date":"2021-05-04","value_C":7.7},{"date":"2021-05-11","value_C":7.79},{"date":"2021-05-18","value_C":7.63},{"date":"2021-05-25","value_C":7.63},{"date":"2021-06-01","value_C":7.66},{"date":"2021-06-08","value_C":7.79},{"date":"2021-06-15","value_C":7.92},{"date":"2021-06-22","value_C":8.09},{"date":"2021-06-29","value_C":8.04},{"date":"2021-07-06","value_C":8.07},{"date":"2021-07-13","value_C":7.89},{"date":"2021-07-20","value_C":7.87},{"date":"2021-07-27","value_C":7.82},{"date":"2021-08-03","value_C":7.94},{"date":"2021-08-10","value_C":8.01},{"date":"2021-08-17","value_C":8.07},{"date":"2021-08-24","value_C":8.18},{"date":"2021-08-31","value_C":7.99},{"date":"2021-09-07","value_C":7.97},{"date":"2021-09-14","value_C":7.98},{"date":"2021-09-21","value_C":8.19},{"date":"2021-09-28","value_C":8.29},{"date":"2021-10-05","value_C":8.53},{"date":"2021-10-12","value_C":8.72},{"date":"2021-10-19","value_C":8.91},{"date":"2021-10-26","value_C":9.48},{"date":"2021-11-02","value_C":9.59},{"date":"2021-11-09","value_C":9.96},{"date":"2021-11-16","value_C":10.82},{"date":"2021-11-23","value_C":10.95},{"date":"2021-11-30","value_C":10.85},{"date":"2021-12-07","value_C":10.27},{"date":"2021-12-14","value_C":9.63},{"date":"2021-12-21","value_C":10.17},{"date":"2021-12-28","value_C":10.09},{"date":"2022-01-04","value_C":9.04},{"date":"2022-01-11","value_C":9.5},{"date":"2022-01-18","value_C":9.17},{"date":"2022-01-25","value_C":9.39},{"date":"2022-02-01","value_C":8.87},{"date":"2022-02-08","value_C":8.7},{"date":"2022-02-15","value_C":8.74},{"date":"2022-02-22","value_C":8.27},{"date":"2022-03-01","value_C":8.17},{"date":"2022-03-08","value_C":8.19},{"date":"2022-03-15","value_C":8.3},{"date":"2022-03-22","value_C":8.44},{"date":"2022-03-29","value_C":7.98},{"date":"2022-04-05","value_C":7.97},{"date":"2022-04-12","value_C":7.86},{"date":"2022-04-19","value_C":7.89},{"date":"2022-04-26","value_C":7.98},{"date":"2022-05-03","value_C":7.92},{"date":"2022-05-10","value_C":7.91},{"date":"2022-05-17","value_C":8.04},{"date":"2022-05-24","value_C":8.07},{"date":"2022-05-31","value_C":7.95},{"date":"2022-06-07","value_C":7.9},{"date":"2022-06-15","value_C":7.97},{"date":"2022-06-22","value_C":7.99},{"date":"2022-06-29","value_C":8.03},{"date":"2022-07-06","value_C":7.97},{"date":"2022-07-13","value_C":7.95},{"date":"2022-07-20","value_C":7.91},{"date":"2022-07-27","value_C":8.01},{"date":"2022-08-07","value_C":7.93},{"date":"2022-08-14","value_C":8.06},{"date":"2022-08-21","value_C":8.0},{"date":"2022-08-28","value_C":7.96},{"date":"2022-09-04","value_C":8.05},{"date":"2022-09-11","value_C":8.14},{"date":"2022-09-18","value_C":8.25},{"date":"2022-09-25","value_C":8.19},{"date":"2022-10-02","value_C":8.19},{"date":"2022-10-09","value_C":8.36},{"date":"2022-10-16","value_C":8.35},{"date":"2022-10-23","value_C":8.48},{"date":"2022-10-30","value_C":8.64},{"date":"2022-11-06","value_C":8.87},{"date":"2022-11-13","value_C":8.84},{"date":"2022-11-20","value_C":8.78},{"date":"2022-11-27","value_C":8.87},{"date":"2022-12-04","value_C":8.99},{"date":"2022-12-11","value_C":8.99},{"date":"2022-12-18","value_C":8.84},{"date":"2022-12-25","value_C":9.07},{"date":"2023-01-01","value_C":8.91},{"date":"2023-01-08","value_C":8.83},{"date":"2023-01-15","value_C":9.12},{"date":"2023-01-22","value_C":9.24},{"date":"2023-01-29","value_C":9.55},{"date":"2023-02-05","value_C":9.06},{"date":"2023-02-12","value_C":9.0},{"date":"2023-02-19","value_C":8.79},{"date":"2023-02-26","value_C":8.67},{"date":"2023-03-05","value_C":8.38},{"date":"2023-03-12","value_C":8.65},{"date":"2023-03-19","value_C":8.34},{"date":"2023-03-26","value_C":8.06},{"date":"2023-04-02","value_C":7.82},{"date":"2023-04-09","value_C":8.22},{"date":"2023-04-16","value_C":8.39},{"date":"2023-04-23","value_C":8.38},{"date":"2023-04-30","value_C":8.39},{"date":"2023-05-07","value_C":8.43},{"date":"2023-05-14","value_C":8.24},{"date":"2023-05-21","value_C":8.22},{"date":"2023-05-28","value_C":8.27},{"date":"2023-06-04","value_C":8.21},{"date":"2023-06-11","value_C":8.07},{"date":"2023-06-18","value_C":8.12},{"date":"2023-06-25","value_C":8.13},{"date":"2023-07-02","value_C":7.95},{"date":"2023-07-09","value_C":8.06},{"date":"2023-07-16","value_C":8.2},{"date":"2023-07-23","value_C":8.25},{"date":"2023-07-30","value_C":8.3},{"date":"2023-08-06","value_C":8.53},{"date":"2023-08-13","value_C":8.63},{"date":"2023-08-20","value_C":8.67},{"date":"2023-08-27","value_C":8.68},{"date":"2023-09-03","value_C":8.38},{"date":"2023-09-10","value_C":8.54},{"date":"2023-09-17","value_C":8.6},{"date":"2023-09-24","value_C":8.64},{"date":"2023-10-01","value_C":8.72},{"date":"2023-10-08","value_C":9.27},{"date":"2023-10-15","value_C":9.5},{"date":"2023-10-22","value_C":9.93},{"date":"2023-10-29","value_C":9.78},{"date":"2023-11-05","value_C":10.0},{"date":"2023-11-12","value_C":10.21},{"date":"2023-11-19","value_C":10.41},{"date":"2023-11-26","value_C":10.25},{"date":"2023-12-03","value_C":9.96},{"date":"2023-12-10","value_C":10.38},{"date":"2023-12-17","value_C":10.36},{"date":"2023-12-24","value_C":10.6},{"date":"2023-12-31","value_C":10.58},{"date":"2024-01-07","value_C":10.89},{"date":"2024-01-14","value_C":10.66},{"date":"2024-01-21","value_C":9.81},{"date":"2024-01-28","value_C":10.27},{"date":"2024-02-04","value_C":10.19},{"date":"2024-02-11","value_C":10.1},{"date":"2024-02-18","value_C":10.05},{"date":"2024-02-25","value_C":10.07},{"date":"2024-03-03","value_C":10.12},{"date":"2024-03-10","value_C":9.97},{"date":"2024-03-17","value_C":9.66},{"date":"2024-03-24","value_C":9.86},{"date":"2024-03-31","value_C":9.86},{"date":"2024-04-07","value_C":9.79},{"date":"2024-04-14","value_C":9.42},{"date":"2024-04-21","value_C":8.8},{"date":"2024-04-28","value_C":8.76},{"date":"2024-05-05","value_C":8.47},{"date":"2024-05-12","value_C":8.35},{"date":"2024-05-19","value_C":8.06},{"date":"2024-05-26","value_C":7.88},{"date":"2024-06-02","value_C":7.75},{"date":"2024-06-09","value_C":7.93},{"date":"2024-06-16","value_C":8.01},{"date":"2024-06-23","value_C":7.99},{"date":"2024-06-30","value_C":7.68},{"date":"2024-07-07","value_C":7.92},{"date":"2024-07-14","value_C":7.86},{"date":"2024-07-21","value_C":7.54},{"date":"2024-07-28","value_C":7.74},{"date":"2024-08-04","value_C":7.9},{"date":"2024-08-11","value_C":7.94},{"date":"2024-08-18","value_C":7.92},{"date":"2024-08-25","value_C":8.23},{"date":"2024-09-01","value_C":8.4},{"date":"2024-09-08","value_C":8.3},{"date":"2024-09-15","value_C":8.26},{"date":"2024-09-22","value_C":8.25},{"date":"2024-09-29","value_C":8.13},{"date":"2024-10-06","value_C":8.31},{"date":"2024-10-13","value_C":8.35},{"date":"2024-10-20","value_C":8.55},{"date":"2024-10-27","value_C":8.65},{"date":"2024-11-03","value_C":8.91},{"date":"2024-11-10","value_C":8.8},{"date":"2024-11-17","value_C":9.36},{"date":"2024-11-24","value_C":9.44},{"date":"2024-12-01","value_C":10.0},{"date":"2024-12-08","value_C":10.08},{"date":"2024-12-15","value_C":10.29},{"date":"2024-12-22","value_C":10.01},{"date":"2024-12-29","value_C":10.07},{"date":"2025-01-05","value_C":10.16},{"date":"2025-01-12","value_C":10.43},{"date":"2025-01-19","value_C":10.43},{"date":"2025-01-26","value_C":10.33},{"date":"2025-02-02","value_C":9.7},{"date":"2025-02-09","value_C":9.34},{"date":"2025-02-16","value_C":9.24},{"date":"2025-02-23","value_C":9.66},{"date":"2025-03-02","value_C":8.75},{"date":"2025-03-09","value_C":9.11},{"date":"2025-03-16","value_C":8.7},{"date":"2025-03-23","value_C":8.44},{"date":"2025-03-30","value_C":8.89},{"date":"2025-04-06","value_C":9.05},{"date":"2025-04-13","value_C":9.2},{"date":"2025-04-20","value_C":8.78},{"date":"2025-04-27","value_C":8.64},{"date":"2025-05-04","value_C":7.81},{"date":"2025-05-11","value_C":7.81},{"date":"2025-05-18","value_C":7.79},{"date":"2025-05-25","value_C":7.84},{"date":"2025-06-01","value_C":7.77},{"date":"2025-06-08","value_C":7.9},{"date":"2025-06-15","value_C":7.72},{"date":"2025-06-22","value_C":7.69},{"date":"2025-06-29","value_C":7.68},{"date":"2025-07-06","value_C":7.7},{"date":"2025-07-13","value_C":7.79},{"date":"2025-07-20","value_C":7.85},{"date":"2025-07-27","value_C":8.03},{"date":"2025-08-03","value_C":8.06},{"date":"2025-08-10","value_C":8.06},{"date":"2025-08-17","value_C":8.18},{"date":"2025-08-24","value_C":8.48},{"date":"2025-08-31","value_C":8.47},{"date":"2025-09-07","value_C":8.32},{"date":"2025-09-14","value_C":8.42},{"date":"2025-09-21","value_C":8.53},{"date":"2025-09-28","value_C":8.55},{"date":"2025-10-05","value_C":8.88},{"date":"2025-10-12","value_C":9.29},{"date":"2025-10-19","value_C":9.51},{"date":"2025-10-26","value_C":9.52},{"date":"2025-11-02","value_C":9.7},{"date":"2025-11-09","value_C":10.25},{"date":"2025-11-16","value_C":10.26},{"date":"2025-11-23","value_C":10.34},{"date":"2025-11-30","value_C":10.38},{"date":"2025-12-07","value_C":10.34},{"date":"2025-12-14","value_C":10.23},{"date":"2025-12-21","value_C":10.09},{"date":"2025-12-28","value_C":10.92},{"date":"2026-01-04","value_C":10.63},{"date":"2026-01-11","value_C":10.59},{"date":"2026-01-18","value_C":10.4},{"date":"2026-01-25","value_C":10.57},{"date":"2026-02-01","value_C":9.9},{"date":"2026-02-08","value_C":9.83},{"date":"2026-02-15","value_C":9.99},{"date":"2026-02-22","value_C":9.91},{"date":"2026-03-01","value_C":9.84},{"date":"2026-03-08","value_C":9.97},{"date":"2026-03-15","value_C":9.95},{"date":"2026-03-22","value_C":9.7},{"date":"2026-03-29","value_C":8.65},{"date":"2026-04-05","value_C":8.55},{"date":"2026-04-12","value_C":8.56},{"date":"2026-04-19","value_C":8.55},{"date":"2026-04-26","value_C":8.4},{"date":"2026-05-03","value_C":8.7},{"date":"2026-05-10","value_C":8.31},{"date":"2026-05-17","value_C":8.4},{"date":"2026-05-24","value_C":8.26},{"date":"2026-05-31","value_C":8.2},{"date":"2026-06-07","value_C":8.28},{"date":"2026-06-14","value_C":8.26},{"date":"2026-06-21","value_C":8.19},{"date":"2026-06-28","value_C":8.22},{"date":"2026-07-05","value_C":8.26},{"date":"2026-07-10","value_C":8.07},{"date":"2026-07-11","value_C":8.08},{"date":"2026-07-12","value_C":8.06},{"date":"2026-07-15","value_C":8.09},{"date":"2026-07-16","value_C":8.14}],"monthly":[{"month":"2016-01","mean_C":10.3,"n":31,"ok":true,"clim_C":9.84,"anom_C":0.46,"partial":false},{"month":"2016-02","mean_C":10.2,"n":29,"ok":true,"clim_C":9.44,"anom_C":0.76,"partial":false},{"month":"2016-03","mean_C":10.35,"n":31,"ok":true,"clim_C":9.0,"anom_C":1.35,"partial":false},{"month":"2016-04","mean_C":9.81,"n":30,"ok":true,"clim_C":8.67,"anom_C":1.14,"partial":false},{"month":"2016-05","mean_C":8.77,"n":27,"ok":true,"clim_C":8.32,"anom_C":0.45,"partial":false},{"month":"2016-06","mean_C":8.3,"n":30,"ok":true,"clim_C":8.13,"anom_C":0.17,"partial":false},{"month":"2016-07","mean_C":8.22,"n":31,"ok":true,"clim_C":8.07,"anom_C":0.15,"partial":false},{"month":"2016-08","mean_C":7.98,"n":30,"ok":true,"clim_C":8.17,"anom_C":-0.19,"partial":false},{"month":"2016-09","mean_C":8.07,"n":30,"ok":true,"clim_C":8.32,"anom_C":-0.26,"partial":false},{"month":"2016-10","mean_C":9.4,"n":27,"ok":true,"clim_C":8.88,"anom_C":0.52,"partial":false},{"month":"2016-11","mean_C":11.42,"n":29,"ok":true,"clim_C":9.75,"anom_C":1.67,"partial":false},{"month":"2016-12","mean_C":11.13,"n":31,"ok":true,"clim_C":9.97,"anom_C":1.16,"partial":false},{"month":"2017-01","mean_C":9.59,"n":31,"ok":true,"clim_C":9.84,"anom_C":-0.25,"partial":false},{"month":"2017-02","mean_C":9.11,"n":28,"ok":true,"clim_C":9.44,"anom_C":-0.32,"partial":false},{"month":"2017-03","mean_C":9.02,"n":31,"ok":true,"clim_C":9.0,"anom_C":0.02,"partial":false},{"month":"2017-04","mean_C":9.3,"n":30,"ok":true,"clim_C":8.67,"anom_C":0.64,"partial":false},{"month":"2017-05","mean_C":9.2,"n":29,"ok":true,"clim_C":8.32,"anom_C":0.88,"partial":false},{"month":"2017-06","mean_C":8.55,"n":30,"ok":true,"clim_C":8.13,"anom_C":0.42,"partial":false},{"month":"2017-07","mean_C":8.23,"n":28,"ok":true,"clim_C":8.07,"anom_C":0.16,"partial":false},{"month":"2017-08","mean_C":8.26,"n":31,"ok":true,"clim_C":8.17,"anom_C":0.09,"partial":false},{"month":"2017-09","mean_C":8.45,"n":30,"ok":true,"clim_C":8.32,"anom_C":0.13,"partial":false},{"month":"2017-10","mean_C":8.67,"n":31,"ok":true,"clim_C":8.88,"anom_C":-0.21,"partial":false},{"month":"2017-11","mean_C":9.39,"n":30,"ok":true,"clim_C":9.75,"anom_C":-0.36,"partial":false},{"month":"2017-12","mean_C":10.01,"n":31,"ok":true,"clim_C":9.97,"anom_C":0.05,"partial":false},{"month":"2018-01","mean_C":9.36,"n":17,"ok":true,"clim_C":9.84,"anom_C":-0.48,"partial":false},{"month":"2018-02","mean_C":null,"n":0,"ok":false,"clim_C":9.44,"anom_C":null,"partial":false},{"month":"2018-03","mean_C":null,"n":0,"ok":false,"clim_C":9.0,"anom_C":null,"partial":false},{"month":"2018-04","mean_C":null,"n":0,"ok":false,"clim_C":8.67,"anom_C":null,"partial":false},{"month":"2018-05","mean_C":null,"n":0,"ok":false,"clim_C":8.32,"anom_C":null,"partial":false},{"month":"2018-06","mean_C":null,"n":0,"ok":false,"clim_C":8.13,"anom_C":null,"partial":false},{"month":"2018-07","mean_C":8.24,"n":30,"ok":true,"clim_C":8.07,"anom_C":0.17,"partial":false},{"month":"2018-08","mean_C":8.2,"n":31,"ok":true,"clim_C":8.17,"anom_C":0.03,"partial":false},{"month":"2018-09","mean_C":8.39,"n":30,"ok":true,"clim_C":8.32,"anom_C":0.07,"partial":false},{"month":"2018-10","mean_C":8.75,"n":31,"ok":true,"clim_C":8.88,"anom_C":-0.13,"partial":false},{"month":"2018-11","mean_C":9.24,"n":30,"ok":true,"clim_C":9.75,"anom_C":-0.51,"partial":false},{"month":"2018-12","mean_C":9.7,"n":27,"ok":true,"clim_C":9.97,"anom_C":-0.27,"partial":false},{"month":"2019-01","mean_C":10.04,"n":31,"ok":true,"clim_C":9.84,"anom_C":0.2,"partial":false},{"month":"2019-02","mean_C":9.61,"n":28,"ok":true,"clim_C":9.44,"anom_C":0.18,"partial":false},{"month":"2019-03","mean_C":9.27,"n":31,"ok":true,"clim_C":9.0,"anom_C":0.27,"partial":false},{"month":"2019-04","mean_C":9.0,"n":30,"ok":true,"clim_C":8.67,"anom_C":0.33,"partial":false},{"month":"2019-05","mean_C":8.5,"n":31,"ok":true,"clim_C":8.32,"anom_C":0.18,"partial":false},{"month":"2019-06","mean_C":8.25,"n":30,"ok":true,"clim_C":8.13,"anom_C":0.12,"partial":false},{"month":"2019-07","mean_C":8.33,"n":31,"ok":true,"clim_C":8.07,"anom_C":0.26,"partial":false},{"month":"2019-08","mean_C":8.5,"n":28,"ok":true,"clim_C":8.17,"anom_C":0.33,"partial":false},{"month":"2019-09","mean_C":8.76,"n":22,"ok":true,"clim_C":8.32,"anom_C":0.43,"partial":false},{"month":"2019-10","mean_C":null,"n":0,"ok":false,"clim_C":8.88,"anom_C":null,"partial":false},{"month":"2019-11","mean_C":null,"n":0,"ok":false,"clim_C":9.75,"anom_C":null,"partial":false},{"month":"2019-12","mean_C":null,"n":0,"ok":false,"clim_C":9.97,"anom_C":null,"partial":false},{"month":"2020-01","mean_C":null,"n":0,"ok":false,"clim_C":9.84,"anom_C":null,"partial":false},{"month":"2020-02","mean_C":null,"n":0,"ok":false,"clim_C":9.44,"anom_C":null,"partial":false},{"month":"2020-03","mean_C":8.29,"n":23,"ok":true,"clim_C":9.0,"anom_C":-0.72,"partial":false},{"month":"2020-04","mean_C":8.0,"n":30,"ok":true,"clim_C":8.67,"anom_C":-0.67,"partial":false},{"month":"2020-05","mean_C":8.35,"n":31,"ok":true,"clim_C":8.32,"anom_C":0.03,"partial":false},{"month":"2020-06","mean_C":8.29,"n":30,"ok":true,"clim_C":8.13,"anom_C":0.16,"partial":false},{"month":"2020-07","mean_C":8.04,"n":30,"ok":true,"clim_C":8.07,"anom_C":-0.03,"partial":false},{"month":"2020-08","mean_C":7.91,"n":31,"ok":true,"clim_C":8.17,"anom_C":-0.25,"partial":false},{"month":"2020-09","mean_C":8.03,"n":29,"ok":true,"clim_C":8.32,"anom_C":-0.29,"partial":false},{"month":"2020-10","mean_C":8.59,"n":30,"ok":true,"clim_C":8.88,"anom_C":-0.29,"partial":false},{"month":"2020-11","mean_C":8.89,"n":30,"ok":true,"clim_C":9.75,"anom_C":-0.86,"partial":false},{"month":"2020-12","mean_C":8.88,"n":29,"ok":true,"clim_C":9.97,"anom_C":-1.09,"partial":false},{"month":"2021-01","mean_C":9.49,"n":31,"ok":true,"clim_C":9.84,"anom_C":-0.36,"partial":false},{"month":"2021-02","mean_C":9.12,"n":26,"ok":true,"clim_C":9.44,"anom_C":-0.32,"partial":false},{"month":"2021-03","mean_C":8.33,"n":30,"ok":true,"clim_C":9.0,"anom_C":-0.68,"partial":false},{"month":"2021-04","mean_C":7.76,"n":28,"ok":true,"clim_C":8.67,"anom_C":-0.91,"partial":false},{"month":"2021-05","mean_C":7.7,"n":31,"ok":true,"clim_C":8.32,"anom_C":-0.62,"partial":false},{"month":"2021-06","mean_C":7.91,"n":30,"ok":true,"clim_C":8.13,"anom_C":-0.22,"partial":false},{"month":"2021-07","mean_C":7.92,"n":31,"ok":true,"clim_C":8.07,"anom_C":-0.16,"partial":false},{"month":"2021-08","mean_C":8.04,"n":31,"ok":true,"clim_C":8.17,"anom_C":-0.13,"partial":false},{"month":"2021-09","mean_C":8.1,"n":29,"ok":true,"clim_C":8.32,"anom_C":-0.23,"partial":false},{"month":"2021-10","mean_C":8.91,"n":31,"ok":true,"clim_C":8.88,"anom_C":0.03,"partial":false},{"month":"2021-11","mean_C":10.47,"n":30,"ok":true,"clim_C":9.75,"anom_C":0.72,"partial":false},{"month":"2021-12","mean_C":10.09,"n":31,"ok":true,"clim_C":9.97,"anom_C":0.12,"partial":false},{"month":"2022-01","mean_C":9.35,"n":31,"ok":true,"clim_C":9.84,"anom_C":-0.49,"partial":false},{"month":"2022-02","mean_C":8.53,"n":28,"ok":true,"clim_C":9.44,"anom_C":-0.91,"partial":false},{"month":"2022-03","mean_C":8.14,"n":31,"ok":true,"clim_C":9.0,"anom_C":-0.86,"partial":false},{"month":"2022-04","mean_C":7.9,"n":30,"ok":true,"clim_C":8.67,"anom_C":-0.77,"partial":false},{"month":"2022-05","mean_C":8.0,"n":31,"ok":true,"clim_C":8.32,"anom_C":-0.33,"partial":false},{"month":"2022-06","mean_C":7.97,"n":29,"ok":true,"clim_C":8.13,"anom_C":-0.16,"partial":false},{"month":"2022-07","mean_C":7.96,"n":29,"ok":true,"clim_C":8.07,"anom_C":-0.11,"partial":false},{"month":"2022-08","mean_C":7.96,"n":25,"ok":true,"clim_C":8.17,"anom_C":-0.2,"partial":false},{"month":"2022-09","mean_C":8.15,"n":30,"ok":true,"clim_C":8.32,"anom_C":-0.17,"partial":false},{"month":"2022-10","mean_C":8.4,"n":31,"ok":true,"clim_C":8.88,"anom_C":-0.48,"partial":false},{"month":"2022-11","mean_C":8.85,"n":30,"ok":true,"clim_C":9.75,"anom_C":-0.9,"partial":false},{"month":"2022-12","mean_C":8.98,"n":31,"ok":true,"clim_C":9.97,"anom_C":-0.99,"partial":false},{"month":"2023-01","mean_C":9.13,"n":31,"ok":true,"clim_C":9.84,"anom_C":-0.71,"partial":false},{"month":"2023-02","mean_C":8.94,"n":28,"ok":true,"clim_C":9.44,"anom_C":-0.5,"partial":false},{"month":"2023-03","mean_C":8.29,"n":31,"ok":true,"clim_C":9.0,"anom_C":-0.71,"partial":false},{"month":"2023-04","mean_C":8.24,"n":30,"ok":true,"clim_C":8.67,"anom_C":-0.43,"partial":false},{"month":"2023-05","mean_C":8.3,"n":31,"ok":true,"clim_C":8.32,"anom_C":-0.02,"partial":false},{"month":"2023-06","mean_C":8.1,"n":29,"ok":true,"clim_C":8.13,"anom_C":-0.03,"partial":false},{"month":"2023-07","mean_C":8.14,"n":31,"ok":true,"clim_C":8.07,"anom_C":0.07,"partial":false},{"month":"2023-08","mean_C":8.53,"n":31,"ok":true,"clim_C":8.17,"anom_C":0.37,"partial":false},{"month":"2023-09","mean_C":8.6,"n":30,"ok":true,"clim_C":8.32,"anom_C":0.28,"partial":false},{"month":"2023-10","mean_C":9.51,"n":31,"ok":true,"clim_C":8.88,"anom_C":0.63,"partial":false},{"month":"2023-11","mean_C":10.13,"n":30,"ok":true,"clim_C":9.75,"anom_C":0.38,"partial":false},{"month":"2023-12","mean_C":10.43,"n":31,"ok":true,"clim_C":9.97,"anom_C":0.46,"partial":false},{"month":"2024-01","mean_C":10.31,"n":31,"ok":true,"clim_C":9.84,"anom_C":0.46,"partial":false},{"month":"2024-02","mean_C":10.12,"n":29,"ok":true,"clim_C":9.44,"anom_C":0.68,"partial":false},{"month":"2024-03","mean_C":9.88,"n":31,"ok":true,"clim_C":9.0,"anom_C":0.87,"partial":false},{"month":"2024-04","mean_C":9.24,"n":30,"ok":true,"clim_C":8.67,"anom_C":0.57,"partial":false},{"month":"2024-05","mean_C":8.2,"n":31,"ok":true,"clim_C":8.32,"anom_C":-0.12,"partial":false},{"month":"2024-06","mean_C":7.92,"n":30,"ok":true,"clim_C":8.13,"anom_C":-0.21,"partial":false},{"month":"2024-07","mean_C":7.8,"n":31,"ok":true,"clim_C":8.07,"anom_C":-0.27,"partial":false},{"month":"2024-08","mean_C":8.05,"n":31,"ok":true,"clim_C":8.17,"anom_C":-0.12,"partial":false},{"month":"2024-09","mean_C":8.25,"n":30,"ok":true,"clim_C":8.32,"anom_C":-0.07,"partial":false},{"month":"2024-10","mean_C":8.44,"n":31,"ok":true,"clim_C":8.88,"anom_C":-0.44,"partial":false},{"month":"2024-11","mean_C":9.21,"n":30,"ok":true,"clim_C":9.75,"anom_C":-0.54,"partial":false},{"month":"2024-12","mean_C":10.16,"n":31,"ok":true,"clim_C":9.97,"anom_C":0.19,"partial":false},{"month":"2025-01","mean_C":10.31,"n":31,"ok":true,"clim_C":9.84,"anom_C":0.47,"partial":false},{"month":"2025-02","mean_C":9.45,"n":28,"ok":true,"clim_C":9.44,"anom_C":0.01,"partial":false},{"month":"2025-03","mean_C":8.83,"n":31,"ok":true,"clim_C":9.0,"anom_C":-0.17,"partial":false},{"month":"2025-04","mean_C":8.9,"n":30,"ok":true,"clim_C":8.67,"anom_C":0.23,"partial":false},{"month":"2025-05","mean_C":7.83,"n":31,"ok":true,"clim_C":8.32,"anom_C":-0.5,"partial":false},{"month":"2025-06","mean_C":7.77,"n":30,"ok":true,"clim_C":8.13,"anom_C":-0.36,"partial":false},{"month":"2025-07","mean_C":7.83,"n":30,"ok":true,"clim_C":8.07,"anom_C":-0.24,"partial":false},{"month":"2025-08","mean_C":8.24,"n":31,"ok":true,"clim_C":8.17,"anom_C":0.07,"partial":false},{"month":"2025-09","mean_C":8.43,"n":30,"ok":true,"clim_C":8.32,"anom_C":0.1,"partial":false},{"month":"2025-10","mean_C":9.24,"n":31,"ok":true,"clim_C":8.88,"anom_C":0.36,"partial":false},{"month":"2025-11","mean_C":10.16,"n":30,"ok":true,"clim_C":9.75,"anom_C":0.41,"partial":false},{"month":"2025-12","mean_C":10.34,"n":31,"ok":true,"clim_C":9.97,"anom_C":0.37,"partial":false},{"month":"2026-01","mean_C":10.54,"n":29,"ok":true,"clim_C":9.84,"anom_C":0.7,"partial":false},{"month":"2026-02","mean_C":9.87,"n":28,"ok":true,"clim_C":9.44,"anom_C":0.43,"partial":false},{"month":"2026-03","mean_C":9.64,"n":31,"ok":true,"clim_C":9.0,"anom_C":0.63,"partial":false},{"month":"2026-04","mean_C":8.54,"n":26,"ok":true,"clim_C":8.67,"anom_C":-0.13,"partial":false},{"month":"2026-05","mean_C":8.37,"n":31,"ok":true,"clim_C":8.32,"anom_C":0.05,"partial":false},{"month":"2026-06","mean_C":8.22,"n":29,"ok":true,"clim_C":8.13,"anom_C":0.09,"partial":false},{"month":"2026-07","mean_C":null,"n":12,"ok":false,"clim_C":8.07,"anom_C":null,"partial":true}],"climatology":[{"calendar_month":1,"clim_C":9.84,"std_C":0.51,"n_years":10},{"calendar_month":2,"clim_C":9.44,"std_C":0.56,"n_years":9},{"calendar_month":3,"clim_C":9.0,"std_C":0.77,"n_years":10},{"calendar_month":4,"clim_C":8.67,"std_C":0.69,"n_years":10},{"calendar_month":5,"clim_C":8.32,"std_C":0.44,"n_years":10},{"calendar_month":6,"clim_C":8.13,"std_C":0.24,"n_years":10},{"calendar_month":7,"clim_C":8.07,"std_C":0.19,"n_years":10},{"calendar_month":8,"clim_C":8.17,"std_C":0.22,"n_years":10},{"calendar_month":9,"clim_C":8.32,"std_C":0.24,"n_years":10},{"calendar_month":10,"clim_C":8.88,"std_C":0.41,"n_years":9},{"calendar_month":11,"clim_C":9.75,"std_C":0.86,"n_years":9},{"calendar_month":12,"clim_C":9.97,"std_C":0.71,"n_years":9}],"anomaly_thresholds":{"90":0.63,"95":0.79,"99":1.32}}]}}],"properties":{"title":"Folger Passage temperature -- surface against two depths","units":"degree_C","marker":{"lat":48.81103,"lon":-125.28114,"note":"midpoint of the two ONC instruments, 611 m apart"},"panels":[{"panel":1,"kind":"daily","draws":"every series' `daily`, overlaid on one axis","y_label":"temperature (\u00b0C)"},{"panel":2,"kind":"anomaly","series":"satellite"},{"panel":3,"kind":"anomaly","series":"pinnacle"},{"panel":4,"kind":"anomaly","series":"deep"}],"palette":{"ink":"#0b0b0b","muted":"#898781","surface":"#fcfcfb","bar":"#b8b6ae","p90":"#4a3aa7","p95":"#e87ba4","p99":"#eda100"},"anomaly_y_shared":true,"anomaly_y_note":"One symmetric y-limit across all anomaly panels, from the largest |anom_C| in any of them. The satellite reads flatter than the stations and that difference is real -- do not autoscale the panels independently.","series_order":["satellite","pinnacle","deep"],"baseline_caveat":"Each series is on its OWN baseline -- satellite 2019-2026, Pinnacle 2011-2026, Deep 2016-2026 -- not a common one. A difference between panels may partly reflect the different baseline periods rather than the water.","depth_caveat":"Three different quantities that share a location and a unit. The satellite is skin temperature of the surface; the stations sit at 23 m and ~96 m. The satellite is not a proxy for either.","cell_caveat":"One 5.6 x 3.7 km satellite cell covers both stations. The marker is at the instruments' midpoint; the satellite value is a cell average centred 2 km away.","source_caveat":"Satellite is a near-real-time L4 analysis, about two days behind, partly modelled. Station data is ONC 'Clean' QC, uncalibrated beyond their own screening.","sampling":"Raw lines are thinned to weekly plus the last 7 days at full resolution. Monthly means and anomalies are computed from the FULL daily records before thinning -- only the drawn line is sparse.","partial_note":"A month with partial: true is the in-progress one at export time -- it creeps upward all month. RENDER IT DISTINCTLY (hatched, faded, outlined) or a third of a month reads as a finished one. It is shown but does not count: it is excluded from the climatology and from the percentile thresholds, and its anom_C is measured against a baseline it played no part in setting.","gap_note":"`daily` carries entries with value_C: null wherever the record has a real outage (a gap over 21 days). DRAW THEM AS BREAKS, not by skipping them: Pinnacle is missing 2017-06 to 2019-10, and a line joined across that invents two and a half years of water. In matplotlib, map null to NaN and the break is automatic.","threshold_caveat":"The 90/95/99 percentiles are fixed over each whole record, so they are set mostly by autumn-winter variability. ZERO exceedances fall in Jun/Jul/Aug in any of the three series. That is a property of the threshold, not evidence that summer marine heatwaves do not occur here.","supersedes":"sst_barkley_points.geojson -- this carries the same satellite fields plus both stations. Integrate one or the other, not both."}}