{"type": "FeatureCollection", "epoch_start": "2024-02-24", "epoch_days_max": 914, "segment_epoch_days_min": -444, "segment_epoch_days_max": 915, "months": ["2022-12", "2024-02", "2024-03", "2024-05", "2024-06", "2024-07", "2024-10", "2024-11", "2024-12", "2025-01", "2025-02", "2025-03", "2025-04", "2025-05", "2025-06", "2025-07", "2025-08", "2025-09", "2025-10", "2025-11", "2026-01", "2026-03", "2026-04", "2026-05", "2026-06", "2026-07", "2026-08"], "features": [{"type": "Feature", "geometry": {"type": "LineString", "coordinates": [[-126.20088, 49.08575], [-126.20194, 49.08632], [-126.20344, 49.08599], [-126.20502, 49.08591], [-126.20643, 49.08559], [-126.20764, 49.08639], [-126.20894, 49.08608], [-126.20987, 49.08563], [-126.21116, 49.08536], [-126.21259, 49.08503], [-126.21396, 49.08471], [-126.21527, 49.08433], [-126.21639, 49.08402], [-126.2178, 49.08369], [-126.219, 49.0834], [-126.22032, 49.08308], [-126.22168, 49.08276], [-126.2239, 49.0823], [-126.22504, 49.08195], [-126.22647, 49.08159], [-126.22777, 49.08129], [-126.22925, 49.08093], [-126.23075, 49.08059], [-126.23431, 49.08022], [-126.23562, 49.07989], [-126.23701, 49.07955], [-126.23828, 49.07925], [-126.23973, 49.07889], [-126.24156, 49.07848], [-126.24641, 49.07781], [-126.24777, 49.0775], [-126.24925, 49.07713], [-126.25068, 49.07681], [-126.25225, 49.07644], [-126.2539, 49.07606], [-126.25914, 49.07523], [-126.26058, 49.07487], [-126.2622, 49.07448], [-126.2637, 49.07411], [-126.26535, 49.07372], [-126.26722, 49.07334], [-126.27483, 49.07326], [-126.27652, 49.07287], [-126.2783, 49.07245], [-126.27989, 49.07207], [-126.28159, 49.07169], [-126.28394, 49.07131], [-126.29248, 49.07171], [-126.29417, 49.07132], [-126.29598, 49.0709], [-126.29772, 49.07049], [-126.29978, 49.07012], [-126.3022, 49.06977], [-126.31401, 49.07105], [-126.31601, 49.07057], [-126.31791, 49.07011], [-126.31983, 49.0697], [-126.32199, 49.06928], [-126.32452, 49.06892], [-126.33907, 49.07162], [-126.34117, 49.07111], [-126.34331, 49.07063], [-126.34524, 49.07019], [-126.34748, 49.06972], [-126.35081, 49.06949], [-126.36734, 49.07354], [-126.36967, 49.07296], [-126.3721, 49.07232], [-126.37431, 49.07179], [-126.3767, 49.07115], [-126.37987, 49.07101], [-126.39702, 49.07902], [-126.39935, 49.0784], [-126.40192, 49.07774], [-126.40425, 49.07718], [-126.40678, 49.07652], [-126.40992, 49.07637], [-126.42979, 49.08893], [-126.43247, 49.08828], [-126.435, 49.08763], [-126.43753, 49.08703], [-126.44024, 49.08636], [-126.44326, 49.08603], [-126.46628, 49.10357], [-126.46878, 49.103], [-126.47127, 49.10237], [-126.47378, 49.10176], [-126.47644, 49.10108], [-126.48003, 49.10133], [-126.50111, 49.11755], [-126.50357, 49.11694], [-126.50613, 49.11628], [-126.50861, 49.11565], [-126.51123, 49.11497], [-126.51444, 49.11483], [-126.53683, 49.12991], [-126.53934, 49.1293], [-126.54207, 49.12868], [-126.54461, 49.12808], [-126.54738, 49.12746], [-126.55084, 49.12744], [-126.57246, 49.13964], [-126.57499, 49.13911], [-126.57762, 49.13849], [-126.58003, 49.13793], [-126.58265, 49.13728], [-126.58549, 49.13691], [-126.60471, 49.14516], [-126.60724, 49.14461], [-126.60995, 49.14399], [-126.61253, 49.14339], [-126.61521, 49.14273], [-126.61828, 49.14234], [-126.63482, 49.14826], [-126.63736, 49.14763], [-126.6399, 49.14689], [-126.64234, 49.14622], [-126.64491, 49.14551], [-126.64788, 49.14501], [-126.66071, 49.15005], [-126.66322, 49.14938], [-126.66588, 49.14863], [-126.66847, 49.148], [-126.67112, 49.14727], [-126.67402, 49.14692], [-126.68619, 49.15348], [-126.68887, 49.15294], [-126.69148, 49.15215], [-126.69396, 49.15142], [-126.69658, 49.15063], [-126.69952, 49.1502], [-126.70903, 49.15528], [-126.71163, 49.15469], [-126.71427, 49.1539], [-126.71675, 49.15328], [-126.71943, 49.1525], [-126.72225, 49.152], [-126.7297, 49.15691], [-126.73239, 49.15625], [-126.73509, 49.15542], [-126.73773, 49.15466], [-126.74044, 49.15383], [-126.74333, 49.15327], [-126.75144, 49.15855], [-126.75434, 49.15778], [-126.75749, 49.15817], [-126.76037, 49.15739], [-126.76331, 49.15649], [-126.7663, 49.15562], [-126.76941, 49.15677], [-126.77233, 49.15602], [-126.77578, 49.15575], [-126.77881, 49.15491], [-126.78067, 49.15526], [-126.7838, 49.15436], [-126.78619, 49.15412], [-126.78925, 49.15323], [-126.79222, 49.1527], [-126.79547, 49.15178], [-126.79801, 49.15076]]}, "properties": {"deployment": "dfo-bumblebee998-20240224", "glider": "bumblebee998", "group": "southern_line", "segment": 0, "n_points": 160, "deployment_start": "2024-02-24", "deployment_month": "2024-02", "segment_start": "2022-12-07T18:04", "segment_end": "2022-12-08T20:31", "segment_month": "2022-12", "epoch_days": 0, "segment_epoch_days": -444}}, {"type": "Feature", "geometry": {"type": "LineString", "coordinates": [[-126.21225, 48.99997], [-126.21298, 48.99949], [-126.21169, 48.99706], [-126.21289, 48.99632], [-126.21234, 48.99362], [-126.21435, 48.99297], [-126.21258, 48.98934], [-126.21425, 48.98822], [-126.21161, 48.98362], [-126.21333, 48.98265], [-126.21323, 48.97956], [-126.21489, 48.9786], [-126.21481, 48.97458], [-126.21661, 48.97352], [-126.21752, 48.9706], [-126.21913, 48.96942], [-126.22001, 48.96673], [-126.22175, 48.96544], [-126.22229, 48.96104], [-126.22421, 48.95986], [-126.22561, 48.95681], [-126.22763, 48.95568], [-126.22891, 48.95255], [-126.23084, 48.95109], [-126.23234, 48.94619], [-126.23434, 48.94511], [-126.23606, 48.94205], [-126.23798, 48.94079], [-126.24006, 48.93784], [-126.24202, 48.93649], [-126.24476, 48.93224], [-126.24697, 48.93113], [-126.249, 48.92821], [-126.25129, 48.92694], [-126.25345, 48.92404], [-126.25564, 48.92271], [-126.25847, 48.91955], [-126.26073, 48.91829], [-126.26302, 48.91703], [-126.26525, 48.91577], [-126.26761, 48.91251], [-126.26987, 48.91102], [-126.2723, 48.90875], [-126.27463, 48.90751], [-126.27715, 48.90544], [-126.27947, 48.90412], [-126.28247, 48.90219], [-126.28468, 48.9008], [-126.2881, 48.89882], [-126.29043, 48.89746], [-126.29347, 48.89547], [-126.29565, 48.89403], [-126.29889, 48.89249], [-126.3014, 48.89097], [-126.30578, 48.8891], [-126.30841, 48.88758], [-126.31236, 48.88574], [-126.31487, 48.88415], [-126.31846, 48.8824], [-126.32111, 48.88085], [-126.3251, 48.87916], [-126.3277, 48.87757], [-126.33056, 48.87595], [-126.33322, 48.87424], [-126.33827, 48.87237], [-126.34129, 48.87066], [-126.34634, 48.86851], [-126.34934, 48.86684], [-126.35303, 48.86464], [-126.35594, 48.86286], [-126.35909, 48.86079], [-126.36204, 48.85887], [-126.36705, 48.85707], [-126.37005, 48.85512], [-126.37388, 48.85304], [-126.37684, 48.85107], [-126.38026, 48.84887], [-126.38336, 48.84701], [-126.38886, 48.84566], [-126.392, 48.84364], [-126.39558, 48.84206], [-126.39847, 48.84013], [-126.40142, 48.83905], [-126.40282, 48.83838], [-126.40799, 48.83742], [-126.41112, 48.83547], [-126.41518, 48.8342], [-126.41815, 48.83213], [-126.42024, 48.83078], [-126.42164, 48.83016], [-126.42603, 48.83056], [-126.42731, 48.82997], [-126.43043, 48.82947], [-126.43177, 48.82868], [-126.43468, 48.82825], [-126.43617, 48.82756], [-126.43878, 48.82746], [-126.44009, 48.82674], [-126.4426, 48.82648], [-126.44397, 48.82567], [-126.44659, 48.82557], [-126.44809, 48.82478], [-126.45107, 48.82497], [-126.45264, 48.82407], [-126.45406, 48.82314], [-126.45549, 48.82219], [-126.45852, 48.82331], [-126.46012, 48.82252], [-126.4617, 48.82283], [-126.46323, 48.82185], [-126.46515, 48.82216], [-126.46661, 48.82125], [-126.46864, 48.82136], [-126.47017, 48.82044], [-126.47018, 48.82068], [-126.4717, 48.81975], [-126.47325, 48.81989], [-126.47475, 48.81891], [-126.4759, 48.81886], [-126.47736, 48.81785], [-126.47791, 48.81793], [-126.47965, 48.81699], [-126.48126, 48.81594], [-126.48278, 48.81484], [-126.48437, 48.81554], [-126.4859, 48.81451], [-126.48731, 48.81328], [-126.48911, 48.81214], [-126.49095, 48.8118], [-126.49255, 48.81057], [-126.49492, 48.81001], [-126.49667, 48.80868], [-126.49871, 48.80678], [-126.50073, 48.8055], [-126.50409, 48.80473], [-126.50626, 48.8032], [-126.50856, 48.80166], [-126.51088, 48.7999], [-126.51514, 48.79778], [-126.51767, 48.79592], [-126.52038, 48.79383], [-126.52294, 48.79161], [-126.52793, 48.78938], [-126.5326, 48.78502], [-126.5393, 48.77986], [-126.54488, 48.7745], [-126.55147, 48.76812], [-126.55881, 48.76062], [-126.56814, 48.75189], [-126.57844, 48.74141], [-126.58483, 48.72464], [-126.59818, 48.71246], [-126.61312, 48.69969], [-126.62874, 48.68524], [-126.64462, 48.67082], [-126.65988, 48.65626], [-126.64245, 48.64397], [-126.66372, 48.64969], [-126.66563, 48.63848], [-126.68656, 48.63068], [-126.7001, 48.62135], [-126.72055, 48.61361], [-126.74076, 48.60605], [-126.76093, 48.59839], [-126.76515, 48.5945], [-126.78326, 48.58721]]}, "properties": {"deployment": "dfo-bumblebee998-20240224", "glider": "bumblebee998", "group": "southern_line", "segment": 1, "n_points": 166, "deployment_start": "2024-02-24", "deployment_month": "2024-02", "segment_start": "2024-02-24T20:13", "segment_end": "2024-02-26T22:35", "segment_month": "2024-02", "epoch_days": 0, "segment_epoch_days": 0}}, {"type": "Feature", "geometry": {"type": "LineString", "coordinates": [[-126.78568, 48.60664], [-126.75899, 48.61706], [-126.73406, 48.62708], [-126.74353, 48.62235], [-126.76286, 48.61532], [-126.78181, 48.60845]]}, "properties": {"deployment": "dfo-bumblebee998-20240224", "glider": "bumblebee998", "group": "southern_line", "segment": 2, "n_points": 6, "deployment_start": "2024-02-24", "deployment_month": "2024-02", "segment_start": "2024-03-28T08:55", "segment_end": "2024-03-28T17:20", "segment_month": "2024-03", "epoch_days": 0, "segment_epoch_days": 33}}, {"type": "Feature", "geometry": {"type": "LineString", "coordinates": [[-126.79745, 48.60498], [-126.77802, 48.60328], [-126.75877, 48.61168], [-126.74036, 48.61959], [-126.72583, 48.62557], [-126.71305, 48.63843], [-126.68782, 48.64428], [-126.66403, 48.64669], [-126.64272, 48.63796], [-126.6225, 48.62805], [-126.60161, 48.61842], [-126.60956, 48.61806], [-126.59205, 48.61031], [-126.57534, 48.60304], [-126.55812, 48.59541], [-126.54176, 48.5877], [-126.52417, 48.57984], [-126.52967, 48.57397], [-126.55214, 48.58669], [-126.57449, 48.59957], [-126.5976, 48.61227], [-126.62043, 48.62495], [-126.64383, 48.63734], [-126.66107, 48.63826], [-126.66004, 48.64586], [-126.64117, 48.63665], [-126.62157, 48.62732], [-126.60233, 48.61786], [-126.58253, 48.60862], [-126.5736, 48.61331], [-126.56871, 48.61064], [-126.56449, 48.60789], [-126.56013, 48.60533], [-126.55423, 48.5971], [-126.55002, 48.59499], [-126.53668, 48.58561], [-126.51609, 48.57671], [-126.49564, 48.56747], [-126.4747, 48.55868], [-126.45371, 48.54973], [-126.43304, 48.54134], [-126.41149, 48.54502], [-126.40699, 48.53305], [-126.37996, 48.54124], [-126.3558, 48.54647], [-126.33261, 48.55135], [-126.31026, 48.55583], [-126.28616, 48.56126], [-126.26509, 48.56583], [-126.24426, 48.57032], [-126.22348, 48.5748], [-126.21075, 48.57735], [-126.20624, 48.57825], [-126.20707, 48.57641], [-126.20285, 48.57724], [-126.19865, 48.57815], [-126.19441, 48.57909], [-126.18844, 48.57994], [-126.17594, 48.58218], [-126.16891, 48.58183], [-126.16264, 48.58317], [-126.15776, 48.58416], [-126.15413, 48.58487], [-126.15122, 48.58534], [-126.14909, 48.58555], [-126.14882, 48.58603], [-126.1468, 48.58646], [-126.14501, 48.58669], [-126.1436, 48.58679], [-126.14212, 48.58694], [-126.14075, 48.58723], [-126.13821, 48.59134], [-126.13442, 48.59204], [-126.13081, 48.59141], [-126.12728, 48.592], [-126.12368, 48.59246], [-126.12011, 48.593], [-126.1166, 48.59355], [-126.11315, 48.59413], [-126.10951, 48.59166], [-126.10602, 48.59208], [-126.10113, 48.59261], [-126.09775, 48.59319], [-126.09432, 48.59294], [-126.09104, 48.59343], [-126.08766, 48.594], [-126.08443, 48.59448], [-126.08123, 48.59516], [-126.078, 48.59582], [-126.07386, 48.59497], [-126.07072, 48.59564], [-126.06523, 48.59545], [-126.06228, 48.5961], [-126.05935, 48.59689], [-126.05667, 48.5976], [-126.05321, 48.59811], [-126.0507, 48.59874], [-126.04811, 48.59929], [-126.04559, 48.59992], [-126.04199, 48.60078], [-126.03924, 48.6014], [-126.0348, 48.60028], [-126.03215, 48.601], [-126.02908, 48.60151], [-126.02666, 48.60214], [-126.02398, 48.60274], [-126.02133, 48.60329], [-126.01869, 48.60398], [-126.01608, 48.60461], [-126.0111, 48.60464], [-126.00816, 48.60522], [-126.00413, 48.6029], [-126.00138, 48.60369], [-125.99784, 48.60396], [-125.9952, 48.60463], [-125.99267, 48.60549], [-125.99037, 48.60635], [-125.98786, 48.60715], [-125.98542, 48.60792], [-125.9829, 48.60861], [-125.98048, 48.60937], [-125.97793, 48.61017], [-125.97554, 48.61093], [-125.97305, 48.61172], [-125.9707, 48.61246], [-125.95978, 48.60724], [-125.95696, 48.60763], [-125.95463, 48.60848], [-125.95246, 48.60923], [-125.95016, 48.61006], [-125.94753, 48.61053], [-125.94097, 48.60627], [-125.9388, 48.60718], [-125.93655, 48.60812], [-125.93436, 48.60888], [-125.9321, 48.60972], [-125.92999, 48.61053], [-125.92782, 48.61144], [-125.92582, 48.61228], [-125.9236, 48.61315], [-125.92145, 48.61393], [-125.91196, 48.60798], [-125.90968, 48.60825], [-125.90779, 48.60906], [-125.90594, 48.60982], [-125.90111, 48.60765], [-125.89917, 48.60812], [-125.89727, 48.609], [-125.89561, 48.60982], [-125.89381, 48.6107], [-125.8916, 48.61114], [-125.88658, 48.60679], [-125.88496, 48.6076], [-125.88265, 48.60726], [-125.88123, 48.60802], [-125.879, 48.6078], [-125.87749, 48.60856], [-125.87604, 48.60942], [-125.87459, 48.61019], [-125.87306, 48.61103], [-125.87154, 48.61184], [-125.86806, 48.60915], [-125.86667, 48.60973], [-125.86552, 48.61068], [-125.86447, 48.61161], [-125.8624, 48.6103], [-125.86097, 48.61089], [-125.85976, 48.6118], [-125.85878, 48.61265], [-125.85754, 48.61352], [-125.85615, 48.61404], [-125.85519, 48.61103], [-125.85396, 48.6116], [-125.85314, 48.6114], [-125.85203, 48.61194], [-125.85123, 48.61202], [-125.85043, 48.61265], [-125.84938, 48.61336], [-125.84834, 48.614], [-125.84805, 48.61364], [-125.84731, 48.61425], [-125.84678, 48.61433], [-125.84581, 48.61496], [-125.84488, 48.61572], [-125.84413, 48.6164], [-125.84437, 48.61602], [-125.84357, 48.61651], [-125.84346, 48.61593], [-125.84247, 48.61644], [-125.84147, 48.61712], [-125.84055, 48.61781], [-125.84166, 48.61837], [-125.8405, 48.61883], [-125.83954, 48.61957], [-125.83855, 48.62023], [-125.83959, 48.62046], [-125.83901, 48.62111], [-125.83803, 48.62183], [-125.83704, 48.62244], [-125.83613, 48.62313], [-125.83533, 48.62374], [-125.83437, 48.62448], [-125.83327, 48.62509], [-125.83233, 48.62576], [-125.83127, 48.62635], [-125.83623, 48.62611], [-125.8356, 48.62674], [-125.83608, 48.62734], [-125.83532, 48.62801], [-125.83436, 48.62873], [-125.83347, 48.62937], [-125.83557, 48.62983], [-125.83436, 48.63024], [-125.83344, 48.63086], [-125.83258, 48.63144], [-125.83171, 48.6321], [-125.83087, 48.63264], [-125.83293, 48.63336], [-125.8322, 48.63397], [-125.83217, 48.63485], [-125.83127, 48.63543], [-125.83135, 48.63629], [-125.83039, 48.6369], [-125.83029, 48.63766], [-125.82937, 48.63823], [-125.82919, 48.6392], [-125.82802, 48.6397], [-125.82706, 48.64035], [-125.82614, 48.64099], [-125.82693, 48.64219], [-125.82614, 48.64285], [-125.82599, 48.64374], [-125.82489, 48.64411], [-125.82452, 48.64489], [-125.8235, 48.64537], [-125.82257, 48.64598], [-125.8217, 48.64654], [-125.82082, 48.64717], [-125.81984, 48.64767], [-125.82113, 48.64931], [-125.82029, 48.64991], [-125.81991, 48.65082], [-125.81886, 48.65128], [-125.8184, 48.65219], [-125.81743, 48.65269], [-125.81652, 48.65324], [-125.81561, 48.65379], [-125.81466, 48.65437], [-125.81368, 48.65488], [-125.81461, 48.65689], [-125.81376, 48.65756], [-125.81306, 48.6582], [-125.81192, 48.65857], [-125.81101, 48.6591], [-125.81008, 48.65957], [-125.8092, 48.66012], [-125.80824, 48.66064], [-125.80732, 48.6612], [-125.80638, 48.66169], [-125.80545, 48.66225], [-125.80453, 48.66276], [-125.80356, 48.66332], [-125.80255, 48.66378], [-125.80551, 48.66783], [-125.80464, 48.66844], [-125.8041, 48.66945], [-125.80282, 48.66975], [-125.80223, 48.67064], [-125.80111, 48.67102], [-125.79989, 48.67146], [-125.79882, 48.67199], [-125.79906, 48.67389], [-125.79772, 48.67397], [-125.79716, 48.67477], [-125.796, 48.67495], [-125.7953, 48.67579], [-125.79402, 48.67602], [-125.79341, 48.67673], [-125.79229, 48.67695], [-125.79092, 48.67722], [-125.7896, 48.67738], [-125.78972, 48.67888], [-125.78868, 48.67915], [-125.78756, 48.67976], [-125.78623, 48.67972], [-125.78583, 48.68058], [-125.7847, 48.68058], [-125.78355, 48.68098], [-125.78216, 48.68081], [-125.7807, 48.68079], [-125.77941, 48.68076], [-125.78088, 48.68312], [-125.77955, 48.68251], [-125.77787, 48.68204], [-125.77615, 48.68151], [-125.77572, 48.6821], [-125.77407, 48.68122], [-125.77173, 48.68155], [-125.76953, 48.6825], [-125.76695, 48.68348], [-125.76458, 48.68455], [-125.7636, 48.6882], [-125.76105, 48.68929], [-125.75875, 48.69134], [-125.75601, 48.69239], [-125.75311, 48.69344], [-125.75037, 48.69438], [-125.7487, 48.69739], [-125.7459, 48.69841], [-125.74291, 48.69939], [-125.74004, 48.7004], [-125.73923, 48.70397], [-125.73613, 48.70499], [-125.73322, 48.70666], [-125.72996, 48.7077], [-125.72645, 48.70928], [-125.7228, 48.71022], [-125.71905, 48.7115], [-125.71557, 48.71248], [-125.71189, 48.71352], [-125.70849, 48.71443], [-125.70494, 48.71529], [-125.70157, 48.71622], [-125.69808, 48.71729], [-125.69469, 48.71838], [-125.69105, 48.71925], [-125.68758, 48.72024], [-125.6804, 48.72216], [-125.67693, 48.7233], [-125.67361, 48.72451], [-125.67021, 48.72576], [-125.66616, 48.7266], [-125.66527, 48.72634], [-125.65969, 48.72607], [-125.65558, 48.72598], [-125.64968, 48.72561], [-125.64564, 48.72561], [-125.6414, 48.72557], [-125.63711, 48.72573], [-125.63257, 48.72583], [-125.62784, 48.72605], [-125.62274, 48.72613], [-125.61772, 48.72637], [-125.61313, 48.72644], [-125.6091, 48.72665], [-125.60551, 48.72671], [-125.60261, 48.72681], [-125.5997, 48.72683], [-125.59682, 48.72696], [-125.59388, 48.72698], [-125.5906, 48.727], [-125.57078, 48.72368], [-125.56716, 48.72414], [-125.56343, 48.72444], [-125.55992, 48.72492], [-125.55649, 48.72521], [-125.55288, 48.72557], [-125.54944, 48.72591], [-125.54519, 48.72644], [-125.5408, 48.727], [-125.53652, 48.72768], [-125.53373, 48.72887], [-125.52947, 48.72947], [-125.52644, 48.7302], [-125.52216, 48.73057], [-125.51762, 48.73098], [-125.51338, 48.73149], [-125.50917, 48.73187], [-125.50542, 48.73226], [-125.50703, 48.73396], [-125.50337, 48.7338], [-125.50222, 48.7339], [-125.4986, 48.73352], [-125.49733, 48.73381], [-125.49412, 48.7341], [-125.49307, 48.73467], [-125.48993, 48.735], [-125.48653, 48.73524], [-125.48325, 48.73547], [-125.4799, 48.73566], [-125.4767, 48.73589], [-125.47336, 48.73607], [-125.47048, 48.73623], [-125.47762, 48.73655], [-125.47514, 48.73655], [-125.47357, 48.73651], [-125.47116, 48.73664], [-125.4695, 48.7364], [-125.46709, 48.7365], [-125.46541, 48.73629], [-125.46311, 48.73637], [-125.46065, 48.73648], [-125.45837, 48.7366], [-125.45608, 48.73682], [-125.45388, 48.73691], [-125.45464, 48.7346], [-125.45276, 48.7346], [-125.45069, 48.73463], [-125.44874, 48.73451], [-125.44672, 48.73461], [-125.44487, 48.73456], [-125.44293, 48.73463], [-125.44112, 48.73463], [-125.43918, 48.73468], [-125.4374, 48.73465], [-125.43557, 48.73477], [-125.43364, 48.73462], [-125.43048, 48.73171], [-125.42862, 48.73165], [-125.42673, 48.73185], [-125.42482, 48.73192], [-125.42294, 48.73203], [-125.42128, 48.73216], [-125.41937, 48.7323], [-125.41752, 48.73235], [-125.41564, 48.73254], [-125.4138, 48.73251], [-125.41195, 48.73271], [-125.41008, 48.73281], [-125.40539, 48.7308], [-125.4035, 48.73099], [-125.40156, 48.73123], [-125.39971, 48.73134], [-125.39789, 48.73163], [-125.39621, 48.73171], [-125.39432, 48.73186], [-125.39251, 48.73189], [-125.39048, 48.73201], [-125.38858, 48.73218], [-125.3866, 48.73237], [-125.38478, 48.73269], [-125.38503, 48.73318], [-125.38334, 48.73329], [-125.38163, 48.73348], [-125.38008, 48.73369], [-125.37834, 48.73379], [-125.3769, 48.7339], [-125.37528, 48.73396], [-125.37377, 48.73406], [-125.37205, 48.73421], [-125.37047, 48.73431], [-125.36873, 48.73445], [-125.36695, 48.73478], [-125.36668, 48.73813], [-125.36503, 48.73831], [-125.36328, 48.73843], [-125.36166, 48.73841], [-125.35993, 48.7385], [-125.35832, 48.73867], [-125.35653, 48.73885], [-125.35498, 48.739], [-125.35326, 48.73924], [-125.35161, 48.73945], [-125.34985, 48.73978], [-125.34809, 48.74015], [-125.34573, 48.74032], [-125.34409, 48.74056], [-125.34218, 48.74076], [-125.34032, 48.74105], [-125.33842, 48.74142], [-125.33669, 48.74159], [-125.33485, 48.74192], [-125.33314, 48.74218], [-125.33134, 48.74255], [-125.32929, 48.74276], [-125.32474, 48.74173], [-125.32266, 48.7422], [-125.32055, 48.74276], [-125.31848, 48.74309], [-125.31629, 48.74375], [-125.31409, 48.7444], [-125.31193, 48.74492], [-125.30975, 48.74533], [-125.3077, 48.74582], [-125.30529, 48.74605], [-125.29754, 48.74461], [-125.29626, 48.74558], [-125.295, 48.7465], [-125.29382, 48.74738], [-125.29261, 48.74833], [-125.29138, 48.74928], [-125.29038, 48.75025], [-125.28977, 48.7512], [-125.28933, 48.7522], [-125.28837, 48.75301], [-125.28662, 48.74986], [-125.28589, 48.75045], [-125.28516, 48.75119], [-125.28434, 48.75185], [-125.28363, 48.75255], [-125.28283, 48.75319], [-125.28206, 48.75386], [-125.28133, 48.75447], [-125.2807, 48.75509], [-125.28007, 48.7557], [-125.28068, 48.75547], [-125.27983, 48.75571], [-125.27937, 48.75622], [-125.27895, 48.75664], [-125.2785, 48.75706], [-125.27792, 48.75741], [-125.27755, 48.75786], [-125.27705, 48.75822], [-125.2767, 48.75863], [-125.2763, 48.759], [-125.27678, 48.75949], [-125.27662, 48.75989], [-125.27622, 48.76053], [-125.27583, 48.76108], [-125.27611, 48.76257], [-125.27584, 48.76327], [-125.27546, 48.76396], [-125.27499, 48.76472], [-125.27528, 48.76687], [-125.27485, 48.76764], [-125.27421, 48.76855], [-125.27385, 48.76939], [-125.27333, 48.77034], [-125.27293, 48.77123], [-125.27245, 48.77216], [-125.27209, 48.77327], [-125.27195, 48.77659], [-125.27137, 48.77776], [-125.27063, 48.77894], [-125.27, 48.78003], [-125.26947, 48.78127], [-125.26874, 48.7823], [-125.26816, 48.78354], [-125.26743, 48.7849], [-125.26383, 48.78868], [-125.26284, 48.78991], [-125.26178, 48.7911], [-125.26085, 48.79211], [-125.25992, 48.79324], [-125.25905, 48.79429], [-125.25823, 48.79544], [-125.25738, 48.79656], [-125.25529, 48.79768], [-125.25498, 48.79876], [-125.2545, 48.79992], [-125.2545, 48.801], [-125.25466, 48.80255], [-125.25493, 48.80378], [-125.25512, 48.80506], [-125.25538, 48.8062], [-125.25432, 48.80793], [-125.25468, 48.80934], [-125.25503, 48.81076], [-125.25551, 48.81195], [-125.25611, 48.8134], [-125.25675, 48.81483], [-125.25747, 48.81633], [-125.25807, 48.81775], [-125.25674, 48.81896], [-125.25816, 48.82098], [-125.25978, 48.82307], [-125.26129, 48.82514], [-125.26285, 48.82739], [-125.26246, 48.82963], [-125.25964, 48.83048], [-125.25864, 48.83278], [-125.25637, 48.83459], [-125.25588, 48.83693], [-125.25393, 48.83844], [-125.25374, 48.84047], [-125.25354, 48.84267], [-125.25363, 48.84478], [-125.25356, 48.84687], [-125.25356, 48.84871], [-125.24719, 48.84516], [-125.24637, 48.84662], [-125.24544, 48.84745], [-125.24467, 48.84894], [-125.24284, 48.84835], [-125.24241, 48.84968], [-125.24187, 48.85105], [-125.24149, 48.85237], [-125.24048, 48.85163], [-125.2403, 48.85271], [-125.24001, 48.85361], [-125.23984, 48.85468], [-125.23844, 48.85441], [-125.23852, 48.85555], [-125.23862, 48.85669], [-125.23874, 48.85771], [-125.23756, 48.85732], [-125.23788, 48.85829], [-125.2382, 48.8593], [-125.23842, 48.86024], [-125.23767, 48.86011], [-125.23785, 48.86088], [-125.23699, 48.86135], [-125.23609, 48.86177], [-125.23328, 48.8603], [-125.23349, 48.861], [-125.23349, 48.86183], [-125.23352, 48.86267], [-125.23267, 48.86357], [-125.23258, 48.86443], [-125.23258, 48.86541], [-125.23244, 48.86636], [-125.23158, 48.86689], [-125.23151, 48.86777], [-125.2315, 48.86877], [-125.23152, 48.8698], [-125.23036, 48.87067], [-125.23034, 48.87169], [-125.23025, 48.87279], [-125.23018, 48.87385], [-125.22875, 48.87489], [-125.22885, 48.87603], [-125.22898, 48.87724], [-125.22906, 48.87846], [-125.22828, 48.87994], [-125.22845, 48.88119], [-125.22869, 48.88249], [-125.22882, 48.8838], [-125.22745, 48.88486], [-125.22756, 48.88608], [-125.22782, 48.88735], [-125.22815, 48.88857], [-125.22795, 48.89004], [-125.22829, 48.8914], [-125.22852, 48.89279], [-125.22877, 48.89423], [-125.22858, 48.89545], [-125.22875, 48.89676], [-125.22763, 48.89779], [-125.22611, 48.89882], [-125.22364, 48.90007], [-125.223, 48.89888], [-125.22232, 48.89761], [-125.22173, 48.89633], [-125.22159, 48.89565], [-125.22093, 48.89436], [-125.22027, 48.89308], [-125.21943, 48.89185], [-125.21875, 48.89146], [-125.21752, 48.89056], [-125.21608, 48.88975], [-125.21465, 48.88886], [-125.21386, 48.88822], [-125.2126, 48.88744], [-125.21116, 48.88665], [-125.20985, 48.8858], [-125.20939, 48.88479], [-125.20796, 48.88405], [-125.2065, 48.88337], [-125.20491, 48.88273], [-125.20415, 48.88213], [-125.20314, 48.88146], [-125.20166, 48.88093], [-125.20018, 48.88035], [-125.19975, 48.87956], [-125.19886, 48.87897], [-125.19747, 48.87866], [-125.19609, 48.8783], [-125.19623, 48.87744], [-125.19545, 48.87693], [-125.19412, 48.8768], [-125.19276, 48.87664], [-125.19194, 48.87618], [-125.19092, 48.87592], [-125.18969, 48.87593], [-125.18861, 48.87604], [-125.18821, 48.87594], [-125.18779, 48.87641], [-125.18717, 48.87688], [-125.18668, 48.87746], [-125.1862, 48.87805], [-125.18579, 48.8786], [-125.18525, 48.87923], [-125.18459, 48.87986], [-125.18321, 48.88025], [-125.18285, 48.88091], [-125.18246, 48.88164], [-125.18277, 48.88215], [-125.1833, 48.88167], [-125.18424, 48.88058], [-125.18508, 48.87946], [-125.18588, 48.8783], [-125.18581, 48.87778], [-125.1868, 48.87702], [-125.1876, 48.87621], [-125.18681, 48.87608], [-125.18598, 48.87657], [-125.1855, 48.87738], [-125.185, 48.87821], [-125.18446, 48.87908], [-125.18417, 48.8798], [-125.18345, 48.88063], [-125.1827, 48.88151], [-125.18262, 48.88223], [-125.18322, 48.88211], [-125.18402, 48.88118], [-125.18473, 48.8802], [-125.18542, 48.87924], [-125.18542, 48.8792], [-125.18621, 48.87861], [-125.18699, 48.87805], [-125.18751, 48.87714], [-125.18741, 48.87665], [-125.18793, 48.87647], [-125.18792, 48.87668], [-125.18743, 48.8773], [-125.18726, 48.87797], [-125.18657, 48.87856], [-125.18607, 48.87902], [-125.18547, 48.8796]]}, "properties": {"deployment": "dfo-bumblebee998-20240224", "glider": "bumblebee998", "group": "southern_line", "segment": 3, "n_points": 709, "deployment_start": "2024-02-24", "deployment_month": "2024-02", "segment_start": "2024-04-29T19:46", "segment_end": "2024-05-06T16:12", "segment_month": "2024-05", "epoch_days": 0, "segment_epoch_days": 65}}, {"type": "Feature", "geometry": {"type": "LineString", "coordinates": [[-126.20111, 49.08573], [-126.20166, 49.08626], [-126.20373, 49.08594], [-126.20498, 49.08593], [-126.20681, 49.08557], [-126.20754, 49.08633], [-126.20905, 49.08603], [-126.20998, 49.08558], [-126.21108, 49.08537], [-126.2126, 49.08503], [-126.21427, 49.08461], [-126.21531, 49.08433], [-126.21653, 49.08399], [-126.21793, 49.08366], [-126.21914, 49.08337], [-126.22045, 49.08304], [-126.2221, 49.08265], [-126.22383, 49.08236], [-126.22512, 49.08194], [-126.22649, 49.08158], [-126.2277, 49.08131], [-126.2293, 49.08092], [-126.23165, 49.08046], [-126.23436, 49.0802], [-126.23571, 49.07987], [-126.23701, 49.07955], [-126.23826, 49.07926], [-126.23962, 49.07892], [-126.24206, 49.07837], [-126.24632, 49.07781], [-126.24779, 49.07749], [-126.24914, 49.07715], [-126.25067, 49.07681], [-126.25233, 49.07642], [-126.25527, 49.07587], [-126.25921, 49.07523], [-126.26059, 49.07486], [-126.26201, 49.07452], [-126.26355, 49.07415], [-126.26519, 49.07376], [-126.26795, 49.07333], [-126.27477, 49.07324], [-126.27671, 49.07282], [-126.27834, 49.07244], [-126.27987, 49.07208], [-126.28156, 49.07169], [-126.28533, 49.07136], [-126.2923, 49.07175], [-126.29401, 49.07136], [-126.29599, 49.0709], [-126.29771, 49.07049], [-126.29969, 49.07013], [-126.30446, 49.07], [-126.31397, 49.07104], [-126.31598, 49.07058], [-126.31789, 49.07012], [-126.31993, 49.06968], [-126.32206, 49.06926], [-126.32759, 49.06947], [-126.33913, 49.07159], [-126.34133, 49.07108], [-126.34348, 49.07058], [-126.34534, 49.07017], [-126.34739, 49.06974], [-126.35364, 49.0702], [-126.36712, 49.07356], [-126.36968, 49.07296], [-126.37204, 49.07234], [-126.37412, 49.07183], [-126.37652, 49.07119], [-126.38172, 49.07195], [-126.39692, 49.07902], [-126.39944, 49.07837], [-126.40198, 49.07773], [-126.40408, 49.07722], [-126.40664, 49.07656], [-126.41224, 49.07792], [-126.42959, 49.08892], [-126.43239, 49.0883], [-126.43496, 49.08764], [-126.43762, 49.08701], [-126.44043, 49.08631], [-126.44822, 49.08973], [-126.46611, 49.10351], [-126.46876, 49.10301], [-126.47132, 49.10236], [-126.47399, 49.10171], [-126.47662, 49.10103], [-126.48318, 49.10365], [-126.50074, 49.11744], [-126.50346, 49.11697], [-126.50617, 49.11627], [-126.50854, 49.11567], [-126.51102, 49.11502], [-126.51643, 49.11626], [-126.5365, 49.12987], [-126.53938, 49.12929], [-126.54207, 49.12868], [-126.54457, 49.12809], [-126.54735, 49.12746], [-126.55419, 49.12947], [-126.57214, 49.13965], [-126.57481, 49.13915], [-126.57754, 49.1385], [-126.58012, 49.1379], [-126.5826, 49.1373], [-126.58882, 49.13854], [-126.60461, 49.14518], [-126.60716, 49.14463], [-126.60991, 49.144], [-126.61251, 49.14339], [-126.61529, 49.14272], [-126.62118, 49.14351], [-126.63452, 49.1483], [-126.63725, 49.14766], [-126.63991, 49.14689], [-126.64244, 49.14619], [-126.64486, 49.14552], [-126.64964, 49.14594], [-126.66046, 49.1501], [-126.66309, 49.14942], [-126.66589, 49.14863], [-126.66866, 49.14794], [-126.67111, 49.14726], [-126.6755, 49.14794], [-126.68567, 49.15343], [-126.68885, 49.15294], [-126.69145, 49.15216], [-126.69395, 49.15143], [-126.69662, 49.15062], [-126.70038, 49.15076], [-126.70862, 49.15531], [-126.71152, 49.15472], [-126.7142, 49.15392], [-126.71667, 49.15331], [-126.7193, 49.15253], [-126.72255, 49.15229], [-126.72954, 49.15689], [-126.73251, 49.15621], [-126.73522, 49.15539], [-126.73789, 49.15461], [-126.74056, 49.15379], [-126.74468, 49.15426], [-126.75076, 49.15846], [-126.75408, 49.15786], [-126.75734, 49.15806], [-126.76041, 49.15738], [-126.76342, 49.15646], [-126.76644, 49.15558], [-126.7692, 49.15677], [-126.77224, 49.15604], [-126.77571, 49.1558], [-126.77877, 49.15501], [-126.78037, 49.15534], [-126.78359, 49.15442], [-126.7862, 49.15411], [-126.78912, 49.15327], [-126.79208, 49.15271], [-126.79542, 49.1518], [-126.79802, 49.15077]]}, "properties": {"deployment": "dfo-bumblebee998-20240509", "glider": "bumblebee998", "group": "southern_line", "segment": 0, "n_points": 160, "deployment_start": "2024-05-09", "deployment_month": "2024-05", "segment_start": "2022-12-07T18:06", "segment_end": "2022-12-08T20:30", "segment_month": "2022-12", "epoch_days": 75, "segment_epoch_days": -444}}, {"type": "Feature", "geometry": {"type": "LineString", "coordinates": [[-126.21524, 49.00153], [-126.21287, 48.99905], [-126.2117, 48.99713], [-126.21268, 48.99568], [-126.21239, 48.99362], [-126.21404, 48.99262], [-126.21262, 48.98955], [-126.21427, 48.98802], [-126.21217, 48.98423], [-126.21322, 48.98215], [-126.21337, 48.97952], [-126.21496, 48.97778], [-126.21465, 48.97494], [-126.21662, 48.97352], [-126.21755, 48.97055], [-126.21901, 48.9695], [-126.22009, 48.96697], [-126.22183, 48.9647], [-126.22201, 48.96139], [-126.22415, 48.9599], [-126.22571, 48.95688], [-126.22776, 48.9556], [-126.22886, 48.95252], [-126.23089, 48.95049], [-126.23217, 48.9464], [-126.23455, 48.94491], [-126.23611, 48.94192], [-126.23788, 48.94085], [-126.24006, 48.93798], [-126.24232, 48.93574], [-126.24458, 48.93237], [-126.24702, 48.93109], [-126.24914, 48.92816], [-126.25142, 48.92686], [-126.2536, 48.92394], [-126.25595, 48.92223], [-126.25845, 48.91954], [-126.26089, 48.91818], [-126.26318, 48.91694], [-126.2654, 48.91569], [-126.26773, 48.91242], [-126.27025, 48.9105], [-126.27195, 48.90886], [-126.27464, 48.9075], [-126.27738, 48.90529], [-126.27959, 48.90405], [-126.28257, 48.90214], [-126.28512, 48.90045], [-126.28777, 48.89891], [-126.29052, 48.89741], [-126.29362, 48.89537], [-126.29558, 48.89407], [-126.29886, 48.89247], [-126.30198, 48.89064], [-126.30559, 48.88912], [-126.30859, 48.88747], [-126.31242, 48.88573], [-126.31475, 48.88423], [-126.31846, 48.88237], [-126.32161, 48.88061], [-126.32493, 48.87921], [-126.3276, 48.87764], [-126.33035, 48.87606], [-126.3333, 48.87423], [-126.3386, 48.87223], [-126.34197, 48.8703], [-126.34606, 48.86859], [-126.34945, 48.86677], [-126.35292, 48.8647], [-126.35594, 48.86285], [-126.35917, 48.86074], [-126.36236, 48.85869], [-126.36683, 48.85715], [-126.37, 48.85515], [-126.37392, 48.85299], [-126.37681, 48.85109], [-126.38008, 48.84898], [-126.38398, 48.84675], [-126.38856, 48.84575], [-126.39181, 48.84378], [-126.39525, 48.84217], [-126.39826, 48.84028], [-126.40117, 48.83903], [-126.40395, 48.83826], [-126.40749, 48.8376], [-126.41109, 48.8355], [-126.41523, 48.83412], [-126.41831, 48.83201], [-126.42034, 48.83073], [-126.42199, 48.83022], [-126.42584, 48.83056], [-126.42734, 48.82995], [-126.43025, 48.82942], [-126.43174, 48.82871], [-126.43441, 48.8282], [-126.43687, 48.82752], [-126.43865, 48.82746], [-126.44013, 48.82672], [-126.44254, 48.82641], [-126.44396, 48.82569], [-126.44626, 48.8255], [-126.44854, 48.82484], [-126.45059, 48.82507], [-126.45248, 48.8242], [-126.45389, 48.82323], [-126.45541, 48.82227], [-126.45823, 48.82311], [-126.4606, 48.82275], [-126.46159, 48.82291], [-126.46315, 48.82192], [-126.465, 48.82204], [-126.46656, 48.82131], [-126.4685, 48.82128], [-126.47024, 48.82057], [-126.47004, 48.82075], [-126.47171, 48.81976], [-126.47347, 48.81988], [-126.47481, 48.81885], [-126.47591, 48.81882], [-126.47746, 48.81798], [-126.47794, 48.81791], [-126.47971, 48.81695], [-126.48122, 48.81595], [-126.48285, 48.81484], [-126.48454, 48.81555], [-126.48617, 48.81448], [-126.48706, 48.81347], [-126.48916, 48.8121], [-126.49097, 48.81184], [-126.49253, 48.81058], [-126.49487, 48.81006], [-126.49698, 48.80859], [-126.49839, 48.80699], [-126.50057, 48.80565], [-126.50391, 48.80465], [-126.50634, 48.80312], [-126.50837, 48.80177], [-126.51143, 48.79975], [-126.51478, 48.79788], [-126.51754, 48.79604], [-126.52011, 48.794], [-126.52284, 48.79171], [-126.52789, 48.78936], [-126.53295, 48.78474], [-126.53907, 48.78003], [-126.54474, 48.77464], [-126.55141, 48.76818], [-126.55868, 48.76075], [-126.56812, 48.75189], [-126.57843, 48.74056], [-126.58433, 48.725], [-126.5982, 48.71244], [-126.61328, 48.69956], [-126.62871, 48.68526], [-126.64447, 48.67095], [-126.65911, 48.65586], [-126.64232, 48.64393], [-126.6635, 48.64953], [-126.6655, 48.63853], [-126.68635, 48.63076], [-126.70008, 48.6214], [-126.72064, 48.61358], [-126.7409, 48.606], [-126.76102, 48.59836], [-126.76479, 48.5947], [-126.78322, 48.58722]]}, "properties": {"deployment": "dfo-bumblebee998-20240509", "glider": "bumblebee998", "group": "southern_line", "segment": 1, "n_points": 166, "deployment_start": "2024-05-09", "deployment_month": "2024-05", "segment_start": "2024-02-24T19:58", "segment_end": "2024-02-26T22:35", "segment_month": "2024-02", "epoch_days": 75, "segment_epoch_days": 0}}, {"type": "Feature", "geometry": {"type": "LineString", "coordinates": [[-126.78588, 48.60656], [-126.7593, 48.61693], [-126.7341, 48.62696], [-126.74323, 48.62243], [-126.76276, 48.61536], [-126.78172, 48.60848]]}, "properties": {"deployment": "dfo-bumblebee998-20240509", "glider": "bumblebee998", "group": "southern_line", "segment": 2, "n_points": 6, "deployment_start": "2024-05-09", "deployment_month": "2024-05", "segment_start": "2024-03-28T08:55", "segment_end": "2024-03-28T17:20", "segment_month": "2024-03", "epoch_days": 75, "segment_epoch_days": 33}}, {"type": "Feature", "geometry": {"type": "LineString", "coordinates": [[-126.79719, 48.60485], [-126.77813, 48.60325], [-126.75879, 48.61167], [-126.74048, 48.61954], [-126.72585, 48.62609], [-126.71342, 48.63838], [-126.68818, 48.6442], [-126.66426, 48.64668], [-126.64278, 48.63799], [-126.62269, 48.62814], [-126.60236, 48.61862], [-126.61004, 48.61829], [-126.59221, 48.61038], [-126.57543, 48.60308], [-126.55818, 48.59543], [-126.5418, 48.58772], [-126.52405, 48.57955], [-126.52926, 48.57373], [-126.55221, 48.58673], [-126.57449, 48.59957], [-126.59755, 48.61224], [-126.62041, 48.62493], [-126.64433, 48.63722], [-126.66084, 48.63786], [-126.66016, 48.64589], [-126.64128, 48.63671], [-126.62174, 48.62741], [-126.60252, 48.61796], [-126.58227, 48.60896], [-126.57384, 48.6135], [-126.56871, 48.61064], [-126.56441, 48.60783], [-126.56015, 48.60534], [-126.55454, 48.59752], [-126.54955, 48.59434], [-126.53682, 48.58569], [-126.51612, 48.57673], [-126.49575, 48.56752], [-126.47463, 48.55865], [-126.45363, 48.5497], [-126.43162, 48.54191], [-126.41143, 48.5453], [-126.40705, 48.533], [-126.38019, 48.54116], [-126.35601, 48.54643], [-126.33272, 48.55133], [-126.30965, 48.55601], [-126.28665, 48.56117], [-126.26532, 48.56578], [-126.24446, 48.57028], [-126.22347, 48.5748], [-126.2109, 48.57733], [-126.20656, 48.57796], [-126.20744, 48.57637], [-126.20289, 48.57723], [-126.1987, 48.57814], [-126.1946, 48.57905], [-126.18843, 48.57995], [-126.17564, 48.58216], [-126.16922, 48.58177], [-126.16287, 48.58312], [-126.15771, 48.58416], [-126.15403, 48.58489], [-126.1513, 48.58534], [-126.14904, 48.58553], [-126.14875, 48.58598], [-126.14676, 48.58647], [-126.14509, 48.58669], [-126.14352, 48.58681], [-126.14208, 48.58694], [-126.1403, 48.58818], [-126.13839, 48.5912], [-126.13459, 48.59199], [-126.13107, 48.59155], [-126.12747, 48.59195], [-126.12382, 48.59246], [-126.12014, 48.59299], [-126.11687, 48.59352], [-126.11352, 48.59404], [-126.10964, 48.59202], [-126.10565, 48.59208], [-126.1015, 48.59248], [-126.09753, 48.59324], [-126.09409, 48.59292], [-126.09113, 48.59341], [-126.08805, 48.59396], [-126.08469, 48.59442], [-126.08133, 48.59514], [-126.07794, 48.59584], [-126.07403, 48.59498], [-126.07025, 48.59562], [-126.06566, 48.59539], [-126.06239, 48.59607], [-126.05936, 48.59689], [-126.05678, 48.59758], [-126.05335, 48.5981], [-126.05068, 48.59875], [-126.04793, 48.59934], [-126.04533, 48.59998], [-126.04195, 48.60079], [-126.03892, 48.6014], [-126.03505, 48.60042], [-126.03191, 48.60106], [-126.02903, 48.60151], [-126.0267, 48.60213], [-126.02389, 48.60276], [-126.02114, 48.60333], [-126.01862, 48.604], [-126.01626, 48.60457], [-126.0115, 48.60468], [-126.0075, 48.60515], [-126.00458, 48.60318], [-126.00141, 48.60369], [-125.99791, 48.60398], [-125.99512, 48.60466], [-125.99264, 48.6055], [-125.99033, 48.60637], [-125.98782, 48.60716], [-125.98548, 48.6079], [-125.98275, 48.60866], [-125.9805, 48.60936], [-125.97815, 48.61011], [-125.97555, 48.61093], [-125.97286, 48.61178], [-125.97067, 48.61247], [-125.96108, 48.60795], [-125.95697, 48.60763], [-125.95467, 48.60847], [-125.95248, 48.60923], [-125.95014, 48.61006], [-125.94642, 48.60983], [-125.94115, 48.60623], [-125.93888, 48.60715], [-125.93661, 48.6081], [-125.93435, 48.60889], [-125.9319, 48.60978], [-125.93, 48.61052], [-125.92799, 48.61138], [-125.9258, 48.61228], [-125.92349, 48.61319], [-125.92157, 48.61387], [-125.91346, 48.60896], [-125.90993, 48.60814], [-125.90793, 48.609], [-125.90608, 48.60976], [-125.90149, 48.60793], [-125.89911, 48.60814], [-125.89714, 48.60906], [-125.89543, 48.60991], [-125.89355, 48.61082], [-125.89013, 48.61017], [-125.88651, 48.6069], [-125.88497, 48.60758], [-125.88308, 48.60741], [-125.88128, 48.60798], [-125.87893, 48.60786], [-125.87737, 48.60865], [-125.87606, 48.60941], [-125.87469, 48.61013], [-125.873, 48.61106], [-125.8716, 48.61178], [-125.86867, 48.60979], [-125.86667, 48.60973], [-125.86539, 48.61079], [-125.86443, 48.61162], [-125.86265, 48.61063], [-125.86093, 48.61092], [-125.85979, 48.61177], [-125.85883, 48.6126], [-125.85742, 48.61359], [-125.85563, 48.61299], [-125.85519, 48.61107], [-125.85397, 48.61158], [-125.85311, 48.61152], [-125.85201, 48.61193], [-125.85122, 48.6121], [-125.85042, 48.61265], [-125.84935, 48.61336], [-125.84832, 48.61402], [-125.84797, 48.61378], [-125.84727, 48.61429], [-125.84664, 48.61443], [-125.84573, 48.61504], [-125.84498, 48.61563], [-125.84419, 48.61635], [-125.84438, 48.61601], [-125.84365, 48.61643], [-125.84335, 48.6161], [-125.84248, 48.61643], [-125.84145, 48.61713], [-125.84088, 48.61797], [-125.84181, 48.61836], [-125.84051, 48.61882], [-125.83942, 48.61963], [-125.8385, 48.62027], [-125.83935, 48.62053], [-125.839, 48.62112], [-125.83803, 48.62182], [-125.83702, 48.62245], [-125.83611, 48.62316], [-125.83526, 48.62379], [-125.83429, 48.62452], [-125.83324, 48.62509], [-125.83235, 48.62573], [-125.83135, 48.62629], [-125.83466, 48.62627], [-125.83559, 48.62675], [-125.83598, 48.62743], [-125.83524, 48.62807], [-125.83428, 48.62877], [-125.83375, 48.62947], [-125.83568, 48.62981], [-125.83447, 48.63017], [-125.83356, 48.63077], [-125.83266, 48.63137], [-125.8318, 48.63203], [-125.83092, 48.63259], [-125.83246, 48.63334], [-125.83223, 48.63394], [-125.83205, 48.63476], [-125.83131, 48.63538], [-125.8312, 48.63621], [-125.83043, 48.63686], [-125.83019, 48.63759], [-125.8294, 48.63819], [-125.82909, 48.63907], [-125.82809, 48.63965], [-125.82714, 48.64029], [-125.82609, 48.64103], [-125.82694, 48.6422], [-125.82622, 48.64305], [-125.82599, 48.64374], [-125.82495, 48.64406], [-125.82443, 48.64484], [-125.82345, 48.64538], [-125.8225, 48.64602], [-125.82159, 48.64662], [-125.82081, 48.64718], [-125.81996, 48.64759], [-125.82071, 48.64906], [-125.82028, 48.64991], [-125.81977, 48.65079], [-125.81875, 48.65133], [-125.81839, 48.65216], [-125.81739, 48.65271], [-125.81641, 48.65331], [-125.81565, 48.65376], [-125.81463, 48.65437], [-125.81361, 48.65492], [-125.81447, 48.65666], [-125.81377, 48.65775], [-125.81295, 48.65823], [-125.81181, 48.65862], [-125.81101, 48.6591], [-125.81016, 48.65953], [-125.80913, 48.66015], [-125.80808, 48.66073], [-125.80725, 48.66125], [-125.80641, 48.66166], [-125.80537, 48.66228], [-125.8044, 48.66284], [-125.80355, 48.66332], [-125.80252, 48.6638], [-125.80573, 48.66817], [-125.80472, 48.66841], [-125.804, 48.66931], [-125.80277, 48.66975], [-125.80204, 48.67063], [-125.80089, 48.67109], [-125.79981, 48.67148], [-125.79882, 48.67211], [-125.79906, 48.67388], [-125.79752, 48.67401], [-125.79709, 48.67477], [-125.79604, 48.67494], [-125.79536, 48.67567], [-125.79406, 48.67601], [-125.79332, 48.67676], [-125.79229, 48.67695], [-125.79108, 48.67719], [-125.78961, 48.67738], [-125.78969, 48.67904], [-125.78862, 48.67916], [-125.78764, 48.6797], [-125.7862, 48.67973], [-125.78575, 48.68067], [-125.78461, 48.68057], [-125.78364, 48.68096], [-125.78214, 48.68082], [-125.7805, 48.68077], [-125.77959, 48.68145], [-125.7807, 48.683], [-125.77942, 48.68246], [-125.77782, 48.68201], [-125.776, 48.68148], [-125.77572, 48.68212], [-125.77425, 48.68122], [-125.77201, 48.68146], [-125.76954, 48.6825], [-125.76692, 48.68349], [-125.76458, 48.68463], [-125.76354, 48.68829], [-125.76106, 48.68929], [-125.75862, 48.69137], [-125.75607, 48.69237], [-125.75339, 48.69335], [-125.75045, 48.69435], [-125.74856, 48.69738], [-125.74594, 48.6984], [-125.74315, 48.69932], [-125.74009, 48.70065], [-125.73933, 48.70392], [-125.73614, 48.70499], [-125.73311, 48.70667], [-125.72984, 48.70774], [-125.72632, 48.70931], [-125.72261, 48.71026], [-125.71915, 48.71148], [-125.71568, 48.71244], [-125.71192, 48.71352], [-125.70842, 48.71446], [-125.70478, 48.71532], [-125.7015, 48.71625], [-125.69809, 48.71729], [-125.69485, 48.71833], [-125.69107, 48.71925], [-125.68743, 48.72029], [-125.68036, 48.72216], [-125.67698, 48.72328], [-125.67371, 48.72447], [-125.66954, 48.72578], [-125.66607, 48.72655], [-125.66511, 48.72633], [-125.65952, 48.72607], [-125.65561, 48.72598], [-125.64982, 48.72561], [-125.6458, 48.7256], [-125.64142, 48.72558], [-125.63717, 48.72572], [-125.63245, 48.72584], [-125.62754, 48.72607], [-125.62245, 48.72614], [-125.61748, 48.72638], [-125.61312, 48.72644], [-125.60922, 48.72664], [-125.60576, 48.72672], [-125.60269, 48.72681], [-125.59956, 48.72683], [-125.59686, 48.72696], [-125.59411, 48.72699], [-125.58755, 48.72636], [-125.57095, 48.72363], [-125.56721, 48.72413], [-125.56355, 48.72442], [-125.55999, 48.72491], [-125.5565, 48.7252], [-125.55298, 48.72556], [-125.54939, 48.72591], [-125.54531, 48.72642], [-125.54079, 48.72701], [-125.53635, 48.72771], [-125.53379, 48.72883], [-125.52949, 48.72947], [-125.52626, 48.73022], [-125.52208, 48.73057], [-125.51773, 48.73097], [-125.51366, 48.73145], [-125.50952, 48.73185], [-125.50545, 48.73226], [-125.50715, 48.73397], [-125.5035, 48.73382], [-125.50258, 48.73392], [-125.49866, 48.73353], [-125.49719, 48.73381], [-125.49412, 48.7341], [-125.49303, 48.73464], [-125.4901, 48.73498], [-125.48673, 48.73523], [-125.48325, 48.73547], [-125.4797, 48.73567], [-125.47661, 48.7359], [-125.4734, 48.73606], [-125.47233, 48.73656], [-125.47787, 48.73673], [-125.47512, 48.73654], [-125.47365, 48.73651], [-125.47138, 48.73662], [-125.4697, 48.73645], [-125.46718, 48.73649], [-125.4653, 48.73628], [-125.46303, 48.73637], [-125.46059, 48.73648], [-125.45833, 48.73661], [-125.45609, 48.73682], [-125.45392, 48.73683], [-125.45464, 48.73464], [-125.45268, 48.73461], [-125.45079, 48.73463], [-125.44891, 48.73451], [-125.44681, 48.7346], [-125.44484, 48.73456], [-125.44299, 48.73463], [-125.44128, 48.73462], [-125.43927, 48.73468], [-125.43738, 48.73465], [-125.43566, 48.73478], [-125.43342, 48.73435], [-125.43056, 48.73173], [-125.42874, 48.73164], [-125.42681, 48.73184], [-125.42494, 48.73192], [-125.42306, 48.73202], [-125.4213, 48.73216], [-125.41933, 48.7323], [-125.41756, 48.73235], [-125.41575, 48.73252], [-125.41389, 48.73251], [-125.41199, 48.73271], [-125.40956, 48.73267], [-125.40545, 48.73086], [-125.40352, 48.73099], [-125.40166, 48.73122], [-125.3999, 48.73132], [-125.39812, 48.73159], [-125.39619, 48.73172], [-125.39422, 48.73186], [-125.39246, 48.7319], [-125.39053, 48.73201], [-125.38878, 48.73214], [-125.38671, 48.73237], [-125.38473, 48.73269], [-125.38515, 48.73322], [-125.38337, 48.73329], [-125.38151, 48.73349], [-125.37993, 48.73371], [-125.37825, 48.73379], [-125.37693, 48.7339], [-125.37545, 48.73397], [-125.37382, 48.73405], [-125.37198, 48.73421], [-125.37039, 48.73432], [-125.36863, 48.73445], [-125.36689, 48.73499], [-125.36664, 48.73812], [-125.36501, 48.73831], [-125.36348, 48.73844], [-125.36185, 48.73841], [-125.36, 48.7385], [-125.35837, 48.73867], [-125.35667, 48.73886], [-125.35508, 48.73898], [-125.35325, 48.73924], [-125.35157, 48.73946], [-125.34979, 48.7398], [-125.34756, 48.74041], [-125.3457, 48.74047], [-125.34413, 48.74056], [-125.34223, 48.74076], [-125.34025, 48.74107], [-125.33845, 48.74142], [-125.3368, 48.74157], [-125.33489, 48.74191], [-125.33319, 48.74217], [-125.33137, 48.74253], [-125.3286, 48.74264], [-125.32485, 48.74173], [-125.32271, 48.74218], [-125.32065, 48.74275], [-125.31845, 48.7431], [-125.31618, 48.74378], [-125.31414, 48.74439], [-125.31201, 48.74491], [-125.30979, 48.74532], [-125.30776, 48.74581], [-125.30433, 48.74585], [-125.29768, 48.74457], [-125.29629, 48.74556], [-125.29512, 48.74642], [-125.29397, 48.74726], [-125.29271, 48.74825], [-125.29155, 48.74914], [-125.29043, 48.75021], [-125.28973, 48.75127], [-125.2893, 48.75224], [-125.2879, 48.75238], [-125.28661, 48.74992], [-125.28595, 48.75039], [-125.28522, 48.75113], [-125.2844, 48.7518], [-125.28367, 48.75251], [-125.28287, 48.75315], [-125.28207, 48.75385], [-125.28131, 48.75449], [-125.28072, 48.75508], [-125.28035, 48.7557], [-125.28069, 48.75547], [-125.27984, 48.75569], [-125.27935, 48.75623], [-125.27896, 48.75662], [-125.27857, 48.75702], [-125.27794, 48.75737], [-125.27754, 48.75785], [-125.27705, 48.75822], [-125.27668, 48.75863], [-125.27675, 48.75905], [-125.27687, 48.75941], [-125.27658, 48.75998], [-125.27614, 48.76061], [-125.27581, 48.7611], [-125.27609, 48.76249], [-125.27587, 48.76316], [-125.27549, 48.76391], [-125.2751, 48.76541], [-125.27521, 48.76686], [-125.27477, 48.76775], [-125.27425, 48.76849], [-125.27385, 48.76937], [-125.27335, 48.7703], [-125.27294, 48.77118], [-125.27251, 48.77209], [-125.27215, 48.77361], [-125.27206, 48.77654], [-125.27136, 48.77778], [-125.27066, 48.77892], [-125.27003, 48.77995], [-125.26942, 48.78131], [-125.26871, 48.78233], [-125.26815, 48.78352], [-125.26679, 48.7857], [-125.26401, 48.78847], [-125.26288, 48.78986], [-125.26184, 48.79104], [-125.26085, 48.79211], [-125.25985, 48.79331], [-125.25914, 48.79416], [-125.25827, 48.79539], [-125.25717, 48.79671], [-125.25547, 48.79747], [-125.25497, 48.79875], [-125.25446, 48.80008], [-125.25453, 48.80114], [-125.25467, 48.80266], [-125.25492, 48.80366], [-125.25509, 48.80487], [-125.25531, 48.80637], [-125.2544, 48.80779], [-125.25468, 48.80937], [-125.2551, 48.81101], [-125.25563, 48.81219], [-125.25615, 48.81355], [-125.25671, 48.81475], [-125.2575, 48.8164], [-125.25773, 48.81804], [-125.25675, 48.81896], [-125.25816, 48.82099], [-125.25984, 48.82316], [-125.26138, 48.82527], [-125.26284, 48.82746], [-125.2624, 48.82977], [-125.25957, 48.83038], [-125.25836, 48.83288], [-125.25637, 48.8346], [-125.25587, 48.83701], [-125.25392, 48.83844], [-125.25373, 48.84059], [-125.25352, 48.84291], [-125.25363, 48.84478], [-125.25357, 48.84675], [-125.25226, 48.8478], [-125.24787, 48.84528], [-125.24636, 48.84664], [-125.24547, 48.84745], [-125.24453, 48.84892], [-125.2431, 48.84838], [-125.24243, 48.8496], [-125.24193, 48.85092], [-125.24147, 48.85227], [-125.24063, 48.85166], [-125.2403, 48.85279], [-125.24, 48.85363], [-125.23966, 48.85475], [-125.23857, 48.85444], [-125.23853, 48.85556], [-125.23862, 48.85666], [-125.23863, 48.85768], [-125.23765, 48.85732], [-125.23788, 48.85828], [-125.23821, 48.85932], [-125.23825, 48.8603], [-125.23764, 48.86009], [-125.23782, 48.86091], [-125.23692, 48.86137], [-125.23566, 48.86171], [-125.23323, 48.86032], [-125.23348, 48.86097], [-125.23349, 48.86185], [-125.23334, 48.86286], [-125.23266, 48.86356], [-125.23257, 48.86446], [-125.23258, 48.86535], [-125.2324, 48.86635], [-125.23157, 48.8668], [-125.23152, 48.86776], [-125.2315, 48.86879], [-125.23141, 48.86985], [-125.23034, 48.87066], [-125.23034, 48.87172], [-125.23025, 48.87275], [-125.22999, 48.87391], [-125.22875, 48.87488], [-125.22884, 48.87598], [-125.22897, 48.87712], [-125.22899, 48.87854], [-125.22825, 48.87986], [-125.22847, 48.88125], [-125.22869, 48.88252], [-125.22869, 48.88384], [-125.22745, 48.8848], [-125.22757, 48.88615], [-125.22781, 48.88731], [-125.2281, 48.88861], [-125.22792, 48.88992], [-125.22828, 48.89134], [-125.22852, 48.89281], [-125.22874, 48.89432], [-125.22854, 48.89534], [-125.22876, 48.89672], [-125.22758, 48.89782], [-125.22555, 48.89905], [-125.22379, 48.90005], [-125.22295, 48.8988], [-125.22227, 48.89749], [-125.22173, 48.89624], [-125.22164, 48.89577], [-125.22102, 48.89451], [-125.22029, 48.89313], [-125.21937, 48.89177], [-125.21881, 48.89149], [-125.21755, 48.89057], [-125.216, 48.88969], [-125.21451, 48.88871], [-125.21392, 48.88827], [-125.21265, 48.88746], [-125.21112, 48.88663], [-125.20981, 48.88573], [-125.20947, 48.88489], [-125.20799, 48.88406], [-125.20657, 48.8834], [-125.20496, 48.88274], [-125.2042, 48.88225], [-125.20316, 48.88146], [-125.20155, 48.88089], [-125.20011, 48.88027], [-125.19973, 48.87957], [-125.19871, 48.87893], [-125.19732, 48.87862], [-125.19599, 48.87819], [-125.19621, 48.87751], [-125.19557, 48.87695], [-125.19411, 48.8768], [-125.19253, 48.87657], [-125.19201, 48.87625], [-125.19099, 48.87592], [-125.18965, 48.87593], [-125.18854, 48.87602], [-125.18822, 48.8759], [-125.1878, 48.87638], [-125.18712, 48.87693], [-125.18659, 48.87758], [-125.18617, 48.87806], [-125.18582, 48.87858], [-125.18535, 48.87912], [-125.18437, 48.87989], [-125.18322, 48.88022], [-125.18281, 48.88099], [-125.18243, 48.8817], [-125.1828, 48.88213], [-125.18314, 48.88179], [-125.18412, 48.88078], [-125.18507, 48.87947], [-125.18589, 48.87819], [-125.18571, 48.87785], [-125.18672, 48.87709], [-125.1876, 48.87627], [-125.18682, 48.87609], [-125.18599, 48.87657], [-125.18544, 48.87749], [-125.18502, 48.87819], [-125.18444, 48.87911], [-125.18418, 48.87975], [-125.18346, 48.88062], [-125.18271, 48.8815], [-125.18262, 48.88221], [-125.18312, 48.88212], [-125.184, 48.88122], [-125.18464, 48.8803], [-125.18537, 48.87921], [-125.1854, 48.87915], [-125.18629, 48.87852], [-125.18686, 48.87815], [-125.18748, 48.87714], [-125.18734, 48.87671], [-125.18796, 48.87651], [-125.18796, 48.87665], [-125.1874, 48.87741], [-125.18722, 48.87798], [-125.18638, 48.87866], [-125.18605, 48.87897], [-125.18537, 48.87969]]}, "properties": {"deployment": "dfo-bumblebee998-20240509", "glider": "bumblebee998", "group": "southern_line", "segment": 3, "n_points": 709, "deployment_start": "2024-05-09", "deployment_month": "2024-05", "segment_start": "2024-04-29T19:48", "segment_end": "2024-05-06T16:13", "segment_month": "2024-05", "epoch_days": 75, "segment_epoch_days": 65}}, {"type": "Feature", "geometry": {"type": "LineString", "coordinates": [[-125.18406, 48.88014], [-125.18279, 48.8802], [-125.18231, 48.88003], [-125.18442, 48.8803], [-125.18498, 48.88027], [-125.18691, 48.88007], [-125.18762, 48.87987], [-125.18994, 48.87977], [-125.19076, 48.87947], [-125.19288, 48.87939], [-125.19331, 48.87931], [-125.19534, 48.87924], [-125.19702, 48.87923], [-125.19855, 48.87919], [-125.20045, 48.87916], [-125.20228, 48.87914], [-125.20418, 48.87927], [-125.20616, 48.87906], [-125.20688, 48.87862], [-125.20869, 48.87875], [-125.21061, 48.87888], [-125.21251, 48.87895], [-125.21428, 48.87863], [-125.21584, 48.87794], [-125.21734, 48.87719], [-125.21918, 48.87598], [-125.21985, 48.87493], [-125.22152, 48.87405], [-125.22313, 48.87319], [-125.2246, 48.87234], [-125.22624, 48.87152], [-125.22775, 48.87064], [-125.22933, 48.86977], [-125.23101, 48.86865], [-125.23215, 48.86722], [-125.23397, 48.8664], [-125.23585, 48.8654], [-125.23772, 48.8644], [-125.23939, 48.86347], [-125.24096, 48.86259], [-125.24259, 48.86078], [-125.24444, 48.85955], [-125.24621, 48.85822], [-125.24791, 48.85705], [-125.24959, 48.85604], [-125.25106, 48.85499], [-125.25246, 48.85389], [-125.25341, 48.85261], [-125.25403, 48.8512], [-125.25482, 48.84948], [-125.25677, 48.84813], [-125.2579, 48.84644], [-125.25856, 48.84463], [-125.25914, 48.84312], [-125.25981, 48.84192], [-125.26056, 48.84021], [-125.26095, 48.83843], [-125.26178, 48.83649], [-125.26381, 48.83503], [-125.2637, 48.83309], [-125.26328, 48.83129], [-125.26274, 48.82948], [-125.26228, 48.82765], [-125.26194, 48.82582], [-125.26157, 48.82399], [-125.26113, 48.82213], [-125.2615, 48.82192], [-125.26136, 48.82023], [-125.26078, 48.8185], [-125.26028, 48.8171], [-125.25994, 48.81569], [-125.25951, 48.81432], [-125.25903, 48.81295], [-125.25835, 48.81164], [-125.25599, 48.81267], [-125.2557, 48.81174], [-125.25561, 48.81099], [-125.25558, 48.81007], [-125.25542, 48.80912], [-125.25544, 48.80848], [-125.25536, 48.80778], [-125.25554, 48.80687], [-125.25604, 48.80599], [-125.25581, 48.80543], [-125.25549, 48.80441], [-125.25527, 48.80373], [-125.25516, 48.80293], [-125.25507, 48.80262], [-125.25457, 48.80179], [-125.25445, 48.80106], [-125.25447, 48.8008], [-125.25459, 48.80052], [-125.2553, 48.79983], [-125.25597, 48.79925], [-125.25673, 48.79844], [-125.25723, 48.79805], [-125.25802, 48.79722], [-125.25842, 48.79678], [-125.25826, 48.79723], [-125.25923, 48.79716], [-125.25999, 48.79642], [-125.26056, 48.7959], [-125.26118, 48.79529], [-125.26203, 48.79458], [-125.26307, 48.79351], [-125.26424, 48.79264], [-125.26476, 48.79314], [-125.26569, 48.79211], [-125.26658, 48.79122], [-125.26715, 48.79046], [-125.2678, 48.78969], [-125.26852, 48.7888], [-125.26926, 48.7879], [-125.26988, 48.78698], [-125.27063, 48.78593], [-125.2717, 48.78509], [-125.27247, 48.78418], [-125.27294, 48.7834], [-125.27366, 48.78261], [-125.27418, 48.78185], [-125.27482, 48.78108], [-125.27577, 48.77975], [-125.27685, 48.77764], [-125.27745, 48.77669], [-125.27814, 48.7758], [-125.27869, 48.77498], [-125.27947, 48.77395], [-125.28005, 48.77293], [-125.28066, 48.77208], [-125.28136, 48.77061], [-125.28316, 48.76781], [-125.28431, 48.76648], [-125.28486, 48.76532], [-125.28527, 48.76426], [-125.28586, 48.76295], [-125.28621, 48.76187], [-125.2867, 48.76075], [-125.28739, 48.75913], [-125.28868, 48.75717], [-125.28884, 48.75555], [-125.28898, 48.75405], [-125.28893, 48.75263], [-125.28986, 48.7518], [-125.29197, 48.75179], [-125.2939, 48.75173], [-125.29618, 48.75162], [-125.29859, 48.75003], [-125.30096, 48.75013], [-125.30329, 48.75001], [-125.30558, 48.74992], [-125.30829, 48.74981], [-125.31088, 48.74982], [-125.31317, 48.74971], [-125.31612, 48.74953], [-125.31805, 48.74871], [-125.3207, 48.74879], [-125.32363, 48.74875], [-125.32589, 48.74865], [-125.32863, 48.7489], [-125.33095, 48.74901], [-125.3344, 48.74905], [-125.33775, 48.74896], [-125.34042, 48.749], [-125.34325, 48.74886], [-125.34571, 48.74879], [-125.34815, 48.74866], [-125.35162, 48.74924], [-125.35423, 48.7492], [-125.3568, 48.74908], [-125.36092, 48.74902], [-125.36351, 48.74862], [-125.36628, 48.7483], [-125.36988, 48.74848], [-125.37308, 48.74836], [-125.3764, 48.74849], [-125.37921, 48.74824], [-125.3825, 48.74791], [-125.38571, 48.74756], [-125.38847, 48.74735], [-125.3917, 48.74722], [-125.39719, 48.74819], [-125.3999, 48.7478], [-125.40333, 48.74795], [-125.40605, 48.74773], [-125.40923, 48.74736], [-125.41242, 48.74714], [-125.41707, 48.7478], [-125.4206, 48.74775], [-125.4245, 48.74792], [-125.42883, 48.74773], [-125.43348, 48.74796], [-125.4371, 48.74758], [-125.44036, 48.74704], [-125.44353, 48.74657], [-125.44678, 48.74597], [-125.44994, 48.74532], [-125.45424, 48.74619], [-125.45803, 48.74573], [-125.46158, 48.74474], [-125.46514, 48.74392], [-125.4686, 48.74278], [-125.47202, 48.74173], [-125.47552, 48.74056], [-125.47884, 48.73939], [-125.48167, 48.74098], [-125.48455, 48.73952], [-125.48702, 48.73876], [-125.49009, 48.73704], [-125.49344, 48.73527], [-125.49634, 48.73406], [-125.49825, 48.73564], [-125.50238, 48.7356], [-125.50561, 48.73539], [-125.50962, 48.73537], [-125.51386, 48.73529], [-125.51809, 48.73529], [-125.51914, 48.73575], [-125.52322, 48.73585], [-125.52567, 48.73574], [-125.53026, 48.73551], [-125.53484, 48.73537], [-125.53996, 48.73509], [-125.54524, 48.73492], [-125.54992, 48.73469], [-125.55464, 48.73447], [-125.55968, 48.73435], [-125.55148, 48.7326], [-125.55527, 48.73245], [-125.56035, 48.73239], [-125.56451, 48.73192], [-125.55777, 48.73028], [-125.5626, 48.73028], [-125.56298, 48.72966], [-125.56723, 48.72952], [-125.56635, 48.72904], [-125.57017, 48.72904], [-125.56958, 48.72843], [-125.57299, 48.72842], [-125.57657, 48.72867], [-125.58019, 48.72878], [-125.57552, 48.72699], [-125.57839, 48.72691], [-125.58196, 48.72718], [-125.58551, 48.72726], [-125.58895, 48.72753], [-125.59219, 48.72767], [-125.59542, 48.72789], [-125.59867, 48.72803], [-125.60183, 48.7282], [-125.60136, 48.7274], [-125.58564, 48.72383], [-125.5878, 48.72406], [-125.58992, 48.72443], [-125.59203, 48.72457], [-125.59416, 48.72485], [-125.59663, 48.72498], [-125.59945, 48.72535], [-125.60206, 48.72546], [-125.60545, 48.72576], [-125.60981, 48.7259], [-125.61404, 48.7259], [-125.61805, 48.72589], [-125.62167, 48.72606], [-125.62559, 48.72608], [-125.62925, 48.72635], [-125.63246, 48.72646], [-125.63557, 48.72668], [-125.63904, 48.72676], [-125.64235, 48.72687], [-125.64415, 48.72775], [-125.62912, 48.73577], [-125.63169, 48.73525], [-125.63524, 48.73601], [-125.63743, 48.73528], [-125.63982, 48.73477], [-125.642, 48.73407], [-125.64795, 48.73574], [-125.65009, 48.73472], [-125.65444, 48.73501], [-125.65625, 48.7337], [-125.65826, 48.73252], [-125.6599, 48.73137], [-125.66161, 48.73025], [-125.66462, 48.72945], [-125.67277, 48.7308], [-125.66992, 48.72862], [-125.66894, 48.72747], [-125.6682, 48.72619], [-125.67357, 48.72596], [-125.67626, 48.72491], [-125.68169, 48.72414], [-125.68472, 48.72297], [-125.69112, 48.72262], [-125.69422, 48.72135], [-125.69932, 48.72053], [-125.70237, 48.71919], [-125.70866, 48.71871], [-125.71158, 48.71727], [-125.71755, 48.71684], [-125.72043, 48.71516], [-125.72304, 48.71369], [-125.72593, 48.71212], [-125.73483, 48.71194], [-125.73727, 48.71039], [-125.74355, 48.70915], [-125.74615, 48.70747], [-125.74794, 48.70586], [-125.74936, 48.70443], [-125.75101, 48.70284], [-125.75254, 48.70131], [-125.75421, 48.69991], [-125.75767, 48.69867], [-125.77667, 48.7018], [-125.77723, 48.70068], [-125.77936, 48.70024], [-125.77942, 48.69919], [-125.7823, 48.69887], [-125.78262, 48.69792], [-125.78233, 48.697], [-125.78214, 48.6961], [-125.78685, 48.69664], [-125.78688, 48.69595], [-125.78898, 48.69603], [-125.78856, 48.69541], [-125.78788, 48.69457], [-125.78726, 48.69377], [-125.78672, 48.69311], [-125.78617, 48.69231], [-125.78547, 48.69148], [-125.78505, 48.69088], [-125.79299, 48.69356], [-125.79439, 48.69366], [-125.79666, 48.69475], [-125.79652, 48.69423], [-125.79706, 48.69435], [-125.79688, 48.69397], [-125.79613, 48.69344], [-125.79559, 48.6929], [-125.79469, 48.6923], [-125.7939, 48.69167], [-125.79319, 48.69116], [-125.79248, 48.69053], [-125.79706, 48.69404], [-125.79703, 48.69394], [-125.79612, 48.69335], [-125.79538, 48.69275], [-125.79451, 48.69222], [-125.79373, 48.69162], [-125.79302, 48.69117], [-125.79226, 48.69053], [-125.79125, 48.69002], [-125.79168, 48.69146], [-125.79423, 48.69569], [-125.79396, 48.69561], [-125.79362, 48.69581], [-125.79345, 48.69567], [-125.79272, 48.69577], [-125.79238, 48.69557], [-125.79196, 48.69521], [-125.79169, 48.69485], [-125.7913, 48.69447], [-125.79102, 48.69406], [-125.79059, 48.69378], [-125.79036, 48.69338], [-125.78988, 48.69298], [-125.7896, 48.69261], [-125.78908, 48.69224], [-125.78876, 48.69184], [-125.78538, 48.69377], [-125.7848, 48.69358], [-125.78451, 48.69303], [-125.78323, 48.69227], [-125.7809, 48.69229], [-125.78317, 48.69214], [-125.78354, 48.69173], [-125.78514, 48.69142], [-125.78695, 48.69118], [-125.7887, 48.69093], [-125.78597, 48.69012], [-125.78747, 48.68985], [-125.78892, 48.68963], [-125.79042, 48.68948], [-125.79197, 48.6893], [-125.79349, 48.68919], [-125.78766, 48.68794], [-125.78884, 48.68787], [-125.78843, 48.68747], [-125.78924, 48.6873], [-125.79073, 48.68713], [-125.79235, 48.68701], [-125.79377, 48.68681], [-125.79259, 48.68614], [-125.78616, 48.68464], [-125.78737, 48.68479], [-125.78867, 48.68477], [-125.78965, 48.6847], [-125.7908, 48.68455], [-125.79202, 48.68446], [-125.79303, 48.68438], [-125.79404, 48.68435], [-125.78695, 48.68199], [-125.78671, 48.68156], [-125.78575, 48.68085], [-125.78628, 48.68065], [-125.78555, 48.67999], [-125.78633, 48.67973], [-125.78737, 48.67966], [-125.7884, 48.6797], [-125.78954, 48.6796], [-125.79031, 48.67998], [-125.78547, 48.67708], [-125.78395, 48.67574], [-125.78125, 48.67375], [-125.7823, 48.67364], [-125.7833, 48.67364], [-125.78427, 48.67368], [-125.78562, 48.67363], [-125.78626, 48.67396], [-125.78752, 48.67381], [-125.78855, 48.67368], [-125.78107, 48.66806], [-125.78121, 48.66811], [-125.78238, 48.66799], [-125.7832, 48.66794], [-125.78099, 48.66495], [-125.78091, 48.66464], [-125.7808, 48.66294], [-125.78149, 48.66243], [-125.78241, 48.6624], [-125.78364, 48.66245], [-125.78477, 48.66235], [-125.78304, 48.65965], [-125.78036, 48.65502], [-125.78154, 48.65485], [-125.78133, 48.65354], [-125.78192, 48.65324], [-125.78231, 48.65213], [-125.7831, 48.6517], [-125.78405, 48.65165], [-125.785, 48.65166], [-125.78568, 48.65153], [-125.78646, 48.65154], [-125.78724, 48.6513], [-125.78799, 48.65122], [-125.7888, 48.65122], [-125.78983, 48.65128], [-125.79077, 48.65121], [-125.79174, 48.65118], [-125.79268, 48.65121], [-125.79378, 48.65129], [-125.79494, 48.65125], [-125.79353, 48.64504], [-125.79107, 48.63674], [-125.79193, 48.63647], [-125.79272, 48.63633], [-125.79327, 48.63614], [-125.79392, 48.63603], [-125.79471, 48.63589], [-125.79648, 48.63421], [-125.79707, 48.63401], [-125.79771, 48.63347], [-125.79852, 48.63332], [-125.80032, 48.63261], [-125.8009, 48.63248], [-125.80167, 48.63227], [-125.80243, 48.63208], [-125.80313, 48.6319], [-125.80371, 48.63177], [-125.80629, 48.63086], [-125.80759, 48.63047], [-125.80827, 48.63021], [-125.80952, 48.62949], [-125.81083, 48.62674], [-125.81178, 48.62631], [-125.81274, 48.62603], [-125.81333, 48.62586], [-125.81425, 48.62555], [-125.81515, 48.62529], [-125.81819, 48.62408], [-125.81984, 48.6235], [-125.82162, 48.62279], [-125.82224, 48.62264], [-125.82316, 48.62235], [-125.824, 48.62211], [-125.8268, 48.62131], [-125.82803, 48.62094], [-125.82898, 48.62068], [-125.82962, 48.62051], [-125.83053, 48.6202], [-125.83142, 48.61993], [-125.83578, 48.61873], [-125.83781, 48.61807], [-125.83921, 48.61676], [-125.84022, 48.61642], [-125.84126, 48.61611], [-125.84227, 48.61584], [-125.84614, 48.61486], [-125.84736, 48.61449], [-125.84997, 48.61417], [-125.85118, 48.61396], [-125.85338, 48.61337], [-125.85455, 48.61294], [-125.8555, 48.61262], [-125.85653, 48.61238], [-125.85785, 48.61197], [-125.85886, 48.61165], [-125.85984, 48.61133], [-125.8608, 48.61105], [-125.86188, 48.61068], [-125.8631, 48.61021], [-125.8732, 48.60902], [-125.87588, 48.60845], [-125.87818, 48.60697], [-125.87961, 48.60655], [-125.88308, 48.60628], [-125.88463, 48.60609], [-125.88584, 48.60576], [-125.88696, 48.60554], [-125.88834, 48.60516], [-125.88974, 48.60489], [-125.89659, 48.60452], [-125.89934, 48.60419], [-125.90296, 48.60386], [-125.90484, 48.60355], [-125.90625, 48.60322], [-125.90767, 48.60294], [-125.91377, 48.60282], [-125.9163, 48.60238], [-125.91774, 48.60204], [-125.91908, 48.60174], [-125.92544, 48.60213], [-125.92895, 48.60199], [-125.93263, 48.60147], [-125.93449, 48.60107], [-125.93635, 48.60066], [-125.9382, 48.6002], [-125.94469, 48.60114], [-125.94746, 48.60092], [-125.94927, 48.60055], [-125.9513, 48.60013], [-125.95922, 48.60178], [-125.96083, 48.60131], [-125.96516, 48.60197], [-125.96761, 48.60185], [-125.96927, 48.60142], [-125.97121, 48.60087], [-125.97907, 48.60254], [-125.98167, 48.60224], [-125.98607, 48.60311], [-125.98864, 48.60271], [-125.99043, 48.60223], [-125.99358, 48.60213], [-126.00159, 48.6045], [-126.00419, 48.60431], [-126.00846, 48.6049], [-126.01126, 48.60474], [-126.01612, 48.60591], [-126.01847, 48.6057], [-126.02063, 48.6054], [-126.02318, 48.60509], [-126.02998, 48.60743], [-126.03285, 48.60721], [-126.03683, 48.6084], [-126.03928, 48.60806], [-126.04182, 48.60756], [-126.0443, 48.6072], [-126.04927, 48.61006], [-126.05247, 48.61036], [-126.05514, 48.60995], [-126.05804, 48.60945], [-126.06103, 48.6088], [-126.06436, 48.60928], [-126.06842, 48.61397], [-126.07179, 48.61328], [-126.07448, 48.61398], [-126.07763, 48.6133], [-126.08047, 48.61382], [-126.08357, 48.6132], [-126.08701, 48.6127], [-126.0902, 48.61219], [-126.09324, 48.61149], [-126.09656, 48.61069], [-126.09975, 48.61003], [-126.10281, 48.60941], [-126.10622, 48.60883], [-126.10971, 48.60815], [-126.11333, 48.6074], [-126.11696, 48.60668], [-126.12055, 48.60617], [-126.12403, 48.6054], [-126.12747, 48.60486], [-126.12862, 48.60517], [-126.12074, 48.60756], [-126.12382, 48.60695], [-126.12522, 48.60546], [-126.12833, 48.60472], [-126.13153, 48.60387], [-126.13447, 48.60305], [-126.13745, 48.60253], [-126.14063, 48.6018], [-126.14386, 48.60098], [-126.14696, 48.60012], [-126.14232, 48.59258], [-126.1455, 48.59143], [-126.14781, 48.59096], [-126.1491, 48.59073], [-126.15049, 48.59056], [-126.15175, 48.59035], [-126.15201, 48.58546], [-126.15634, 48.58424], [-126.16042, 48.58133], [-126.16762, 48.57954], [-126.17251, 48.57448], [-126.18355, 48.5722], [-126.19402, 48.56804], [-126.20472, 48.56606], [-126.21653, 48.56432], [-126.22939, 48.56204], [-126.24065, 48.56017], [-126.25188, 48.55781], [-126.26797, 48.54957], [-126.28311, 48.54748], [-126.29653, 48.54562], [-126.3092, 48.54389], [-126.3219, 48.54233], [-126.33503, 48.54036], [-126.35269, 48.53799], [-126.37771, 48.53489], [-126.41573, 48.53276], [-126.4335, 48.5426], [-126.45197, 48.5511], [-126.47061, 48.5595], [-126.48963, 48.56819], [-126.50868, 48.57742], [-126.51643, 48.58956], [-126.53734, 48.59818], [-126.55779, 48.60721], [-126.57867, 48.61601], [-126.59931, 48.62382], [-126.62464, 48.61944], [-126.6413, 48.62004], [-126.66456, 48.61287], [-126.68771, 48.60607], [-126.71093, 48.59883], [-126.73396, 48.5923], [-126.75779, 48.58485], [-126.77667, 48.57709]]}, "properties": {"deployment": "dfo-bumblebee998-20240509", "glider": "bumblebee998", "group": "southern_line", "segment": 4, "n_points": 647, "deployment_start": "2024-05-09", "deployment_month": "2024-05", "segment_start": "2024-05-09T11:47", "segment_end": "2024-05-14T22:29", "segment_month": "2024-05", "epoch_days": 75, "segment_epoch_days": 75}}, {"type": "Feature", "geometry": {"type": "LineString", "coordinates": [[-126.78395, 48.60546], [-126.77177, 48.60486], [-126.75212, 48.61367], [-126.73285, 48.62169], [-126.7361, 48.62232], [-126.76114, 48.61367], [-126.7868, 48.60414], [-126.79771, 48.58783]]}, "properties": {"deployment": "dfo-bumblebee998-20240509", "glider": "bumblebee998", "group": "southern_line", "segment": 5, "n_points": 8, "deployment_start": "2024-05-09", "deployment_month": "2024-05", "segment_start": "2024-06-11T14:34", "segment_end": "2024-06-12T02:22", "segment_month": "2024-06", "epoch_days": 75, "segment_epoch_days": 108}}, {"type": "Feature", "geometry": {"type": "LineString", "coordinates": [[-126.79645, 48.62248], [-126.77919, 48.6273], [-126.7631, 48.63157], [-126.74556, 48.63579], [-126.7295, 48.63949], [-126.7128, 48.64285], [-126.70676, 48.63537], [-126.69247, 48.64145], [-126.6814, 48.64822], [-126.68399, 48.66101], [-126.6795, 48.65865], [-126.67872, 48.66061], [-126.69213, 48.66073], [-126.68231, 48.6559], [-126.68222, 48.66111], [-126.67928, 48.65905], [-126.68076, 48.66085], [-126.68037, 48.66174]]}, "properties": {"deployment": "dfo-bumblebee998-20240509", "glider": "bumblebee998", "group": "southern_line", "segment": 6, "n_points": 18, "deployment_start": "2024-05-09", "deployment_month": "2024-05", "segment_start": "2024-07-22T08:43", "segment_end": "2024-07-23T22:16", "segment_month": "2024-07", "epoch_days": 75, "segment_epoch_days": 149}}, {"type": "Feature", "geometry": {"type": "LineString", "coordinates": [[-126.21042, 49.02222], [-126.2116, 49.02249], [-126.21253, 49.02202], [-126.21407, 49.02249], [-126.21521, 49.02147], [-126.21659, 49.02152], [-126.21798, 49.02057], [-126.22021, 49.01659], [-126.2215, 49.01537], [-126.22006, 49.01766], [-126.22116, 49.01696], [-126.2219, 49.01596], [-126.22314, 49.01503], [-126.22368, 49.01412], [-126.2249, 49.01306], [-126.22559, 49.0129], [-126.2271, 49.01192], [-126.22771, 49.01103], [-126.22899, 49.01007], [-126.23007, 49.00924], [-126.23133, 49.00828], [-126.23227, 49.00729], [-126.23382, 49.0064], [-126.23504, 49.00556], [-126.23659, 49.0044], [-126.23796, 49.00382], [-126.23961, 49.00271], [-126.24119, 49.00173], [-126.24285, 49.00078], [-126.24459, 48.99974], [-126.2461, 48.99869], [-126.2477, 48.99771], [-126.24931, 48.9966], [-126.25124, 48.99551], [-126.25303, 48.99426], [-126.25573, 48.99365], [-126.25745, 48.99247], [-126.25981, 48.99148], [-126.26152, 48.99031], [-126.26413, 48.98906], [-126.26592, 48.98783], [-126.26858, 48.98743], [-126.27031, 48.98622], [-126.27332, 48.98544], [-126.27531, 48.98413], [-126.27948, 48.9837], [-126.28132, 48.98238], [-126.28313, 48.98118], [-126.28494, 48.97997], [-126.28988, 48.97958], [-126.29173, 48.97835], [-126.2953, 48.97777], [-126.2973, 48.97651], [-126.30104, 48.97566], [-126.30316, 48.97432], [-126.30863, 48.97401], [-126.31055, 48.97249], [-126.31469, 48.97166], [-126.31653, 48.97019], [-126.32054, 48.96943], [-126.32249, 48.96805], [-126.32678, 48.96744], [-126.3288, 48.96595], [-126.33359, 48.96525], [-126.33563, 48.96361], [-126.34144, 48.96345], [-126.34344, 48.96163], [-126.34832, 48.96109], [-126.35049, 48.9595], [-126.35514, 48.95894], [-126.35717, 48.95732], [-126.36187, 48.95688], [-126.36391, 48.95525], [-126.36845, 48.95512], [-126.37098, 48.95361], [-126.37685, 48.95434], [-126.3789, 48.95254], [-126.38371, 48.95283], [-126.38572, 48.95108], [-126.39003, 48.95115], [-126.39185, 48.94933], [-126.3962, 48.94933], [-126.39812, 48.94752], [-126.40231, 48.94728], [-126.40435, 48.94545], [-126.40926, 48.94613], [-126.4112, 48.9441], [-126.41509, 48.94418], [-126.41703, 48.94226], [-126.42076, 48.94238], [-126.42268, 48.94045], [-126.42603, 48.94031], [-126.42795, 48.93827], [-126.4313, 48.93827], [-126.4333, 48.9362], [-126.43617, 48.93648], [-126.43814, 48.93432], [-126.44088, 48.93425], [-126.4429, 48.93211], [-126.44525, 48.93187], [-126.4472, 48.92974], [-126.44921, 48.9294], [-126.4511, 48.92735], [-126.45274, 48.92672], [-126.45453, 48.92465], [-126.45552, 48.92342], [-126.45755, 48.92128], [-126.45745, 48.92061], [-126.45868, 48.91927], [-126.45816, 48.91891], [-126.45914, 48.9181], [-126.45891, 48.91729], [-126.46029, 48.91603], [-126.45943, 48.91538], [-126.46048, 48.91455], [-126.45933, 48.91395], [-126.46005, 48.91317], [-126.45943, 48.91251], [-126.46008, 48.91197], [-126.45976, 48.91127], [-126.46065, 48.9106], [-126.46025, 48.90983], [-126.4608, 48.90921], [-126.46069, 48.90847], [-126.46144, 48.90776], [-126.45979, 48.90639], [-126.46048, 48.90563], [-126.46117, 48.90495], [-126.4618, 48.90435], [-126.45992, 48.90335], [-126.46069, 48.90256], [-126.45997, 48.90171], [-126.46061, 48.9012], [-126.46031, 48.90026], [-126.46104, 48.89952], [-126.45964, 48.89795], [-126.46034, 48.89713], [-126.45951, 48.89629], [-126.46019, 48.89574], [-126.4595, 48.89467], [-126.46028, 48.89395], [-126.45927, 48.89303], [-126.46003, 48.8925], [-126.45929, 48.89174], [-126.45999, 48.89097], [-126.45826, 48.88989], [-126.45905, 48.8891], [-126.45787, 48.88824], [-126.45847, 48.88764], [-126.45787, 48.88684], [-126.45867, 48.88614], [-126.45741, 48.88527], [-126.45818, 48.88474], [-126.45742, 48.88383], [-126.45804, 48.88297], [-126.45669, 48.88134], [-126.45839, 48.87997], [-126.45753, 48.87764], [-126.45987, 48.87545], [-126.45891, 48.87258], [-126.46135, 48.87035], [-126.46075, 48.86761], [-126.46327, 48.86546], [-126.46242, 48.86317], [-126.46389, 48.86175], [-126.46127, 48.8601], [-126.46215, 48.85951], [-126.46094, 48.85849], [-126.46166, 48.85787], [-126.4602, 48.857], [-126.46107, 48.85637], [-126.45985, 48.85545], [-126.46065, 48.85489], [-126.45968, 48.85399], [-126.46042, 48.85322], [-126.45868, 48.85117], [-126.46132, 48.849], [-126.46041, 48.84739], [-126.46128, 48.84667], [-126.46043, 48.84567], [-126.46132, 48.84501], [-126.46078, 48.84375], [-126.46191, 48.84307], [-126.46138, 48.84192], [-126.4624, 48.84115], [-126.45982, 48.83893], [-126.46267, 48.83667], [-126.46286, 48.8353], [-126.46413, 48.83457], [-126.46324, 48.83325], [-126.4644, 48.83249], [-126.4641, 48.83098], [-126.4655, 48.83027], [-126.46548, 48.82883], [-126.46668, 48.828], [-126.46547, 48.82619], [-126.46699, 48.82547], [-126.46726, 48.82393], [-126.46864, 48.8229], [-126.46897, 48.82134], [-126.47043, 48.82041], [-126.4712, 48.81871], [-126.47275, 48.81765], [-126.4734, 48.81645], [-126.47491, 48.81538], [-126.47519, 48.81372], [-126.47687, 48.81266], [-126.47828, 48.81122], [-126.48009, 48.8101], [-126.48189, 48.80874], [-126.48362, 48.80752], [-126.48581, 48.80621], [-126.48768, 48.80503], [-126.48966, 48.8036], [-126.49165, 48.80219], [-126.49419, 48.80013], [-126.49633, 48.79845], [-126.49946, 48.79724], [-126.50185, 48.79551], [-126.50541, 48.79435], [-126.50806, 48.79254], [-126.51149, 48.79182], [-126.51409, 48.78962], [-126.51821, 48.78861], [-126.5213, 48.78612], [-126.52699, 48.7849], [-126.5307, 48.78227], [-126.53653, 48.78132], [-126.54025, 48.77785], [-126.54927, 48.77537], [-126.55573, 48.76867], [-126.5635, 48.76109], [-126.57204, 48.75233], [-126.59487, 48.753], [-126.603, 48.74141], [-126.61726, 48.73416], [-126.62701, 48.71767], [-126.6372, 48.70137], [-126.64673, 48.68482], [-126.65697, 48.6853], [-126.66173, 48.66785], [-126.6757, 48.6552], [-126.69914, 48.64679], [-126.7227, 48.63883], [-126.74616, 48.63056], [-126.75835, 48.63181], [-126.7817, 48.62336]]}, "properties": {"deployment": "dfo-bumblebee998-20241023", "glider": "bumblebee998", "group": "southern_line", "segment": 0, "n_points": 247, "deployment_start": "2024-10-23", "deployment_month": "2024-10", "segment_start": "2024-10-23T21:32", "segment_end": "2024-10-26T01:02", "segment_month": "2024-10", "epoch_days": 242, "segment_epoch_days": 242}}, {"type": "Feature", "geometry": {"type": "LineString", "coordinates": [[-126.79257, 48.59565], [-126.77054, 48.60569], [-126.749, 48.61304], [-126.72957, 48.62278], [-126.74192, 48.62009], [-126.76569, 48.61176], [-126.7896, 48.60391]]}, "properties": {"deployment": "dfo-bumblebee998-20241023", "glider": "bumblebee998", "group": "southern_line", "segment": 1, "n_points": 7, "deployment_start": "2024-10-23", "deployment_month": "2024-10", "segment_start": "2024-11-16T03:33", "segment_end": "2024-11-16T11:07", "segment_month": "2024-11", "epoch_days": 242, "segment_epoch_days": 266}}, {"type": "Feature", "geometry": {"type": "LineString", "coordinates": [[-126.79063, 48.60432], [-126.76726, 48.613], [-126.74363, 48.62143], [-126.71994, 48.62603], [-126.70669, 48.63493], [-126.68293, 48.62668], [-126.66757, 48.62624], [-126.64663, 48.62606], [-126.64643, 48.6299], [-126.64401, 48.62764], [-126.64418, 48.62881], [-126.64446, 48.6281], [-126.64559, 48.62941], [-126.64423, 48.62775], [-126.64538, 48.62897], [-126.6435, 48.62742], [-126.64749, 48.62964], [-126.64493, 48.6286]]}, "properties": {"deployment": "dfo-bumblebee998-20241023", "glider": "bumblebee998", "group": "southern_line", "segment": 2, "n_points": 18, "deployment_start": "2024-10-23", "deployment_month": "2024-10", "segment_start": "2024-12-07T18:23", "segment_end": "2024-12-08T17:00", "segment_month": "2024-12", "epoch_days": 242, "segment_epoch_days": 287}}, {"type": "Feature", "geometry": {"type": "LineString", "coordinates": [[-126.67129, 48.61319], [-126.64717, 48.60597], [-126.64054, 48.59854], [-126.61631, 48.5917], [-126.59188, 48.58447], [-126.56779, 48.57773]]}, "properties": {"deployment": "dfo-bumblebee998-20241023", "glider": "bumblebee998", "group": "southern_line", "segment": 3, "n_points": 6, "deployment_start": "2024-10-23", "deployment_month": "2024-10", "segment_start": "2024-12-09T23:42", "segment_end": "2024-12-10T05:48", "segment_month": "2024-12", "epoch_days": 242, "segment_epoch_days": 289}}, {"type": "Feature", "geometry": {"type": "LineString", "coordinates": [[-125.18902, 48.88474], [-125.18936, 48.88455], [-125.19012, 48.88421], [-125.19081, 48.8841], [-125.19188, 48.88357], [-125.19281, 48.88341], [-125.19449, 48.88266], [-125.1956, 48.88261], [-125.19732, 48.88183], [-125.19848, 48.88153], [-125.20005, 48.88079], [-125.20158, 48.88007], [-125.20315, 48.87932], [-125.20473, 48.87858], [-125.20634, 48.87782], [-125.20748, 48.87726], [-125.20903, 48.87655], [-125.21056, 48.87584], [-125.21207, 48.87515], [-125.21359, 48.87445], [-125.21514, 48.87374], [-125.21591, 48.87325], [-125.21749, 48.87259], [-125.21896, 48.87199], [-125.2204, 48.87142], [-125.22188, 48.87084], [-125.22341, 48.87024], [-125.22432, 48.86981], [-125.22579, 48.86926], [-125.22718, 48.86873], [-125.22872, 48.8681], [-125.23026, 48.86749], [-125.2318, 48.86694], [-125.23292, 48.86656], [-125.23458, 48.86596], [-125.23618, 48.86537], [-125.23778, 48.86479], [-125.23926, 48.86426], [-125.24094, 48.86367], [-125.2414, 48.86314], [-125.24305, 48.86266], [-125.24471, 48.86218], [-125.2464, 48.86169], [-125.24743, 48.86128], [-125.24907, 48.86077], [-125.2505, 48.86023], [-125.25198, 48.85957], [-125.25264, 48.85876], [-125.25315, 48.85753], [-125.25366, 48.85634], [-125.25418, 48.85509], [-125.25411, 48.85365], [-125.25485, 48.85246], [-125.25546, 48.85121], [-125.25592, 48.8499], [-125.25574, 48.84842], [-125.25609, 48.84716], [-125.25644, 48.84596], [-125.25682, 48.84467], [-125.25685, 48.84302], [-125.25733, 48.84187], [-125.25778, 48.84065], [-125.25822, 48.83926], [-125.25837, 48.83748], [-125.25899, 48.83607], [-125.25961, 48.83461], [-125.26038, 48.83304], [-125.26064, 48.83093], [-125.26098, 48.82927], [-125.26132, 48.82763], [-125.26166, 48.82597], [-125.26181, 48.82367], [-125.262, 48.82216], [-125.26203, 48.82073], [-125.26187, 48.81906], [-125.26136, 48.81584], [-125.26161, 48.81448], [-125.2618, 48.81301], [-125.2619, 48.8114], [-125.2614, 48.80868], [-125.26152, 48.80696], [-125.26163, 48.80538], [-125.26175, 48.80381], [-125.26207, 48.80126], [-125.26311, 48.79991], [-125.26414, 48.79845], [-125.26527, 48.7967], [-125.26635, 48.79407], [-125.26729, 48.79252], [-125.26826, 48.79105], [-125.2692, 48.78953], [-125.27014, 48.78713], [-125.27081, 48.78563], [-125.27145, 48.78429], [-125.27206, 48.78301], [-125.27291, 48.78122], [-125.27458, 48.78092], [-125.27622, 48.78061], [-125.27793, 48.7802], [-125.27928, 48.77867], [-125.28096, 48.77849], [-125.28259, 48.77826], [-125.2844, 48.77773], [-125.28638, 48.77659], [-125.28818, 48.77632], [-125.28995, 48.77604], [-125.2919, 48.77576], [-125.29444, 48.77372], [-125.29637, 48.77374], [-125.29831, 48.77372], [-125.30025, 48.7737], [-125.30236, 48.77369], [-125.30438, 48.77373], [-125.30636, 48.77378], [-125.30839, 48.77383], [-125.31044, 48.77386], [-125.31264, 48.77392], [-125.31532, 48.77402], [-125.31752, 48.77415], [-125.31968, 48.77428], [-125.32182, 48.77444], [-125.32401, 48.77459], [-125.32631, 48.77473], [-125.32797, 48.77492], [-125.32882, 48.77522], [-125.33078, 48.77545], [-125.33482, 48.77559], [-125.33844, 48.77594], [-125.3409, 48.77621], [-125.3432, 48.77646], [-125.3456, 48.7767], [-125.348, 48.77693], [-125.35051, 48.77719], [-125.35307, 48.77745], [-125.3556, 48.77771], [-125.35802, 48.77796], [-125.36049, 48.77821], [-125.36315, 48.77863], [-125.3657, 48.77882], [-125.36826, 48.77901], [-125.37076, 48.7792], [-125.37329, 48.77934], [-125.37588, 48.77938], [-125.37833, 48.77943], [-125.38081, 48.77941], [-125.38332, 48.7794], [-125.38598, 48.77945], [-125.38863, 48.77981], [-125.39133, 48.77977], [-125.39405, 48.77974], [-125.39679, 48.77961], [-125.39953, 48.77947], [-125.40222, 48.7793], [-125.40495, 48.77912], [-125.40767, 48.77894], [-125.41028, 48.77876], [-125.41299, 48.77849], [-125.41557, 48.7783], [-125.41812, 48.77802], [-125.42068, 48.77773], [-125.42321, 48.7774], [-125.42576, 48.77707], [-125.42834, 48.77674], [-125.43088, 48.77637], [-125.43336, 48.77599], [-125.43582, 48.77566], [-125.43828, 48.77525], [-125.44062, 48.77503], [-125.44296, 48.77462], [-125.44522, 48.77427], [-125.4476, 48.77385], [-125.45, 48.77341], [-125.45242, 48.77282], [-125.45482, 48.77224], [-125.45714, 48.77171], [-125.45932, 48.77122], [-125.46168, 48.77069], [-125.4636, 48.77035], [-125.46579, 48.76977], [-125.4679, 48.76917], [-125.47003, 48.76847], [-125.47221, 48.76776], [-125.47436, 48.76706], [-125.47653, 48.76635], [-125.47873, 48.76563], [-125.48094, 48.76492], [-125.48321, 48.76417], [-125.48414, 48.76338], [-125.48639, 48.76271], [-125.48858, 48.76206], [-125.49077, 48.76141], [-125.49302, 48.76074], [-125.49535, 48.76005], [-125.49766, 48.75936], [-125.49995, 48.75868], [-125.50222, 48.75799], [-125.50463, 48.75725], [-125.50603, 48.75552], [-125.50829, 48.7546], [-125.51049, 48.7538], [-125.51274, 48.75322], [-125.51503, 48.75262], [-125.51747, 48.75199], [-125.51982, 48.75129], [-125.52202, 48.75051], [-125.52426, 48.74981], [-125.52668, 48.74921], [-125.52872, 48.74803], [-125.53102, 48.74726], [-125.53325, 48.74658], [-125.53569, 48.74588], [-125.53812, 48.74518], [-125.54053, 48.74446], [-125.5429, 48.74374], [-125.54534, 48.74296], [-125.54776, 48.7422], [-125.55016, 48.74144], [-125.55247, 48.74042], [-125.55471, 48.73962], [-125.5571, 48.73887], [-125.55978, 48.73818], [-125.5623, 48.73755], [-125.56491, 48.737], [-125.56756, 48.73644], [-125.5703, 48.73587], [-125.57314, 48.73527], [-125.57601, 48.73467], [-125.57975, 48.73293], [-125.58271, 48.7324], [-125.5857, 48.73195], [-125.58878, 48.73158], [-125.59192, 48.73121], [-125.59515, 48.7309], [-125.5985, 48.73058], [-125.60192, 48.7303], [-125.60532, 48.73001], [-125.60862, 48.72974], [-125.61353, 48.72969], [-125.61699, 48.7292], [-125.62074, 48.72878], [-125.62485, 48.72836], [-125.62888, 48.72794], [-125.63298, 48.72753], [-125.6372, 48.72715], [-125.64168, 48.7268], [-125.64612, 48.72645], [-125.65045, 48.72612], [-125.65539, 48.72633], [-125.65986, 48.72625], [-125.66426, 48.72605], [-125.66854, 48.72574], [-125.6729, 48.72531], [-125.6776, 48.72466], [-125.68243, 48.72406], [-125.68745, 48.72346], [-125.69262, 48.72287], [-125.69782, 48.72223], [-125.70355, 48.7221], [-125.70968, 48.72156], [-125.71599, 48.721], [-125.7226, 48.72041], [-125.72952, 48.71973], [-125.73693, 48.71895], [-125.74403, 48.71809], [-125.75091, 48.71713], [-125.75737, 48.71612], [-125.76349, 48.71512], [-125.76991, 48.71427], [-125.77543, 48.71341], [-125.78018, 48.71263], [-125.78427, 48.71188], [-125.78734, 48.71126], [-125.78934, 48.71061], [-125.79121, 48.71], [-125.79264, 48.70953], [-125.79474, 48.70927], [-125.79797, 48.7093], [-125.80272, 48.71062], [-125.806, 48.71084], [-125.80902, 48.71105], [-125.81178, 48.71124], [-125.81442, 48.71143], [-125.81712, 48.71162], [-125.81986, 48.71181], [-125.82254, 48.71199], [-125.82518, 48.7122], [-125.82786, 48.71243], [-125.83211, 48.71345], [-125.83491, 48.71387], [-125.83764, 48.71428], [-125.84023, 48.71459], [-125.84273, 48.71494], [-125.8452, 48.71534], [-125.8476, 48.71573], [-125.84995, 48.71606], [-125.8523, 48.71642], [-125.85462, 48.71684], [-125.85822, 48.7182], [-125.86056, 48.71879], [-125.86275, 48.71934], [-125.86488, 48.71988], [-125.867, 48.7203], [-125.86914, 48.72052], [-125.87134, 48.72081], [-125.87369, 48.72121], [-125.876, 48.72163], [-125.87833, 48.72203], [-125.88133, 48.72312], [-125.88356, 48.72371], [-125.88557, 48.72418], [-125.88756, 48.72451], [-125.88954, 48.72483], [-125.89139, 48.72509], [-125.89324, 48.7254], [-125.89506, 48.72571], [-125.89685, 48.72602], [-125.89879, 48.72636], [-125.90129, 48.72737], [-125.90285, 48.72765], [-125.90441, 48.72793], [-125.90604, 48.72823], [-125.90757, 48.7285], [-125.9091, 48.72871], [-125.91071, 48.72892], [-125.91222, 48.72906], [-125.91375, 48.72921], [-125.91522, 48.72942], [-125.91656, 48.73022], [-125.918, 48.73035], [-125.91923, 48.73047], [-125.92045, 48.73058], [-125.92165, 48.73069], [-125.92267, 48.73077], [-125.92368, 48.73081], [-125.92475, 48.73079], [-125.92583, 48.73077], [-125.92699, 48.73075], [-125.92787, 48.73104], [-125.9288, 48.73119], [-125.92971, 48.73125], [-125.93053, 48.73117], [-125.93127, 48.7311], [-125.9322, 48.73094], [-125.93311, 48.73079], [-125.93401, 48.73063], [-125.93489, 48.73045], [-125.93571, 48.73023], [-125.93638, 48.73026], [-125.93724, 48.72999], [-125.93807, 48.72966], [-125.93887, 48.72923], [-125.93961, 48.72888], [-125.94021, 48.72852], [-125.94083, 48.72812], [-125.94149, 48.72768], [-125.94217, 48.72723], [-125.94288, 48.72676], [-125.94308, 48.72654], [-125.94388, 48.72607], [-125.94459, 48.72561], [-125.94519, 48.72508], [-125.94579, 48.72457], [-125.94637, 48.72407], [-125.94695, 48.72356], [-125.94753, 48.72306], [-125.94811, 48.72256], [-125.94872, 48.72203], [-125.94909, 48.72164], [-125.94971, 48.72116], [-125.95026, 48.72067], [-125.95081, 48.72008], [-125.95138, 48.71947], [-125.952, 48.71883], [-125.95262, 48.71816], [-125.95334, 48.71745], [-125.95406, 48.71675], [-125.9548, 48.71604], [-125.95474, 48.71552], [-125.9555, 48.71481], [-125.95622, 48.71411], [-125.95695, 48.7134], [-125.95767, 48.71269], [-125.95838, 48.712], [-125.95912, 48.71129], [-125.95987, 48.71055], [-125.96066, 48.70978], [-125.96151, 48.70893], [-125.96146, 48.70801], [-125.96255, 48.70754], [-125.96365, 48.70708], [-125.96474, 48.70659], [-125.96584, 48.70609], [-125.96698, 48.70557], [-125.96812, 48.70502], [-125.96935, 48.70438], [-125.97065, 48.70373], [-125.97202, 48.70307], [-125.97308, 48.70221], [-125.97459, 48.70152], [-125.97601, 48.70085], [-125.97762, 48.70016], [-125.97915, 48.69948], [-125.98072, 48.69872], [-125.98234, 48.69793], [-125.98396, 48.69714], [-125.9856, 48.69635], [-125.98742, 48.69562], [-125.98922, 48.69445], [-125.99109, 48.69367], [-125.99299, 48.69288], [-125.99474, 48.69208], [-125.99649, 48.69127], [-125.99837, 48.69052], [-126.00032, 48.68968], [-126.00229, 48.68874], [-126.00416, 48.68785], [-126.00613, 48.68696], [-126.00761, 48.68555], [-126.0098, 48.68456], [-126.01175, 48.68355], [-126.01403, 48.68267], [-126.01629, 48.6817], [-126.01862, 48.68076], [-126.02099, 48.67981], [-126.02342, 48.67884], [-126.02587, 48.67786], [-126.02831, 48.67688], [-126.0308, 48.67512], [-126.03348, 48.67412], [-126.03611, 48.67314], [-126.03883, 48.67221], [-126.04162, 48.6712], [-126.04448, 48.67015], [-126.04737, 48.66911], [-126.05035, 48.66815], [-126.05338, 48.66717], [-126.05648, 48.66617], [-126.06018, 48.66463], [-126.06334, 48.66367], [-126.06648, 48.66271], [-126.06968, 48.66174], [-126.0729, 48.66079], [-126.07629, 48.65981], [-126.07973, 48.65872], [-126.08314, 48.65748], [-126.08665, 48.65657], [-126.09038, 48.65604], [-126.094, 48.65502], [-126.09772, 48.65434], [-126.10147, 48.65365], [-126.10526, 48.65296], [-126.10923, 48.65223], [-126.11342, 48.65147], [-126.11747, 48.65081], [-126.12155, 48.65023], [-126.12559, 48.64975], [-126.12983, 48.64936], [-126.13438, 48.64884], [-126.13878, 48.64858], [-126.14316, 48.64832], [-126.14745, 48.64807], [-126.15181, 48.64788], [-126.15633, 48.64786], [-126.1609, 48.64784], [-126.16566, 48.64783], [-126.17051, 48.64781], [-126.17534, 48.64779], [-126.18131, 48.64687], [-126.18647, 48.64701], [-126.19164, 48.64732], [-126.19686, 48.64777], [-126.20259, 48.64827], [-126.20896, 48.64882], [-126.21953, 48.64957], [-126.23107, 48.65006], [-126.24058, 48.65076], [-126.24843, 48.65165], [-126.2571, 48.65255], [-126.26633, 48.65339], [-126.27753, 48.65605], [-126.28948, 48.65633], [-126.30103, 48.65659], [-126.31229, 48.65685], [-126.32342, 48.6571], [-126.33486, 48.65736], [-126.34726, 48.65798], [-126.36283, 48.65737], [-126.38071, 48.65666], [-126.40066, 48.65587], [-126.42329, 48.65498], [-126.44809, 48.654], [-126.47338, 48.65046], [-126.50227, 48.64553], [-126.53099, 48.64062], [-126.55978, 48.6357], [-126.58794, 48.63089], [-126.61619, 48.62606], [-126.64381, 48.61612], [-126.67003, 48.60488], [-126.69734, 48.59317], [-126.72485, 48.58137], [-126.75152, 48.56994], [-126.778, 48.55858]]}, "properties": {"deployment": "dfo-colin1142-20260708", "glider": "colin1142", "group": "southern_line", "segment": 0, "n_points": 503, "deployment_start": "2026-07-08", "deployment_month": "2026-07", "segment_start": "2026-07-08T17:33", "segment_end": "2026-07-12T18:42", "segment_month": "2026-07", "epoch_days": 865, "segment_epoch_days": 865}}, {"type": "Feature", "geometry": {"type": "LineString", "coordinates": [[-126.7694, 48.58778], [-126.74451, 48.59723], [-126.71984, 48.6066], [-126.69505, 48.61602], [-126.67076, 48.62524], [-126.64646, 48.63447], [-126.62882, 48.63363], [-126.62473, 48.62586], [-126.62073, 48.61826], [-126.61669, 48.61059], [-126.61266, 48.60291], [-126.60861, 48.59521], [-126.60687, 48.59248], [-126.60872, 48.59652], [-126.61057, 48.60053], [-126.61248, 48.6047], [-126.61441, 48.60889], [-126.61634, 48.61311]]}, "properties": {"deployment": "dfo-colin1142-20260708", "glider": "colin1142", "group": "southern_line", "segment": 1, "n_points": 18, "deployment_start": "2026-07-08", "deployment_month": "2026-07", "segment_start": "2026-08-09T17:34", "segment_end": "2026-08-10T22:45", "segment_month": "2026-08", "epoch_days": 865, "segment_epoch_days": 897}}, {"type": "Feature", "geometry": {"type": "LineString", "coordinates": [[-126.61069, 48.61358], [-126.58316, 48.61642], [-126.55498, 48.61932], [-126.52672, 48.62224], [-126.50014, 48.62498], [-126.47476, 48.6276], [-126.44722, 48.63059], [-126.42189, 48.63602], [-126.39929, 48.64087], [-126.37877, 48.64528], [-126.35987, 48.64933], [-126.3433, 48.65289], [-126.32672, 48.65387], [-126.31473, 48.65611], [-126.30293, 48.65815], [-126.29081, 48.66013], [-126.27925, 48.66202], [-126.26865, 48.66376], [-126.25851, 48.66342], [-126.25003, 48.66406], [-126.24281, 48.66429], [-126.23703, 48.66405], [-126.23165, 48.66383], [-126.22633, 48.66361], [-126.2219, 48.66229], [-126.21689, 48.66204], [-126.21203, 48.66178], [-126.20719, 48.66153], [-126.20257, 48.6613], [-126.19819, 48.66107], [-126.19362, 48.66055], [-126.18976, 48.66039], [-126.18594, 48.66012], [-126.18183, 48.65975], [-126.17778, 48.65938], [-126.17406, 48.65903], [-126.1695, 48.65788], [-126.16607, 48.65755], [-126.1629, 48.65724], [-126.15948, 48.65691], [-126.15587, 48.65667], [-126.15241, 48.65658], [-126.1492, 48.6554], [-126.14636, 48.65495], [-126.14329, 48.65473], [-126.14001, 48.65481], [-126.13683, 48.65489], [-126.13368, 48.65497], [-126.1315, 48.6536], [-126.1289, 48.65345], [-126.12616, 48.65344], [-126.12311, 48.65368], [-126.12021, 48.6539], [-126.11717, 48.65426], [-126.11561, 48.6535], [-126.11321, 48.65399], [-126.11071, 48.65445], [-126.10791, 48.6549], [-126.10516, 48.65542], [-126.10225, 48.65606]]}, "properties": {"deployment": "dfo-colin1142-20260708", "glider": "colin1142", "group": "southern_line", "segment": 2, "n_points": 60, "deployment_start": "2026-07-08", "deployment_month": "2026-07", "segment_start": "2026-08-13T12:11", "segment_end": "2026-08-14T15:17", "segment_month": "2026-08", "epoch_days": 865, "segment_epoch_days": 901}}, {"type": "Feature", "geometry": {"type": "LineString", "coordinates": [[-125.21744, 48.86554], [-125.21634, 48.86482], [-125.21699, 48.86453], [-125.21746, 48.86349], [-125.21872, 48.86306], [-125.21999, 48.86153], [-125.22201, 48.86102], [-125.22385, 48.86018], [-125.22589, 48.85967], [-125.22776, 48.85865], [-125.23, 48.85813], [-125.23085, 48.85675], [-125.23302, 48.85635], [-125.23505, 48.85599], [-125.23729, 48.85574], [-125.23815, 48.8548], [-125.24041, 48.85471], [-125.24262, 48.85468], [-125.24488, 48.85474], [-125.24671, 48.85453], [-125.24929, 48.85474], [-125.25103, 48.85435], [-125.25162, 48.85308], [-125.25119, 48.85108], [-125.25235, 48.84969], [-125.25336, 48.84833], [-125.25436, 48.84692], [-125.255, 48.84525], [-125.256, 48.84391], [-125.25689, 48.84256], [-125.25773, 48.8411], [-125.25819, 48.83955], [-125.25914, 48.83815], [-125.25998, 48.83677], [-125.26076, 48.83532], [-125.26163, 48.83379], [-125.26242, 48.83236], [-125.26301, 48.83098], [-125.26332, 48.8296], [-125.26384, 48.82821], [-125.26432, 48.82692], [-125.26477, 48.82568], [-125.2651, 48.82445], [-125.26541, 48.82323], [-125.26573, 48.8222], [-125.26601, 48.82116], [-125.26614, 48.82008], [-125.26581, 48.81881], [-125.26597, 48.81791], [-125.26605, 48.81697], [-125.26601, 48.81585], [-125.26569, 48.81464], [-125.26572, 48.81363], [-125.26574, 48.81266], [-125.26577, 48.81166], [-125.26546, 48.8101], [-125.2653, 48.80909], [-125.26514, 48.80813], [-125.26498, 48.80716], [-125.26523, 48.80595], [-125.26609, 48.80502], [-125.26692, 48.80402], [-125.26768, 48.80299], [-125.26859, 48.80158], [-125.2696, 48.8004], [-125.27031, 48.7994], [-125.27067, 48.79855], [-125.27152, 48.79712], [-125.27221, 48.79561], [-125.27278, 48.7943], [-125.27331, 48.79307], [-125.2738, 48.79145], [-125.27457, 48.79032], [-125.27511, 48.78912], [-125.27529, 48.78777], [-125.27557, 48.78621], [-125.27576, 48.78504], [-125.27666, 48.78415], [-125.27862, 48.78364], [-125.28013, 48.78305], [-125.28194, 48.78247], [-125.28369, 48.78193], [-125.28553, 48.78135], [-125.28683, 48.78056], [-125.28845, 48.77996], [-125.29005, 48.77934], [-125.29175, 48.77868], [-125.29312, 48.77777], [-125.29475, 48.77706], [-125.2963, 48.77641], [-125.2979, 48.77575], [-125.29861, 48.77471], [-125.2997, 48.77433], [-125.30117, 48.77361], [-125.30307, 48.77248], [-125.30386, 48.77099], [-125.30534, 48.7703], [-125.30663, 48.76951], [-125.30819, 48.76869], [-125.30849, 48.7675], [-125.30984, 48.76666], [-125.31121, 48.76592], [-125.31271, 48.76523], [-125.31304, 48.76402], [-125.31456, 48.76337], [-125.31595, 48.76272], [-125.31752, 48.76207], [-125.31802, 48.76078], [-125.31966, 48.76009], [-125.32126, 48.75945], [-125.32284, 48.75881], [-125.32353, 48.75747], [-125.32524, 48.75695], [-125.32686, 48.75645], [-125.32846, 48.7559], [-125.32936, 48.75464], [-125.33111, 48.75419], [-125.33275, 48.75378], [-125.33441, 48.7535], [-125.33543, 48.75268], [-125.33718, 48.75235], [-125.33896, 48.75207], [-125.34081, 48.75188], [-125.34238, 48.75117], [-125.34424, 48.75097], [-125.34616, 48.75075], [-125.34816, 48.75065], [-125.34989, 48.7501], [-125.35214, 48.75004], [-125.3543, 48.75], [-125.35642, 48.74996], [-125.35858, 48.74963], [-125.36082, 48.74964], [-125.363, 48.74965], [-125.3652, 48.74966], [-125.3674, 48.7497], [-125.36993, 48.74976], [-125.37235, 48.74979], [-125.37488, 48.74993], [-125.37739, 48.7504], [-125.38003, 48.75052], [-125.38251, 48.75063], [-125.38507, 48.75074], [-125.38705, 48.75273], [-125.38971, 48.75291], [-125.39215, 48.75312], [-125.39471, 48.75335], [-125.3971, 48.75356], [-125.39955, 48.7537], [-125.402, 48.75391], [-125.40456, 48.75421], [-125.40692, 48.75447], [-125.40932, 48.75468], [-125.41181, 48.7549], [-125.41431, 48.75512], [-125.4169, 48.75535], [-125.41956, 48.75558], [-125.42212, 48.75584], [-125.42478, 48.75598], [-125.42747, 48.75613], [-125.43013, 48.75627], [-125.43261, 48.75645], [-125.43519, 48.75656], [-125.43651, 48.75742], [-125.43926, 48.75745], [-125.44177, 48.75753], [-125.44433, 48.75751], [-125.44676, 48.75758], [-125.44948, 48.75755], [-125.45208, 48.75754], [-125.45473, 48.75754], [-125.45721, 48.75755], [-125.45994, 48.75748], [-125.4627, 48.75746], [-125.46557, 48.75746], [-125.46835, 48.75747], [-125.47107, 48.75742], [-125.4737, 48.75737], [-125.47639, 48.75732], [-125.47901, 48.75731], [-125.48175, 48.75732], [-125.48449, 48.75736], [-125.48734, 48.75745], [-125.48874, 48.75759], [-125.49166, 48.75766], [-125.49441, 48.75744], [-125.4972, 48.75686], [-125.49997, 48.75628], [-125.50263, 48.75572], [-125.50541, 48.75514], [-125.50827, 48.75454], [-125.51104, 48.75382], [-125.51384, 48.75311], [-125.5167, 48.75237], [-125.51959, 48.75163], [-125.52246, 48.75088], [-125.52544, 48.75006], [-125.5283, 48.74919], [-125.5314, 48.74831], [-125.53437, 48.74736], [-125.53742, 48.74644], [-125.54047, 48.74552], [-125.54366, 48.74455], [-125.54536, 48.74175], [-125.54871, 48.74097], [-125.55189, 48.74013], [-125.55522, 48.73923], [-125.55853, 48.73812], [-125.56187, 48.73716], [-125.56543, 48.73621], [-125.56917, 48.73546], [-125.57316, 48.73468], [-125.57729, 48.7336], [-125.58178, 48.73245], [-125.58655, 48.73141], [-125.58983, 48.73063], [-125.59178, 48.73006], [-125.59384, 48.72939], [-125.59592, 48.72869], [-125.5996, 48.72809], [-125.6049, 48.72767], [-125.61008, 48.72725], [-125.615, 48.72686], [-125.62042, 48.72535], [-125.62568, 48.72496], [-125.6308, 48.72458], [-125.63605, 48.7242], [-125.64087, 48.72385], [-125.64536, 48.72352], [-125.6499, 48.72344], [-125.65433, 48.72378], [-125.65855, 48.72373], [-125.66254, 48.72337], [-125.66652, 48.72301], [-125.6704, 48.72267], [-125.67428, 48.72211], [-125.67785, 48.72118], [-125.68133, 48.72027], [-125.68477, 48.71937], [-125.68829, 48.71844], [-125.69185, 48.71751], [-125.69552, 48.71655], [-125.69913, 48.7156], [-125.70345, 48.71452], [-125.70661, 48.71354], [-125.70976, 48.71258], [-125.71297, 48.71158], [-125.71619, 48.71058], [-125.7193, 48.70961], [-125.72243, 48.7087], [-125.72538, 48.7078], [-125.72833, 48.70709], [-125.73133, 48.70624], [-125.73436, 48.70546], [-125.73717, 48.70487], [-125.73996, 48.70437], [-125.74291, 48.70389], [-125.74589, 48.7034], [-125.74877, 48.70292], [-125.75148, 48.70247], [-125.75428, 48.70201], [-125.75708, 48.70155], [-125.75982, 48.7011], [-125.76229, 48.70079], [-125.76545, 48.70087], [-125.7684, 48.70098], [-125.77151, 48.70119], [-125.77437, 48.70143], [-125.77683, 48.70166], [-125.77896, 48.70168], [-125.78081, 48.70162], [-125.78262, 48.70119], [-125.78421, 48.70023], [-125.78568, 48.6994], [-125.78716, 48.69863], [-125.78869, 48.69788], [-125.79009, 48.69716], [-125.79143, 48.69648], [-125.79283, 48.69585], [-125.79428, 48.69526], [-125.79559, 48.69462], [-125.79699, 48.69405], [-125.79844, 48.69339], [-125.79993, 48.69292], [-125.80142, 48.6923], [-125.80268, 48.69178], [-125.804, 48.69125], [-125.80545, 48.69075], [-125.80694, 48.6902], [-125.80844, 48.68967], [-125.80973, 48.68912], [-125.81105, 48.68862], [-125.81235, 48.68811], [-125.81368, 48.68768], [-125.815, 48.6872], [-125.81643, 48.68674], [-125.81785, 48.68634], [-125.8191, 48.68595], [-125.82046, 48.68554], [-125.82184, 48.68516], [-125.82342, 48.68466], [-125.82485, 48.68414], [-125.82632, 48.68376], [-125.82727, 48.68314], [-125.82877, 48.68264], [-125.83014, 48.68218], [-125.83155, 48.68179], [-125.83302, 48.68139], [-125.83452, 48.68098], [-125.83595, 48.68056], [-125.83764, 48.68035], [-125.83928, 48.68013], [-125.84093, 48.6798], [-125.84251, 48.67947], [-125.84409, 48.67915], [-125.84571, 48.67884], [-125.84738, 48.67851], [-125.84908, 48.67821], [-125.85066, 48.67787], [-125.85244, 48.67754], [-125.8543, 48.67713], [-125.85628, 48.67679], [-125.85811, 48.67641], [-125.85971, 48.67596], [-125.86153, 48.67572], [-125.86323, 48.67545], [-125.86499, 48.67511], [-125.86674, 48.67475], [-125.86854, 48.67442], [-125.87037, 48.67414], [-125.87225, 48.67395], [-125.8741, 48.67377], [-125.87588, 48.67351], [-125.87769, 48.67326], [-125.87928, 48.67293], [-125.88091, 48.67263], [-125.88278, 48.67239], [-125.88472, 48.67213], [-125.88632, 48.67178], [-125.88805, 48.67148], [-125.88978, 48.6712], [-125.89155, 48.67092], [-125.89337, 48.67065], [-125.89556, 48.67036], [-125.89736, 48.67012], [-125.89921, 48.66983], [-125.90104, 48.66953], [-125.90293, 48.66922], [-125.9049, 48.66889], [-125.90698, 48.66862], [-125.90879, 48.66833], [-125.91074, 48.66801], [-125.91267, 48.66772], [-125.91452, 48.66743], [-125.91625, 48.6671], [-125.91813, 48.6667], [-125.91996, 48.66637], [-125.92176, 48.66603], [-125.92367, 48.66578], [-125.92553, 48.66549], [-125.92732, 48.66509], [-125.9292, 48.66472], [-125.93116, 48.66439], [-125.93358, 48.66383], [-125.93551, 48.66347], [-125.93748, 48.6631], [-125.93949, 48.66272], [-125.94151, 48.66233], [-125.94354, 48.66196], [-125.94564, 48.66158], [-125.94772, 48.66119], [-125.94981, 48.66083], [-125.95184, 48.66041], [-125.95384, 48.66], [-125.95576, 48.6596], [-125.95776, 48.65917], [-125.95972, 48.65865], [-125.9618, 48.65813], [-125.96374, 48.65772], [-125.96561, 48.65729], [-125.96763, 48.65688], [-125.96975, 48.65648], [-125.97172, 48.65602], [-125.97356, 48.65585], [-125.9755, 48.65547], [-125.97747, 48.65522], [-125.97929, 48.65469], [-125.98096, 48.65413], [-125.98291, 48.65364], [-125.98482, 48.65315], [-125.98683, 48.65268], [-125.98851, 48.65231], [-125.9904, 48.65204], [-125.99228, 48.65174], [-125.99421, 48.65137], [-125.99617, 48.65103], [-125.99805, 48.65053], [-125.99984, 48.65005], [-126.00157, 48.64958], [-126.00349, 48.64914], [-126.00546, 48.64877], [-126.00748, 48.64836], [-126.00931, 48.64786], [-126.01112, 48.64742], [-126.01291, 48.64707], [-126.01467, 48.64668], [-126.01665, 48.64622], [-126.01862, 48.64576], [-126.02066, 48.64529], [-126.02269, 48.64478], [-126.02461, 48.64425], [-126.0266, 48.64374], [-126.02847, 48.64325], [-126.0303, 48.64277], [-126.03223, 48.64226], [-126.03405, 48.64163], [-126.0359, 48.64114], [-126.03784, 48.64059], [-126.04011, 48.64004], [-126.04251, 48.63938], [-126.0449, 48.63864], [-126.04718, 48.63797], [-126.04929, 48.63739], [-126.05093, 48.63613], [-126.05315, 48.63555], [-126.05538, 48.63483], [-126.05784, 48.63402], [-126.06016, 48.63326], [-126.06231, 48.63255], [-126.06464, 48.63178], [-126.06719, 48.63094], [-126.06975, 48.63012], [-126.07208, 48.62931], [-126.07474, 48.62845], [-126.07713, 48.62753], [-126.07963, 48.62655], [-126.08211, 48.62555], [-126.08456, 48.62452], [-126.08704, 48.6235], [-126.0895, 48.62248], [-126.09199, 48.62146], [-126.09456, 48.62039], [-126.09709, 48.61935], [-126.10021, 48.6177], [-126.10254, 48.61679], [-126.10499, 48.61578], [-126.10758, 48.61463], [-126.11015, 48.61344], [-126.11288, 48.61222], [-126.11558, 48.61101], [-126.11825, 48.6098], [-126.12098, 48.60857], [-126.12371, 48.60733], [-126.12652, 48.60606], [-126.12948, 48.60472], [-126.13258, 48.60342], [-126.13572, 48.60202], [-126.13892, 48.60059], [-126.14215, 48.59915], [-126.14577, 48.59776], [-126.14948, 48.5964], [-126.15524, 48.59431], [-126.16225, 48.59175], [-126.1694, 48.59026], [-126.17858, 48.59025], [-126.18825, 48.59035], [-126.19867, 48.59043], [-126.20753, 48.59087], [-126.21552, 48.59163], [-126.2199, 48.59123], [-126.22554, 48.59162], [-126.23102, 48.592], [-126.23653, 48.59238], [-126.24263, 48.59281], [-126.24922, 48.59326], [-126.25121, 48.59044], [-126.25639, 48.59033], [-126.26169, 48.59022], [-126.26716, 48.5901], [-126.27262, 48.58999], [-126.27832, 48.58987], [-126.29364, 48.58884], [-126.31641, 48.59095], [-126.33392, 48.59258], [-126.34823, 48.59391], [-126.36094, 48.5951], [-126.37224, 48.59615], [-126.39078, 48.59684], [-126.41495, 48.59693], [-126.43846, 48.59701], [-126.46358, 48.59709], [-126.48865, 48.59718], [-126.51348, 48.59726], [-126.53884, 48.59665], [-126.56292, 48.59708], [-126.58739, 48.59751], [-126.61161, 48.59793], [-126.63578, 48.59836], [-126.65992, 48.59878], [-126.68241, 48.59918], [-126.70603, 48.59281], [-126.72963, 48.58645], [-126.75309, 48.58012], [-126.77675, 48.57374]]}, "properties": {"deployment": "dfo-hal1002-20260413", "glider": "hal1002", "group": "southern_line", "segment": 0, "n_points": 504, "deployment_start": "2026-04-13", "deployment_month": "2026-04", "segment_start": "2026-04-13T18:34", "segment_end": "2026-04-18T08:33", "segment_month": "2026-04", "epoch_days": 779, "segment_epoch_days": 779}}, {"type": "Feature", "geometry": {"type": "LineString", "coordinates": [[-126.78813, 48.61062], [-126.76349, 48.6157], [-126.75537, 48.6165], [-126.76586, 48.6121], [-126.7761, 48.6078], [-126.78634, 48.6035], [-126.79666, 48.59916]]}, "properties": {"deployment": "dfo-hal1002-20260413", "glider": "hal1002", "group": "southern_line", "segment": 1, "n_points": 7, "deployment_start": "2026-04-13", "deployment_month": "2026-04", "segment_start": "2026-05-16T15:02", "segment_end": "2026-05-17T01:15", "segment_month": "2026-05", "epoch_days": 779, "segment_epoch_days": 812}}, {"type": "Feature", "geometry": {"type": "LineString", "coordinates": [[-126.78841, 48.64952], [-126.76826, 48.65202]]}, "properties": {"deployment": "dfo-hal1002-20260413", "glider": "hal1002", "group": "southern_line", "segment": 2, "n_points": 2, "deployment_start": "2026-04-13", "deployment_month": "2026-04", "segment_start": "2026-06-16T17:57", "segment_end": "2026-06-16T19:37", "segment_month": "2026-06", "epoch_days": 779, "segment_epoch_days": 843}}, {"type": "Feature", "geometry": {"type": "LineString", "coordinates": [[-126.70915, 48.65758], [-126.6969, 48.67403], [-126.68613, 48.68979], [-126.67504, 48.70716], [-126.66367, 48.7244], [-126.65355, 48.74321], [-126.64306, 48.7586], [-126.63232, 48.77135], [-126.62334, 48.78201], [-126.61578, 48.79097], [-126.60508, 48.79573], [-126.59718, 48.80115], [-126.58969, 48.80558], [-126.5826, 48.80927], [-126.57552, 48.81236], [-126.56875, 48.81523], [-126.56182, 48.81656], [-126.55611, 48.81885], [-126.55051, 48.82104], [-126.54529, 48.82315], [-126.54047, 48.8251], [-126.5355, 48.82711], [-126.53032, 48.82731], [-126.52635, 48.82913], [-126.52231, 48.83082], [-126.5181, 48.83242], [-126.51392, 48.83388], [-126.50989, 48.83536], [-126.50548, 48.8357], [-126.50217, 48.83685], [-126.4987, 48.83797], [-126.49524, 48.83905], [-126.49196, 48.84006], [-126.48882, 48.84104], [-126.48539, 48.84063], [-126.48257, 48.84145], [-126.47995, 48.84218], [-126.47714, 48.84297], [-126.47436, 48.84381], [-126.4719, 48.84462], [-126.46961, 48.84537], [-126.46738, 48.84614], [-126.46521, 48.84695], [-126.46307, 48.84791], [-126.46144, 48.84895], [-126.46026, 48.85012], [-126.45851, 48.85113], [-126.45616, 48.85203], [-126.45376, 48.85294], [-126.45133, 48.85387], [-126.44975, 48.85415], [-126.44804, 48.85536], [-126.44618, 48.85664], [-126.44408, 48.85804], [-126.44205, 48.85941], [-126.44006, 48.86082], [-126.43794, 48.86235], [-126.43547, 48.86415], [-126.43315, 48.8658], [-126.43106, 48.86731], [-126.42856, 48.86904], [-126.42573, 48.87106], [-126.42305, 48.87299], [-126.42038, 48.87492], [-126.41738, 48.877], [-126.4142, 48.87908], [-126.40746, 48.88048], [-126.40489, 48.88247], [-126.40214, 48.88423], [-126.39927, 48.88617], [-126.39627, 48.88785], [-126.39333, 48.88957], [-126.39004, 48.89148], [-126.38673, 48.89357], [-126.38379, 48.89531], [-126.38096, 48.89711], [-126.37801, 48.89871], [-126.37498, 48.90049], [-126.37204, 48.90202], [-126.36908, 48.90357], [-126.36606, 48.90501], [-126.36326, 48.90665], [-126.35802, 48.90703], [-126.35536, 48.90846], [-126.35258, 48.90984], [-126.3497, 48.91135], [-126.3469, 48.91278], [-126.34423, 48.91426], [-126.34165, 48.91559], [-126.3392, 48.9169], [-126.33687, 48.918], [-126.33446, 48.91928], [-126.33208, 48.92055], [-126.32976, 48.92194], [-126.32752, 48.92324], [-126.32536, 48.9246], [-126.32324, 48.92589], [-126.32117, 48.92716], [-126.31845, 48.92514], [-126.31648, 48.92644], [-126.31468, 48.92751], [-126.31271, 48.92869], [-126.31096, 48.92976], [-126.309, 48.93095], [-126.30752, 48.93188], [-126.30585, 48.93308], [-126.30425, 48.93424], [-126.30257, 48.93546], [-126.30149, 48.93592], [-126.29993, 48.93725], [-126.2986, 48.9385], [-126.29705, 48.93992], [-126.29559, 48.9413], [-126.29412, 48.94269], [-126.2928, 48.94399], [-126.2914, 48.94545], [-126.29023, 48.94684], [-126.28886, 48.94832], [-126.28805, 48.94964], [-126.28688, 48.95115], [-126.28573, 48.95261], [-126.28446, 48.95407], [-126.28337, 48.95556], [-126.28215, 48.95711], [-126.28111, 48.9587], [-126.27986, 48.96035], [-126.27881, 48.96199], [-126.27763, 48.96367], [-126.27675, 48.96556], [-126.27565, 48.96716], [-126.27461, 48.96884], [-126.27348, 48.97068], [-126.27245, 48.97241], [-126.2713, 48.97409], [-126.27026, 48.97584], [-126.26921, 48.9776], [-126.26821, 48.97937], [-126.26714, 48.98127], [-126.26669, 48.9833], [-126.26588, 48.9851], [-126.26497, 48.98679], [-126.26371, 48.98849], [-126.26248, 48.99014], [-126.26124, 48.99173], [-126.26003, 48.99334], [-126.25861, 48.99494], [-126.25713, 48.99649], [-126.25548, 48.99796], [-126.25405, 48.99993], [-126.25239, 49.00027], [-126.25081, 49.00072], [-126.24929, 49.00129], [-126.24778, 49.00217], [-126.24628, 49.00332], [-126.24481, 49.0045], [-126.24334, 49.00567], [-126.24198, 49.00682], [-126.24058, 49.00792], [-126.23995, 49.01028], [-126.23929, 49.01147], [-126.23843, 49.01342], [-126.23768, 49.01466], [-126.23731, 49.01631], [-126.23673, 49.01753], [-126.23619, 49.01934], [-126.23539, 49.02052], [-126.23507, 49.02193], [-126.23416, 49.02299], [-126.2343, 49.02435], [-126.23383, 49.0256], [-126.23407, 49.02694], [-126.23315, 49.02801], [-126.23418, 49.02938], [-126.23394, 49.03057]]}, "properties": {"deployment": "dfo-hal1002-20260413", "glider": "hal1002", "group": "southern_line", "segment": 3, "n_points": 174, "deployment_start": "2026-04-13", "deployment_month": "2026-04", "segment_start": "2026-06-20T17:41", "segment_end": "2026-06-22T17:18", "segment_month": "2026-06", "epoch_days": 779, "segment_epoch_days": 847}}, {"type": "Feature", "geometry": {"type": "LineString", "coordinates": [[-125.15826, 48.90436], [-125.16091, 48.90427], [-125.16225, 48.90341], [-125.16505, 48.90224], [-125.16598, 48.90105], [-125.16687, 48.89982], [-125.16786, 48.89853], [-125.16931, 48.89749], [-125.1702, 48.89621], [-125.17105, 48.8949], [-125.17186, 48.89367], [-125.17335, 48.89237], [-125.17399, 48.89108], [-125.17474, 48.89001], [-125.17655, 48.88948], [-125.17947, 48.88893], [-125.1813, 48.88862], [-125.18325, 48.88806], [-125.18514, 48.88756], [-125.18828, 48.88702], [-125.18995, 48.88678], [-125.19182, 48.8862], [-125.19365, 48.88569], [-125.19553, 48.88514], [-125.19739, 48.88458], [-125.19919, 48.88395], [-125.20118, 48.8833], [-125.20576, 48.88128], [-125.20744, 48.88074], [-125.20932, 48.88016], [-125.2111, 48.87962], [-125.21302, 48.87904], [-125.21456, 48.87832], [-125.2161, 48.87747], [-125.21781, 48.87654], [-125.22316, 48.87504], [-125.22453, 48.87433], [-125.2261, 48.87336], [-125.22757, 48.87239], [-125.22913, 48.87135], [-125.23058, 48.87043], [-125.23213, 48.8695], [-125.23392, 48.86843], [-125.23945, 48.86667], [-125.24065, 48.86556], [-125.24198, 48.86445], [-125.2432, 48.8634], [-125.24445, 48.86231], [-125.24564, 48.86126], [-125.24691, 48.8601], [-125.24831, 48.85891], [-125.25254, 48.85695], [-125.25281, 48.85565], [-125.25303, 48.85421], [-125.25338, 48.85284], [-125.254, 48.85143], [-125.25452, 48.85008], [-125.25511, 48.84868], [-125.2557, 48.84733], [-125.25787, 48.84625], [-125.25829, 48.84481], [-125.25871, 48.8433], [-125.25912, 48.84181], [-125.25953, 48.84025], [-125.25991, 48.8387], [-125.2603, 48.83709], [-125.26071, 48.83552], [-125.2618, 48.83674], [-125.26194, 48.835], [-125.26193, 48.83459], [-125.26205, 48.83295], [-125.2621, 48.83116], [-125.26214, 48.8295], [-125.26213, 48.82771], [-125.26208, 48.82633], [-125.26206, 48.8322], [-125.26209, 48.83047], [-125.26206, 48.82872], [-125.26203, 48.82721], [-125.26286, 48.83125], [-125.26284, 48.82957], [-125.26323, 48.83022], [-125.26317, 48.82879], [-125.26399, 48.8306], [-125.26402, 48.82892], [-125.26371, 48.82951], [-125.26354, 48.82799], [-125.26378, 48.82956], [-125.26363, 48.82789], [-125.26347, 48.82624], [-125.26335, 48.82484], [-125.2639, 48.82772], [-125.26373, 48.82603], [-125.26353, 48.82432], [-125.26335, 48.82287], [-125.26408, 48.82569], [-125.26394, 48.82409], [-125.26377, 48.82238], [-125.26356, 48.8208], [-125.26402, 48.82217], [-125.26386, 48.82052], [-125.26377, 48.81884], [-125.26359, 48.81721], [-125.26312, 48.81709], [-125.26298, 48.81544], [-125.26264, 48.81383], [-125.26249, 48.81221], [-125.26293, 48.81084], [-125.26281, 48.80926], [-125.26266, 48.80763], [-125.2624, 48.80602], [-125.26225, 48.8037], [-125.26194, 48.80218], [-125.26197, 48.80068], [-125.26276, 48.79912], [-125.26412, 48.79587], [-125.26515, 48.79431], [-125.26563, 48.7917], [-125.26661, 48.79018], [-125.26771, 48.78769], [-125.26872, 48.78646], [-125.26898, 48.78468], [-125.27008, 48.78361], [-125.27105, 48.78242], [-125.27239, 48.78178], [-125.27278, 48.78045], [-125.27438, 48.78013], [-125.27503, 48.77979], [-125.27664, 48.77997], [-125.27861, 48.77984], [-125.28047, 48.7798], [-125.27946, 48.78002], [-125.28111, 48.78026], [-125.28198, 48.78025], [-125.28384, 48.78014], [-125.28392, 48.78017], [-125.2856, 48.78005], [-125.28767, 48.77987], [-125.28948, 48.77975], [-125.28932, 48.78047], [-125.29123, 48.78034], [-125.2922, 48.78064], [-125.294, 48.7807], [-125.29431, 48.78183], [-125.29596, 48.78196], [-125.298, 48.78178], [-125.29988, 48.78172], [-125.29974, 48.78275], [-125.30138, 48.78284], [-125.30263, 48.78373], [-125.30453, 48.78357], [-125.30657, 48.78566], [-125.30842, 48.78569], [-125.31053, 48.78542], [-125.31249, 48.78518], [-125.31422, 48.78744], [-125.31614, 48.78735], [-125.31794, 48.78808], [-125.31985, 48.78791], [-125.32198, 48.78768], [-125.324, 48.78743], [-125.32615, 48.78712], [-125.32808, 48.78684], [-125.33014, 48.78654], [-125.33214, 48.78633], [-125.33496, 48.78956], [-125.33683, 48.78949], [-125.3391, 48.78986], [-125.3411, 48.78967], [-125.34386, 48.79025], [-125.34579, 48.78996], [-125.34844, 48.79019], [-125.35045, 48.78994], [-125.35259, 48.78958], [-125.3547, 48.78933], [-125.3587, 48.79155], [-125.36055, 48.79148], [-125.36375, 48.79188], [-125.36576, 48.79152], [-125.36781, 48.79103], [-125.36974, 48.79058], [-125.37189, 48.79011], [-125.37388, 48.78966], [-125.38031, 48.79103], [-125.38293, 48.79077], [-125.3879, 48.79222], [-125.38985, 48.79198], [-125.39392, 48.7922], [-125.3962, 48.79176], [-125.40063, 48.79148], [-125.40281, 48.79086], [-125.40488, 48.7902], [-125.40685, 48.78956], [-125.40895, 48.78887], [-125.41134, 48.78845], [-125.42212, 48.79184], [-125.42387, 48.7914], [-125.42593, 48.79052], [-125.42789, 48.78974], [-125.43571, 48.79071], [-125.43788, 48.78991], [-125.44328, 48.78982], [-125.44517, 48.78891], [-125.44995, 48.78901], [-125.45218, 48.78822], [-125.46025, 48.79009], [-125.46192, 48.78942], [-125.46741, 48.78921], [-125.46919, 48.78803], [-125.47477, 48.78757], [-125.47647, 48.78632], [-125.47795, 48.78491], [-125.47927, 48.7835], [-125.48073, 48.78198], [-125.4826, 48.78071], [-125.50101, 48.785], [-125.50117, 48.78341], [-125.50128, 48.78171], [-125.50141, 48.78003], [-125.51183, 48.78131], [-125.51163, 48.77978], [-125.5108, 48.77801], [-125.51, 48.7763], [-125.52274, 48.77821], [-125.52169, 48.77686], [-125.52852, 48.77778], [-125.52656, 48.77643], [-125.53184, 48.77723], [-125.52992, 48.77604], [-125.53493, 48.77721], [-125.53299, 48.77608], [-125.53858, 48.77759], [-125.53656, 48.77653], [-125.53423, 48.77529], [-125.53259, 48.77436], [-125.5476, 48.77872], [-125.54512, 48.77752], [-125.54242, 48.77624], [-125.53987, 48.77515], [-125.5372, 48.77388], [-125.53464, 48.77262], [-125.55485, 48.77588], [-125.55258, 48.77509], [-125.54954, 48.77414], [-125.54726, 48.77327], [-125.56909, 48.77383], [-125.57254, 48.77281], [-125.58434, 48.77169], [-125.58811, 48.77048], [-125.60005, 48.76944], [-125.60393, 48.7683], [-125.60734, 48.76713], [-125.61052, 48.76603], [-125.6302, 48.76496], [-125.63396, 48.76378], [-125.64459, 48.76228], [-125.6471, 48.76122], [-125.65412, 48.75965], [-125.65709, 48.75857], [-125.66371, 48.75675], [-125.66699, 48.75553], [-125.67357, 48.75296], [-125.67695, 48.75158], [-125.6805, 48.75017], [-125.6843, 48.74848], [-125.69221, 48.74219], [-125.69597, 48.74075], [-125.69995, 48.73925], [-125.7039, 48.73779], [-125.71093, 48.73077], [-125.7154, 48.72907], [-125.72021, 48.72764], [-125.7251, 48.72598], [-125.72976, 48.72441], [-125.73423, 48.72237], [-125.73505, 48.7144], [-125.73928, 48.71363], [-125.74363, 48.71308], [-125.74749, 48.71256], [-125.74616, 48.70955], [-125.74942, 48.70909], [-125.75301, 48.7088], [-125.75649, 48.70858], [-125.75996, 48.70827], [-125.76338, 48.70791], [-125.76165, 48.70426], [-125.7651, 48.70447], [-125.76781, 48.70371], [-125.77092, 48.70401], [-125.77407, 48.70433], [-125.77693, 48.70463], [-125.77943, 48.70491], [-125.78132, 48.70512], [-125.78326, 48.70539], [-125.78517, 48.70535], [-125.79017, 48.70367], [-125.79174, 48.70316], [-125.79336, 48.70264], [-125.79487, 48.70222], [-125.79648, 48.70178], [-125.79805, 48.70135], [-125.8043, 48.70242], [-125.80612, 48.70207], [-125.80765, 48.70159], [-125.80924, 48.70123], [-125.81979, 48.70474], [-125.82107, 48.70425], [-125.82253, 48.70379], [-125.8239, 48.70332], [-125.82532, 48.70285], [-125.82659, 48.70244], [-125.82798, 48.70195], [-125.82925, 48.7015], [-125.83079, 48.70112], [-125.8322, 48.70072], [-125.83375, 48.70023], [-125.83506, 48.69978], [-125.84963, 48.70343], [-125.85215, 48.7034], [-125.85365, 48.70287], [-125.85501, 48.70248], [-125.85643, 48.70198], [-125.85781, 48.70157], [-125.85939, 48.70121], [-125.86119, 48.70092], [-125.87575, 48.70432], [-125.87705, 48.70379], [-125.87861, 48.7033], [-125.8801, 48.70281], [-125.88166, 48.70237], [-125.88311, 48.70189], [-125.89545, 48.70403], [-125.89772, 48.70375], [-125.90235, 48.70397], [-125.90414, 48.70355], [-125.9092, 48.70358], [-125.91111, 48.7031], [-125.91615, 48.70321], [-125.91792, 48.70276], [-125.92313, 48.70315], [-125.92492, 48.70274], [-125.92658, 48.70221], [-125.92818, 48.70162], [-125.9299, 48.70099], [-125.93219, 48.70051], [-125.94639, 48.7028], [-125.94787, 48.70219], [-125.95338, 48.70258], [-125.95517, 48.70204], [-125.96141, 48.70267], [-125.96332, 48.70216], [-125.96506, 48.70143], [-125.96677, 48.70077], [-125.97868, 48.70436], [-125.9808, 48.70389], [-125.98876, 48.70541], [-125.99095, 48.70486], [-125.99822, 48.70688], [-126.00026, 48.70648], [-126.00222, 48.70576], [-126.00408, 48.70503], [-126.01741, 48.71019], [-126.02054, 48.71011], [-126.02268, 48.70935], [-126.02501, 48.70882], [-126.04072, 48.71638], [-126.04269, 48.71548], [-126.04488, 48.7146], [-126.04686, 48.71371], [-126.06011, 48.71981], [-126.06292, 48.71936], [-126.07045, 48.72233], [-126.07287, 48.72154], [-126.08012, 48.72438], [-126.08244, 48.72356], [-126.09015, 48.727], [-126.09229, 48.72598], [-126.09454, 48.72478], [-126.09665, 48.72374], [-126.10902, 48.73114], [-126.11154, 48.73028], [-126.11386, 48.72915], [-126.11605, 48.72788], [-126.1183, 48.7266], [-126.12145, 48.72612], [-126.13968, 48.74181], [-126.14272, 48.74137], [-126.14578, 48.74085], [-126.14876, 48.74042], [-126.16076, 48.75002], [-126.16385, 48.74958], [-126.17122, 48.75437], [-126.1748, 48.75415], [-126.18307, 48.75986], [-126.18634, 48.7592], [-126.19433, 48.76389], [-126.19768, 48.76328], [-126.20497, 48.76767], [-126.20842, 48.76706], [-126.21594, 48.77132], [-126.21967, 48.77075], [-126.22893, 48.77671], [-126.23244, 48.77583], [-126.24006, 48.78001], [-126.24356, 48.77922], [-126.25089, 48.78341], [-126.25457, 48.78244], [-126.26264, 48.78738], [-126.26653, 48.78653], [-126.27556, 48.7922], [-126.27936, 48.79099], [-126.28684, 48.79558], [-126.29055, 48.7945], [-126.29856, 48.7976], [-126.3024, 48.79634], [-126.30983, 48.79955], [-126.31368, 48.79825], [-126.32195, 48.80175], [-126.32558, 48.8003], [-126.33283, 48.80221], [-126.33672, 48.80076], [-126.34429, 48.80259], [-126.34802, 48.80111], [-126.35516, 48.80267], [-126.35905, 48.80117], [-126.36667, 48.8033], [-126.37052, 48.80152], [-126.37814, 48.80247], [-126.38213, 48.80066], [-126.38617, 48.79876], [-126.39006, 48.79686], [-126.39834, 48.80052], [-126.40046, 48.80019], [-126.40198, 48.80249], [-126.40366, 48.80185], [-126.40645, 48.80252], [-126.41029, 48.80047], [-126.4176, 48.80141], [-126.42201, 48.79904], [-126.42639, 48.79666], [-126.431, 48.79418], [-126.44105, 48.80063], [-126.44265, 48.79992], [-126.44419, 48.80014], [-126.44575, 48.79928], [-126.44762, 48.79969], [-126.44925, 48.79902], [-126.45214, 48.79837], [-126.45632, 48.796], [-126.46338, 48.79874], [-126.46518, 48.79786], [-126.46691, 48.79681], [-126.46861, 48.79592], [-126.47179, 48.79409], [-126.47604, 48.79131], [-126.47854, 48.78962], [-126.48024, 48.78951], [-126.48913, 48.79535], [-126.49016, 48.79462], [-126.49273, 48.79406], [-126.49395, 48.79339], [-126.49633, 48.79296], [-126.49766, 48.79224], [-126.49897, 48.79138], [-126.50077, 48.79074], [-126.5091, 48.79084], [-126.51369, 48.78707], [-126.52295, 48.78963], [-126.52581, 48.78777], [-126.5282, 48.78581], [-126.53024, 48.7841], [-126.5408, 48.78847], [-126.54342, 48.787], [-126.55104, 48.78833], [-126.5535, 48.7858], [-126.56152, 48.78649], [-126.56449, 48.78329], [-126.57362, 48.78506], [-126.57623, 48.7822], [-126.58404, 48.78408], [-126.58629, 48.78136], [-126.59595, 48.78247], [-126.60012, 48.77609], [-126.60353, 48.77093], [-126.6061, 48.76694], [-126.6219, 48.77351], [-126.62624, 48.76523], [-126.63226, 48.75303], [-126.64015, 48.73679], [-126.66098, 48.74613], [-126.66209, 48.74023], [-126.66583, 48.74111], [-126.6667, 48.73538], [-126.67013, 48.73659], [-126.67067, 48.73147], [-126.67434, 48.73068], [-126.67454, 48.72243], [-126.67839, 48.72259], [-126.67791, 48.70912], [-126.678, 48.70141], [-126.6781, 48.69913], [-126.67831, 48.6961], [-126.68178, 48.69382], [-126.7042, 48.70886], [-126.72715, 48.70012], [-126.75647, 48.70657], [-126.77897, 48.69755]]}, "properties": {"deployment": "dfo-marvin1003-20241215", "glider": "marvin1003", "group": "southern_line", "segment": 0, "n_points": 507, "deployment_start": "2024-12-15", "deployment_month": "2024-12", "segment_start": "2024-12-15T18:24", "segment_end": "2024-12-19T18:29", "segment_month": "2024-12", "epoch_days": 295, "segment_epoch_days": 295}}, {"type": "Feature", "geometry": {"type": "LineString", "coordinates": [[-126.75465, 48.65333], [-126.74191, 48.6505], [-126.76328, 48.64252], [-126.78688, 48.63418]]}, "properties": {"deployment": "dfo-marvin1003-20241215", "glider": "marvin1003", "group": "southern_line", "segment": 1, "n_points": 4, "deployment_start": "2024-12-15", "deployment_month": "2024-12", "segment_start": "2025-01-18T02:46", "segment_end": "2025-01-18T08:04", "segment_month": "2025-01", "epoch_days": 295, "segment_epoch_days": 329}}, {"type": "Feature", "geometry": {"type": "LineString", "coordinates": [[-126.79365, 48.63181], [-126.76821, 48.63543], [-126.74281, 48.63899], [-126.71868, 48.63594], [-126.69529, 48.62849], [-126.67174, 48.62115], [-126.64624, 48.63151], [-126.64644, 48.6296], [-126.6452, 48.62873], [-126.64416, 48.62777], [-126.64273, 48.62666], [-126.64122, 48.62538]]}, "properties": {"deployment": "dfo-marvin1003-20241215", "glider": "marvin1003", "group": "southern_line", "segment": 2, "n_points": 12, "deployment_start": "2024-12-15", "deployment_month": "2024-12", "segment_start": "2025-02-13T13:25", "segment_end": "2025-02-14T06:47", "segment_month": "2025-02", "epoch_days": 295, "segment_epoch_days": 355}}, {"type": "Feature", "geometry": {"type": "LineString", "coordinates": [[-126.32092, 48.59109], [-126.31482, 48.59241], [-126.31092, 48.59262], [-126.30756, 48.5932], [-126.29511, 48.59572], [-126.27396, 48.60042], [-126.26741, 48.60249], [-126.26214, 48.60342], [-126.25706, 48.60409], [-126.25201, 48.6052], [-126.2476, 48.60609], [-126.23811, 48.60816], [-126.23136, 48.61014], [-126.22345, 48.61181], [-126.21472, 48.61361], [-126.20534, 48.61571], [-126.20271, 48.62015], [-126.20011, 48.6209], [-126.1958, 48.62436], [-126.19125, 48.62532], [-126.18653, 48.62619], [-126.18208, 48.62701], [-126.1776, 48.6279], [-126.17344, 48.62916], [-126.1714, 48.63618], [-126.16738, 48.6368], [-126.16467, 48.63967], [-126.16088, 48.64033], [-126.15823, 48.64372], [-126.15448, 48.64438], [-126.15347, 48.64887], [-126.14978, 48.64931], [-126.14607, 48.6498], [-126.14252, 48.65027], [-126.14239, 48.65686], [-126.1391, 48.65762], [-126.13917, 48.66325], [-126.13574, 48.66357], [-126.13456, 48.66693], [-126.13138, 48.66739], [-126.12792, 48.66776], [-126.12475, 48.66836], [-126.12931, 48.67697], [-126.12604, 48.67731], [-126.1254, 48.68028], [-126.12229, 48.68069], [-126.11889, 48.68092], [-126.11582, 48.68121], [-126.12028, 48.68823], [-126.11704, 48.68836], [-126.1168, 48.69107], [-126.11374, 48.69127], [-126.11046, 48.69131], [-126.1075, 48.69136], [-126.11357, 48.69959], [-126.11057, 48.69957], [-126.1075, 48.69957], [-126.10467, 48.69953], [-126.10168, 48.69943], [-126.09883, 48.6996], [-126.10692, 48.7102], [-126.10589, 48.71029], [-126.10743, 48.71292], [-126.10644, 48.71297], [-126.10806, 48.71552], [-126.10715, 48.71558], [-126.10881, 48.71792], [-126.10801, 48.71804], [-126.10929, 48.72019], [-126.10845, 48.72014], [-126.10998, 48.72275], [-126.10919, 48.72292], [-126.11049, 48.72531], [-126.10971, 48.72531], [-126.11116, 48.72753], [-126.1104, 48.72763], [-126.11188, 48.73014], [-126.11116, 48.73029], [-126.11358, 48.73284], [-126.11282, 48.73279], [-126.11436, 48.73534], [-126.11363, 48.73544], [-126.11479, 48.73792], [-126.11403, 48.73803], [-126.11556, 48.74095], [-126.11484, 48.74094], [-126.11618, 48.74327], [-126.11552, 48.74318], [-126.11663, 48.74597], [-126.1158, 48.74586], [-126.11721, 48.74844], [-126.11644, 48.74837], [-126.11751, 48.75109], [-126.1168, 48.75103], [-126.11801, 48.75385], [-126.11729, 48.7538], [-126.11833, 48.75658], [-126.11753, 48.75652], [-126.11831, 48.75921], [-126.11752, 48.75924], [-126.11789, 48.76169], [-126.11711, 48.76162], [-126.11715, 48.76438], [-126.11634, 48.76424], [-126.11723, 48.76719], [-126.1164, 48.76708], [-126.11637, 48.76984], [-126.11555, 48.76967], [-126.11571, 48.77254], [-126.1149, 48.77243], [-126.11476, 48.77537], [-126.11396, 48.77523], [-126.11421, 48.7778], [-126.11339, 48.77773], [-126.11443, 48.78128], [-126.11363, 48.78114], [-126.11448, 48.78466], [-126.11369, 48.78455], [-126.11374, 48.78696], [-126.11284, 48.7868], [-126.11294, 48.78933], [-126.11201, 48.7892], [-126.11128, 48.79186], [-126.11036, 48.79179], [-126.10963, 48.79411], [-126.10886, 48.79404], [-126.10888, 48.79599], [-126.10807, 48.79573], [-126.10731, 48.79853], [-126.10656, 48.79831], [-126.10635, 48.80015], [-126.10557, 48.79989], [-126.10479, 48.80208], [-126.10399, 48.8018], [-126.10384, 48.80372], [-126.10305, 48.80347], [-126.10221, 48.8052], [-126.10139, 48.80493], [-126.10163, 48.80639], [-126.10082, 48.8062], [-126.10027, 48.80795], [-126.09943, 48.80767], [-126.09916, 48.80894], [-126.09842, 48.80869], [-126.09825, 48.81002], [-126.09751, 48.80973], [-126.09678, 48.81093], [-126.096, 48.81063], [-126.09562, 48.81163], [-126.09484, 48.81129], [-126.09425, 48.8124], [-126.09348, 48.81214], [-126.09268, 48.81306], [-126.09189, 48.81272], [-126.09127, 48.81395], [-126.09049, 48.81371], [-126.08956, 48.81404], [-126.08863, 48.81374], [-126.08816, 48.81441], [-126.08729, 48.81413], [-126.08649, 48.81457], [-126.08573, 48.81417], [-126.0848, 48.8148], [-126.08392, 48.81454], [-126.08263, 48.81505], [-126.08177, 48.81474], [-126.08194, 48.8149], [-126.08115, 48.8146], [-126.08006, 48.81479], [-126.07929, 48.81439], [-126.07888, 48.81489], [-126.07803, 48.81459], [-126.07765, 48.81475], [-126.07687, 48.81447], [-126.07606, 48.81451], [-126.07519, 48.8142], [-126.07475, 48.81452], [-126.0739, 48.8142], [-126.07354, 48.81431], [-126.07278, 48.81397], [-126.07293, 48.81381], [-126.07212, 48.81347], [-126.07213, 48.8139], [-126.07136, 48.81359], [-126.0714, 48.81408], [-126.0706, 48.81381], [-126.07135, 48.81364], [-126.07057, 48.81329], [-126.07111, 48.81368], [-126.07034, 48.81337], [-126.07051, 48.81346], [-126.06975, 48.8131], [-126.07081, 48.81344], [-126.07012, 48.81311], [-126.0713, 48.81335], [-126.07046, 48.81293], [-126.07036, 48.81288], [-126.06961, 48.81254], [-126.06856, 48.81205], [-126.06758, 48.81171], [-126.06855, 48.8119], [-126.06781, 48.81157], [-126.06773, 48.81158], [-126.06686, 48.81124], [-126.06671, 48.81131], [-126.0659, 48.81104], [-126.06484, 48.81062], [-126.06394, 48.81024], [-126.06293, 48.80983], [-126.06204, 48.80946], [-126.06092, 48.80903], [-126.05997, 48.80864], [-126.0641, 48.80994], [-126.06332, 48.80956], [-126.06436, 48.80984], [-126.06348, 48.80938], [-126.06336, 48.80939], [-126.06256, 48.80909], [-126.06144, 48.80867], [-126.0605, 48.80831], [-126.0619, 48.80926], [-126.06127, 48.80895], [-126.06134, 48.80926], [-126.06058, 48.80894], [-126.06056, 48.80925], [-126.05983, 48.80892], [-126.05885, 48.80845], [-126.05793, 48.80805], [-126.05946, 48.80914], [-126.05871, 48.80884], [-126.0584, 48.80928], [-126.05744, 48.80893], [-126.05761, 48.80939], [-126.05683, 48.80918], [-126.05755, 48.80989], [-126.05667, 48.80944], [-126.05667, 48.80989], [-126.05582, 48.80959], [-126.05479, 48.80922], [-126.05384, 48.80883], [-126.05469, 48.81002], [-126.05403, 48.80972], [-126.05389, 48.8101], [-126.05296, 48.80974], [-126.05305, 48.81004], [-126.05233, 48.80976], [-126.05127, 48.80932], [-126.05035, 48.8089], [-126.05117, 48.80997], [-126.05042, 48.80965], [-126.05036, 48.81008], [-126.04952, 48.80975], [-126.04851, 48.80933], [-126.04782, 48.80892], [-126.04979, 48.81039], [-126.04884, 48.80997], [-126.04879, 48.81025], [-126.04792, 48.80985], [-126.04797, 48.81029], [-126.04709, 48.80999], [-126.047, 48.8103], [-126.04623, 48.81001], [-126.04606, 48.81035], [-126.0452, 48.81003], [-126.0449, 48.81044], [-126.04402, 48.81013], [-126.04384, 48.8106], [-126.04292, 48.81031], [-126.0419, 48.80987], [-126.04096, 48.80949], [-126.03992, 48.80906], [-126.03897, 48.80868], [-126.04026, 48.81095], [-126.03959, 48.81088], [-126.03979, 48.81187], [-126.03886, 48.81143], [-126.03851, 48.812], [-126.03768, 48.81168], [-126.03667, 48.81117], [-126.03571, 48.81075], [-126.03573, 48.81236], [-126.03485, 48.81202], [-126.0343, 48.81242], [-126.03348, 48.81215], [-126.03294, 48.81276], [-126.03209, 48.81249], [-126.03129, 48.81302], [-126.03041, 48.81279], [-126.03, 48.81314], [-126.02919, 48.8128], [-126.02849, 48.81316], [-126.02763, 48.8128], [-126.02687, 48.81305], [-126.02603, 48.81281], [-126.02541, 48.81417], [-126.02449, 48.81375], [-126.02354, 48.8143], [-126.02273, 48.81392], [-126.02197, 48.81437], [-126.02113, 48.81394], [-126.02026, 48.81339], [-126.01942, 48.81288], [-126.01812, 48.8149], [-126.01719, 48.81445], [-126.01588, 48.81507], [-126.01495, 48.81472], [-126.01401, 48.8142], [-126.01318, 48.81378], [-126.01067, 48.8158], [-126.00967, 48.81551], [-126.0079, 48.81625], [-126.00694, 48.81586], [-126.00519, 48.81666], [-126.00418, 48.81633], [-126.00235, 48.81806], [-126.00148, 48.81754], [-125.99966, 48.81852], [-125.99865, 48.81823], [-125.99705, 48.81884], [-125.996, 48.81853], [-125.99504, 48.81805], [-125.99409, 48.81763], [-125.99222, 48.81963], [-125.99115, 48.81954], [-125.98954, 48.82002], [-125.9886, 48.81966], [-125.98766, 48.81911], [-125.98671, 48.81866], [-125.98574, 48.81814], [-125.98494, 48.81765], [-125.98407, 48.81704], [-125.98339, 48.81645], [-125.97969, 48.82071], [-125.97857, 48.82069], [-125.97669, 48.82227], [-125.97582, 48.82173], [-125.97409, 48.82231], [-125.97328, 48.82185], [-125.97246, 48.82125], [-125.97172, 48.82068], [-125.97083, 48.82011], [-125.9699, 48.81964], [-125.96763, 48.8222], [-125.96692, 48.82174], [-125.9656, 48.822], [-125.96486, 48.82149], [-125.96408, 48.82087], [-125.96346, 48.82027], [-125.96175, 48.82156], [-125.96085, 48.82128], [-125.9599, 48.82145], [-125.95903, 48.82104], [-125.95758, 48.82123], [-125.95656, 48.82083], [-125.95497, 48.82157], [-125.95406, 48.82103], [-125.95279, 48.82125], [-125.95203, 48.8207], [-125.9512, 48.82008], [-125.95052, 48.81945], [-125.94913, 48.82007], [-125.94838, 48.81959], [-125.9475, 48.81894], [-125.94666, 48.81842], [-125.94601, 48.81908], [-125.94527, 48.81858], [-125.94449, 48.81858], [-125.94391, 48.81802], [-125.94331, 48.81792], [-125.94266, 48.81742], [-125.94189, 48.81727], [-125.94104, 48.81677], [-125.94045, 48.81671], [-125.93954, 48.8162], [-125.93826, 48.81657], [-125.93742, 48.81604], [-125.93663, 48.81546], [-125.93608, 48.81485], [-125.93568, 48.81517], [-125.935, 48.81472], [-125.93424, 48.81412], [-125.93357, 48.81356], [-125.93292, 48.814], [-125.93228, 48.81355], [-125.93157, 48.81295], [-125.93098, 48.81234], [-125.93082, 48.81261], [-125.93027, 48.81203], [-125.9298, 48.81187], [-125.92898, 48.81137], [-125.9285, 48.81108], [-125.92791, 48.81053], [-125.9272, 48.80994], [-125.92669, 48.80946], [-125.92712, 48.80986], [-125.9264, 48.80924], [-125.92564, 48.80922], [-125.92488, 48.80882], [-125.92407, 48.80827], [-125.92333, 48.80778], [-125.92242, 48.80721], [-125.9216, 48.80669], [-125.92206, 48.80687], [-125.92154, 48.8064], [-125.92106, 48.80606], [-125.92038, 48.80551], [-125.91956, 48.80491], [-125.91884, 48.80436], [-125.91903, 48.80429], [-125.91838, 48.80376], [-125.91796, 48.80334], [-125.91717, 48.80285], [-125.91627, 48.80229], [-125.91568, 48.8017], [-125.91715, 48.80177], [-125.9164, 48.80126], [-125.91598, 48.80082], [-125.91524, 48.80032], [-125.91525, 48.80007], [-125.91472, 48.79956], [-125.91425, 48.79911], [-125.91359, 48.79864], [-125.91307, 48.79798], [-125.91239, 48.79745], [-125.91242, 48.79674], [-125.91183, 48.79625], [-125.91082, 48.79563], [-125.91004, 48.79515], [-125.90907, 48.79458], [-125.90839, 48.794], [-125.90952, 48.79376], [-125.90914, 48.79324], [-125.90916, 48.79253], [-125.90851, 48.79195], [-125.91021, 48.7915], [-125.9095, 48.79098], [-125.90926, 48.79026], [-125.90848, 48.7897], [-125.90867, 48.789], [-125.90791, 48.78844], [-125.90767, 48.78781], [-125.90706, 48.78731], [-125.90697, 48.78664], [-125.90626, 48.78615], [-125.90624, 48.78549], [-125.90548, 48.785], [-125.90551, 48.78435], [-125.90477, 48.78382], [-125.90475, 48.78309], [-125.90399, 48.78255], [-125.90314, 48.78198], [-125.90236, 48.78147], [-125.90345, 48.78067], [-125.90281, 48.78012], [-125.90396, 48.77953], [-125.90318, 48.77902], [-125.90226, 48.7785], [-125.90146, 48.77795], [-125.90254, 48.77707], [-125.90187, 48.77662], [-125.90198, 48.77598], [-125.90123, 48.7755], [-125.90135, 48.7747], [-125.90065, 48.7742], [-125.89971, 48.77367], [-125.89882, 48.77323], [-125.90016, 48.77265], [-125.89946, 48.77216], [-125.89933, 48.77126], [-125.89861, 48.77075], [-125.89772, 48.77023], [-125.89683, 48.76978], [-125.89837, 48.76943], [-125.89792, 48.76885], [-125.8988, 48.76863], [-125.89787, 48.76813], [-125.89844, 48.76756], [-125.89774, 48.76716], [-125.89673, 48.76668], [-125.89587, 48.76621], [-125.89494, 48.76571], [-125.8941, 48.76531], [-125.89739, 48.76433], [-125.89672, 48.76388], [-125.89736, 48.76314], [-125.89651, 48.76273], [-125.89555, 48.76226], [-125.89464, 48.76186], [-125.89369, 48.76142], [-125.89274, 48.76102], [-125.89733, 48.76009], [-125.89692, 48.75967], [-125.89771, 48.75916], [-125.89696, 48.75876], [-125.89919, 48.75852], [-125.89822, 48.75816], [-125.89959, 48.75748], [-125.89892, 48.75705], [-125.89789, 48.75662], [-125.89694, 48.75626], [-125.89978, 48.75591], [-125.89935, 48.75553], [-125.89836, 48.75513], [-125.89739, 48.75479], [-125.90078, 48.75453], [-125.90022, 48.75417], [-125.9012, 48.75394], [-125.9004, 48.75358], [-125.89932, 48.75323], [-125.89833, 48.75289], [-125.90201, 48.75271], [-125.9016, 48.7524], [-125.90311, 48.75196], [-125.90254, 48.75157], [-125.90551, 48.75206], [-125.90448, 48.75173], [-125.90336, 48.75137], [-125.90233, 48.75105], [-125.90675, 48.75138], [-125.91548, 48.75271], [-125.91482, 48.75251], [-125.91643, 48.75271], [-125.91574, 48.75222], [-125.91797, 48.75208], [-125.91719, 48.75158], [-125.91624, 48.75106], [-125.91527, 48.75065], [-125.9142, 48.75022], [-125.91328, 48.74988], [-125.91222, 48.74955], [-125.9112, 48.74926], [-125.92134, 48.75126], [-125.92124, 48.75111], [-125.92013, 48.7508], [-125.91909, 48.75054], [-125.92283, 48.75135], [-125.92262, 48.75121], [-125.92435, 48.75181], [-125.92389, 48.75171], [-125.92743, 48.75276], [-125.92647, 48.75242], [-125.92786, 48.75287], [-125.92702, 48.75268], [-125.92594, 48.75234], [-125.92512, 48.75192], [-125.9241, 48.75149], [-125.92316, 48.75119], [-125.92205, 48.75086], [-125.92107, 48.75052], [-125.91997, 48.75021], [-125.91905, 48.74996], [-125.92944, 48.75376], [-125.92949, 48.75388], [-125.92836, 48.75361], [-125.92749, 48.7532], [-125.93065, 48.75452], [-125.93029, 48.75436], [-125.93154, 48.75497], [-125.93083, 48.75479], [-125.93689, 48.75717], [-125.93504, 48.75702], [-125.93552, 48.75814], [-125.93388, 48.75802], [-125.93449, 48.75888], [-125.9328, 48.75876], [-125.93073, 48.75852], [-125.92889, 48.75825], [-125.93115, 48.76062], [-125.92953, 48.76051], [-125.92768, 48.76016], [-125.92599, 48.75982], [-125.92797, 48.76252], [-125.92714, 48.76251], [-125.92583, 48.7624], [-125.92393, 48.76213], [-125.92245, 48.7621], [-125.92492, 48.76587], [-125.92386, 48.76574], [-125.92252, 48.76556], [-125.92188, 48.76662], [-125.92105, 48.76657], [-125.92072, 48.76652], [-125.91966, 48.76631], [-125.91967, 48.76787], [-125.91785, 48.76751], [-125.91753, 48.76903], [-125.91588, 48.76871], [-125.91403, 48.76829], [-125.91304, 48.76798], [-125.91196, 48.76789], [-125.91429, 48.77224], [-125.91334, 48.77192], [-125.91304, 48.77182], [-125.91217, 48.77172], [-125.9105, 48.7714], [-125.90962, 48.77109], [-125.90926, 48.77098], [-125.90853, 48.77101], [-125.90976, 48.77521], [-125.90915, 48.77531], [-125.90886, 48.77518], [-125.90795, 48.7749], [-125.9062, 48.77451], [-125.90459, 48.77411], [-125.90425, 48.77771], [-125.90355, 48.77768], [-125.90329, 48.77754], [-125.90243, 48.77729], [-125.90192, 48.78019], [-125.90097, 48.77981], [-125.90065, 48.7797], [-125.89992, 48.77967], [-125.89831, 48.77923], [-125.89682, 48.77871], [-125.89579, 48.78259], [-125.8945, 48.7824], [-125.89303, 48.78355], [-125.89225, 48.78336], [-125.89193, 48.78322], [-125.89121, 48.78291], [-125.88974, 48.78241], [-125.88898, 48.78205], [-125.88868, 48.78194], [-125.88788, 48.78172], [-125.88708, 48.78693], [-125.88614, 48.78646], [-125.88582, 48.78635], [-125.88505, 48.78613], [-125.88367, 48.78562], [-125.88294, 48.7852], [-125.88269, 48.78505], [-125.8821, 48.78508], [-125.88074, 48.78469], [-125.88007, 48.78432], [-125.87979, 48.78419], [-125.87988, 48.78544], [-125.88284, 48.79857], [-125.88356, 48.8042], [-125.88462, 48.80924], [-125.88773, 48.81471]]}, "properties": {"deployment": "dfo-marvin1003-20241215", "glider": "marvin1003", "group": "southern_line", "segment": 3, "n_points": 640, "deployment_start": "2024-12-15", "deployment_month": "2024-12", "segment_start": "2025-02-16T08:24", "segment_end": "2025-02-19T10:08", "segment_month": "2025-02", "epoch_days": 295, "segment_epoch_days": 358}}, {"type": "Feature", "geometry": {"type": "LineString", "coordinates": [[-125.26278, 48.85632], [-125.26541, 48.85623], [-125.26553, 48.85511], [-125.26826, 48.85481], [-125.26834, 48.85358], [-125.2684, 48.85242], [-125.26846, 48.85125], [-125.26962, 48.85004], [-125.26967, 48.84881], [-125.2697, 48.84766], [-125.26973, 48.84639], [-125.27073, 48.8454], [-125.2706, 48.84417], [-125.27042, 48.84304], [-125.27024, 48.84182], [-125.27088, 48.84073], [-125.27043, 48.83942], [-125.26997, 48.83812], [-125.26945, 48.83668], [-125.27007, 48.83551], [-125.26918, 48.83424], [-125.26825, 48.83304], [-125.26719, 48.83167], [-125.26657, 48.83107], [-125.26581, 48.8296], [-125.26509, 48.82814], [-125.26426, 48.82645], [-125.26429, 48.82536], [-125.2646, 48.82372], [-125.26491, 48.82218], [-125.26522, 48.8206], [-125.26697, 48.82001], [-125.26703, 48.81872], [-125.26706, 48.8175], [-125.26709, 48.81618], [-125.26919, 48.81604], [-125.26919, 48.81492], [-125.2692, 48.81382], [-125.2692, 48.81274], [-125.27127, 48.81238], [-125.2708, 48.81142], [-125.27031, 48.81048], [-125.26978, 48.80944], [-125.2698, 48.80908], [-125.2691, 48.80821], [-125.26839, 48.80746], [-125.26741, 48.8068], [-125.26712, 48.8073], [-125.2663, 48.80666], [-125.2655, 48.80609], [-125.26462, 48.80547], [-125.26499, 48.80688], [-125.2643, 48.8063], [-125.2636, 48.8057], [-125.26284, 48.80504], [-125.26389, 48.80717], [-125.26371, 48.80663], [-125.26353, 48.80605], [-125.26332, 48.80541], [-125.26425, 48.80664], [-125.264, 48.80596], [-125.26373, 48.80528], [-125.26346, 48.80457], [-125.26442, 48.80602], [-125.26411, 48.8053], [-125.26383, 48.80466], [-125.26345, 48.80395], [-125.26459, 48.80513], [-125.26447, 48.80453], [-125.26433, 48.80394], [-125.26419, 48.80329], [-125.26583, 48.80408], [-125.26705, 48.80332], [-125.26823, 48.80258], [-125.26948, 48.8018], [-125.27258, 48.80301], [-125.27381, 48.80225], [-125.27485, 48.80154], [-125.27588, 48.80086], [-125.27858, 48.8012], [-125.2796, 48.80023], [-125.28044, 48.79931], [-125.28124, 48.79825], [-125.28376, 48.79829], [-125.28423, 48.79734], [-125.28464, 48.79645], [-125.28504, 48.79561], [-125.28694, 48.7956], [-125.28702, 48.79482], [-125.28709, 48.79407], [-125.28723, 48.79322], [-125.28891, 48.79326], [-125.28881, 48.79249], [-125.28869, 48.79174], [-125.28856, 48.79093], [-125.29035, 48.79093], [-125.28993, 48.79019], [-125.28946, 48.78946], [-125.28893, 48.78865], [-125.28998, 48.78884], [-125.28939, 48.78818], [-125.28876, 48.78751], [-125.28812, 48.78681], [-125.28985, 48.78701], [-125.28914, 48.78643], [-125.28838, 48.78587], [-125.28761, 48.78529], [-125.28862, 48.78555], [-125.2879, 48.78493], [-125.28719, 48.7843], [-125.28647, 48.78366], [-125.28769, 48.78363], [-125.28681, 48.78313], [-125.28594, 48.78265], [-125.28502, 48.78214], [-125.28722, 48.78276], [-125.28588, 48.78249], [-125.28467, 48.7821], [-125.28389, 48.78155], [-125.28499, 48.78177], [-125.28402, 48.78165], [-125.28307, 48.7815], [-125.28179, 48.78112], [-125.28323, 48.78158], [-125.28218, 48.78137], [-125.28105, 48.78115], [-125.27987, 48.78091], [-125.2811, 48.78107], [-125.28003, 48.78107], [-125.27891, 48.78109], [-125.27764, 48.78112], [-125.27826, 48.78176], [-125.27857, 48.78148], [-125.27882, 48.78116], [-125.2791, 48.78082], [-125.28481, 48.78274], [-125.28763, 48.78319], [-125.29051, 48.78369], [-125.29326, 48.78421], [-125.29601, 48.78473], [-125.29879, 48.78526], [-125.30156, 48.78579], [-125.30436, 48.78632], [-125.30726, 48.78689], [-125.31024, 48.78745], [-125.31396, 48.78855], [-125.31684, 48.78909], [-125.31962, 48.78951], [-125.32243, 48.78973], [-125.32529, 48.78996], [-125.32806, 48.79017], [-125.33079, 48.79033], [-125.33341, 48.79054], [-125.33605, 48.79076], [-125.33881, 48.79099], [-125.34137, 48.79113], [-125.34425, 48.7913], [-125.34703, 48.79149], [-125.34976, 48.79165], [-125.35249, 48.79181], [-125.3553, 48.79197], [-125.35816, 48.79213], [-125.36095, 48.79229], [-125.36376, 48.79246], [-125.36668, 48.79263], [-125.36985, 48.79234], [-125.37271, 48.79232], [-125.37556, 48.7923], [-125.37844, 48.79228], [-125.38126, 48.79226], [-125.38401, 48.79224], [-125.38681, 48.79214], [-125.3898, 48.79186], [-125.39284, 48.79159], [-125.39603, 48.79129], [-125.39975, 48.79052], [-125.40272, 48.78999], [-125.40566, 48.78947], [-125.40865, 48.78893], [-125.41153, 48.78842], [-125.41436, 48.78791], [-125.41725, 48.78739], [-125.41997, 48.78691], [-125.42271, 48.78642], [-125.42584, 48.78586], [-125.42881, 48.78512], [-125.43172, 48.78432], [-125.4346, 48.78355], [-125.43763, 48.78273], [-125.44062, 48.78192], [-125.44348, 48.78116], [-125.44626, 48.78041], [-125.44903, 48.77966], [-125.45182, 48.77891], [-125.45487, 48.77809], [-125.45814, 48.77725], [-125.461, 48.77639], [-125.46383, 48.77556], [-125.46652, 48.77486], [-125.46918, 48.77417], [-125.47201, 48.77343], [-125.47497, 48.77267], [-125.47797, 48.77188], [-125.48103, 48.77118], [-125.48443, 48.77058], [-125.48784, 48.77004], [-125.49141, 48.76978], [-125.49501, 48.76951], [-125.49872, 48.76913], [-125.50234, 48.76875], [-125.50599, 48.76837], [-125.50971, 48.76798], [-125.51346, 48.76759], [-125.51727, 48.76719], [-125.52133, 48.76677], [-125.52565, 48.76663], [-125.52963, 48.76624], [-125.53354, 48.76586], [-125.53759, 48.76546], [-125.54167, 48.76506], [-125.54592, 48.76464], [-125.55019, 48.7642], [-125.55449, 48.76361], [-125.55886, 48.763], [-125.56342, 48.76237], [-125.56776, 48.7617], [-125.57215, 48.76088], [-125.57651, 48.76008], [-125.58097, 48.75927], [-125.58543, 48.75827], [-125.58971, 48.75703], [-125.59395, 48.75581], [-125.59825, 48.75457], [-125.60251, 48.75334], [-125.60696, 48.75206], [-125.61149, 48.7508], [-125.61543, 48.74926], [-125.61935, 48.74772], [-125.62328, 48.74617], [-125.62728, 48.74461], [-125.63114, 48.74309], [-125.63495, 48.7416], [-125.63893, 48.74004], [-125.64155, 48.73901], [-125.64248, 48.73865], [-125.64472, 48.73772], [-125.64861, 48.73669], [-125.65256, 48.7352], [-125.65632, 48.73399], [-125.66014, 48.73276], [-125.66404, 48.73151], [-125.66797, 48.73024], [-125.67195, 48.72896], [-125.67581, 48.72772], [-125.67972, 48.72646], [-125.68369, 48.72519], [-125.68779, 48.72387], [-125.69204, 48.72166], [-125.69566, 48.72066], [-125.69933, 48.71965], [-125.70296, 48.71865], [-125.70658, 48.71765], [-125.71039, 48.71659], [-125.71413, 48.71556], [-125.71767, 48.7147], [-125.72126, 48.71383], [-125.72494, 48.71293], [-125.7292, 48.71141], [-125.73318, 48.71058], [-125.73695, 48.70979], [-125.74056, 48.70903], [-125.74405, 48.7083], [-125.74753, 48.70758], [-125.751, 48.70685], [-125.7543, 48.70616], [-125.75753, 48.70549], [-125.76082, 48.7048], [-125.76563, 48.70376], [-125.76958, 48.70252], [-125.77318, 48.70139], [-125.77662, 48.7003], [-125.7799, 48.69927], [-125.78271, 48.69839], [-125.78524, 48.69759], [-125.78756, 48.69686], [-125.78977, 48.69616], [-125.79209, 48.69543], [-125.79581, 48.69488], [-125.79795, 48.69442], [-125.80013, 48.69395], [-125.80244, 48.69348], [-125.80475, 48.69301], [-125.80704, 48.69254], [-125.80928, 48.6921], [-125.81141, 48.69162], [-125.8135, 48.69121], [-125.81577, 48.6908], [-125.82032, 48.69093], [-125.82248, 48.69073], [-125.8245, 48.69054], [-125.82648, 48.69035], [-125.82862, 48.6901], [-125.83098, 48.68971], [-125.83325, 48.68933], [-125.83532, 48.68888], [-125.83746, 48.68841], [-125.83965, 48.68793], [-125.84181, 48.68746], [-125.84391, 48.687], [-125.84607, 48.68653], [-125.84833, 48.68604], [-125.85057, 48.68554], [-125.85283, 48.685], [-125.85505, 48.68447], [-125.85725, 48.68394], [-125.85953, 48.68339], [-125.86192, 48.68282], [-125.8649, 48.68268], [-125.86731, 48.68224], [-125.86949, 48.68177], [-125.87161, 48.68118], [-125.87372, 48.68058], [-125.87605, 48.68013], [-125.87837, 48.6797], [-125.88068, 48.67927], [-125.88304, 48.67882], [-125.88542, 48.67838], [-125.88777, 48.67794], [-125.89009, 48.6775], [-125.89241, 48.67707], [-125.89471, 48.67664], [-125.89703, 48.67621], [-125.89935, 48.67578], [-125.90168, 48.67542], [-125.90414, 48.67502], [-125.90662, 48.67464], [-125.9092, 48.67429], [-125.9128, 48.67426], [-125.91535, 48.67399], [-125.91782, 48.67375], [-125.92037, 48.67349], [-125.92301, 48.67326], [-125.92559, 48.67298], [-125.9281, 48.67271], [-125.93058, 48.67244], [-125.93312, 48.67217], [-125.9357, 48.67189], [-125.93831, 48.6716], [-125.94097, 48.67132], [-125.94359, 48.67113], [-125.94639, 48.67089], [-125.94926, 48.67064], [-125.95203, 48.6704], [-125.95485, 48.67015], [-125.95785, 48.66989], [-125.96084, 48.66972], [-125.96391, 48.66956], [-125.96799, 48.67048], [-125.97113, 48.67044], [-125.97425, 48.67039], [-125.97749, 48.67034], [-125.98056, 48.67031], [-125.9837, 48.67014], [-125.98685, 48.66999], [-125.98979, 48.66985], [-125.99261, 48.66971], [-125.99552, 48.66957], [-125.99853, 48.66942], [-126.00139, 48.66928], [-126.00426, 48.66914], [-126.00731, 48.66899], [-126.01034, 48.66888], [-126.0133, 48.66881], [-126.01627, 48.66874], [-126.01934, 48.66866], [-126.02247, 48.66859], [-126.0257, 48.66851], [-126.02943, 48.66935], [-126.03268, 48.66932], [-126.03584, 48.66926], [-126.03896, 48.66921], [-126.04212, 48.66918], [-126.04523, 48.66915], [-126.04832, 48.66911], [-126.05138, 48.66908], [-126.05436, 48.669], [-126.05762, 48.66898], [-126.06087, 48.66901], [-126.0641, 48.66908], [-126.06739, 48.66925], [-126.07056, 48.66935], [-126.07367, 48.66944], [-126.07676, 48.66953], [-126.07998, 48.66963], [-126.08325, 48.66972], [-126.08648, 48.66983], [-126.08977, 48.66983], [-126.09493, 48.67352], [-126.0986, 48.67443], [-126.10191, 48.67524], [-126.10517, 48.67595], [-126.10848, 48.67663], [-126.11184, 48.67726], [-126.11491, 48.67873], [-126.11795, 48.67926], [-126.12106, 48.67978], [-126.1244, 48.68027], [-126.1278, 48.68076], [-126.13129, 48.68125], [-126.13455, 48.68213], [-126.13775, 48.68243], [-126.14089, 48.68264], [-126.14432, 48.68276], [-126.14785, 48.68287], [-126.1513, 48.68299], [-126.15452, 48.68318], [-126.15767, 48.68305], [-126.16092, 48.68291], [-126.16438, 48.6828], [-126.16778, 48.68268], [-126.17123, 48.68258], [-126.17367, 48.68263], [-126.17677, 48.68238], [-126.18, 48.68215], [-126.18315, 48.68201], [-126.1862, 48.68193], [-126.18933, 48.68191], [-126.1915, 48.68207], [-126.19439, 48.68198], [-126.19737, 48.6819], [-126.20071, 48.68187], [-126.20404, 48.68177], [-126.20737, 48.6816], [-126.2111, 48.6818], [-126.21409, 48.68165], [-126.21731, 48.6816], [-126.22088, 48.68156], [-126.2245, 48.68146], [-126.2282, 48.68131], [-126.23335, 48.68185], [-126.23733, 48.68144], [-126.24257, 48.68089], [-126.24884, 48.68024], [-126.2544, 48.67952], [-126.25988, 48.67877], [-126.27006, 48.67832], [-126.28297, 48.67697], [-126.29572, 48.67554], [-126.30857, 48.67401], [-126.31838, 48.67284], [-126.32548, 48.672], [-126.33559, 48.67249], [-126.34469, 48.67151], [-126.35493, 48.67035], [-126.36632, 48.669], [-126.37462, 48.66807], [-126.38034, 48.66752], [-126.38514, 48.66798], [-126.39001, 48.6675], [-126.39618, 48.66688], [-126.40362, 48.66613], [-126.41004, 48.66561], [-126.41627, 48.66526], [-126.42414, 48.6654], [-126.43487, 48.66558], [-126.44617, 48.66578], [-126.45806, 48.66599], [-126.47707, 48.66633], [-126.50295, 48.66678], [-126.52354, 48.66664], [-126.53946, 48.66658], [-126.55494, 48.66631], [-126.57012, 48.66591], [-126.5799, 48.66565], [-126.5849, 48.66551], [-126.59223, 48.66664], [-126.59734, 48.6664], [-126.607, 48.66414], [-126.6206, 48.65996], [-126.63342, 48.65602], [-126.64585, 48.6522], [-126.65897, 48.64888], [-126.68158, 48.64194], [-126.70479, 48.63482], [-126.72855, 48.62753], [-126.75257, 48.62016], [-126.77698, 48.61267]]}, "properties": {"deployment": "dfo-marvin1003-20250311", "glider": "marvin1003", "group": "southern_line", "segment": 0, "n_points": 487, "deployment_start": "2025-03-11", "deployment_month": "2025-03", "segment_start": "2025-03-11T19:15", "segment_end": "2025-03-15T22:59", "segment_month": "2025-03", "epoch_days": 381, "segment_epoch_days": 381}}, {"type": "Feature", "geometry": {"type": "LineString", "coordinates": [[-126.79542, 48.65178], [-126.77333, 48.65631], [-126.75139, 48.66081], [-126.72957, 48.66529], [-126.70973, 48.67061], [-126.68757, 48.67496], [-126.66579, 48.67924], [-126.64423, 48.68347], [-126.62249, 48.68774], [-126.60098, 48.69196], [-126.5805, 48.69758], [-126.55987, 48.70323], [-126.54432, 48.70748], [-126.53374, 48.71037], [-126.5243, 48.71296], [-126.51595, 48.71524], [-126.50859, 48.71855], [-126.50029, 48.72036], [-126.49153, 48.72201], [-126.48253, 48.72342], [-126.46758, 48.72511], [-126.44653, 48.72704], [-126.43068, 48.7291], [-126.41963, 48.72924], [-126.40846, 48.72914], [-126.39741, 48.72888], [-126.38229, 48.72823], [-126.36206, 48.727], [-126.34407, 48.72627], [-126.32873, 48.72479], [-126.31702, 48.72367], [-126.30865, 48.72285], [-126.29975, 48.72197], [-126.29016, 48.72103], [-126.27832, 48.7205], [-126.26763, 48.71993], [-126.25973, 48.71962], [-126.25439, 48.71958], [-126.2496, 48.71957], [-126.24534, 48.71958], [-126.2409, 48.71878], [-126.23793, 48.7187], [-126.23483, 48.71876], [-126.23144, 48.71894], [-126.22803, 48.71913], [-126.22448, 48.71932], [-126.22089, 48.71956], [-126.21724, 48.7199], [-126.2136, 48.72023], [-126.20975, 48.72058], [-126.206, 48.72122], [-126.20257, 48.72148], [-126.19927, 48.72177], [-126.19557, 48.72217], [-126.19193, 48.72255], [-126.18842, 48.72293], [-126.18485, 48.72329], [-126.18114, 48.72363], [-126.1774, 48.72399], [-126.17362, 48.72435], [-126.16971, 48.72577], [-126.16635, 48.7259], [-126.16291, 48.72614], [-126.15904, 48.72636], [-126.15523, 48.72658], [-126.1515, 48.72685], [-126.148, 48.72718], [-126.14429, 48.72759], [-126.14059, 48.72796], [-126.13692, 48.72818], [-126.13324, 48.72843], [-126.12949, 48.72872], [-126.12571, 48.72902], [-126.12203, 48.7293], [-126.11837, 48.72959], [-126.11483, 48.72986], [-126.11133, 48.73013], [-126.10773, 48.73041], [-126.10427, 48.73068], [-126.10078, 48.73095], [-126.09498, 48.73237], [-126.09182, 48.73227], [-126.08872, 48.73222], [-126.0853, 48.73223], [-126.08183, 48.73224], [-126.07833, 48.73226], [-126.07484, 48.73225], [-126.07142, 48.73209], [-126.06796, 48.73187], [-126.06485, 48.73152], [-126.06168, 48.73114], [-126.05859, 48.73073], [-126.05545, 48.73031], [-126.05238, 48.72991], [-126.0495, 48.72952], [-126.04637, 48.72911], [-126.04329, 48.7287], [-126.04012, 48.72828], [-126.037, 48.72787], [-126.03384, 48.72745], [-126.02944, 48.72691], [-126.0262, 48.7262], [-126.02297, 48.72559], [-126.01987, 48.72507], [-126.01677, 48.72453], [-126.01365, 48.72393], [-126.01066, 48.72334], [-126.00761, 48.72275], [-126.00458, 48.72216], [-126.00167, 48.72159], [-125.99873, 48.721], [-125.99592, 48.72043], [-125.99313, 48.71987], [-125.99021, 48.71928], [-125.98729, 48.71868], [-125.98446, 48.71809], [-125.98159, 48.71748], [-125.97886, 48.71691], [-125.97611, 48.71633], [-125.97336, 48.71575], [-125.96917, 48.71429], [-125.96648, 48.71353], [-125.96395, 48.71281], [-125.9614, 48.71208], [-125.9587, 48.71136], [-125.95612, 48.71084], [-125.95367, 48.71035], [-125.95128, 48.70988], [-125.94879, 48.70938], [-125.94617, 48.70886], [-125.94378, 48.70838], [-125.94144, 48.70792], [-125.93908, 48.70744], [-125.93672, 48.70695], [-125.93456, 48.70643], [-125.9324, 48.70587], [-125.93022, 48.70531], [-125.92775, 48.70483], [-125.92551, 48.70441], [-125.92332, 48.70399], [-125.92152, 48.70328], [-125.91807, 48.70248], [-125.91624, 48.70206], [-125.91448, 48.70165], [-125.91263, 48.70122], [-125.91051, 48.70073], [-125.90864, 48.7003], [-125.90686, 48.69989], [-125.90522, 48.69955], [-125.90251, 48.69905], [-125.90103, 48.69877], [-125.89964, 48.69851], [-125.89818, 48.69824], [-125.89541, 48.69772], [-125.89391, 48.69744], [-125.89252, 48.69718], [-125.8911, 48.69691], [-125.88833, 48.69639], [-125.88685, 48.69612], [-125.88542, 48.69585], [-125.88502, 48.69516], [-125.88382, 48.69437], [-125.88294, 48.6941], [-125.88149, 48.69414], [-125.88031, 48.69416], [-125.87852, 48.69431], [-125.8776, 48.69439], [-125.87666, 48.69447], [-125.87577, 48.69458], [-125.87446, 48.69484], [-125.87361, 48.69499], [-125.87261, 48.69508], [-125.87172, 48.69515], [-125.87038, 48.69521], [-125.86956, 48.69527], [-125.86878, 48.69499], [-125.86801, 48.69489], [-125.8667, 48.69523], [-125.866, 48.69541], [-125.8653, 48.69558], [-125.86603, 48.69621], [-125.86476, 48.69649], [-125.86406, 48.69664], [-125.8634, 48.69677], [-125.86277, 48.69691], [-125.86174, 48.69715], [-125.86115, 48.69729], [-125.86062, 48.69741], [-125.86008, 48.69754], [-125.85907, 48.69778], [-125.85854, 48.6979], [-125.85801, 48.69803], [-125.85745, 48.69816], [-125.85639, 48.69841], [-125.85582, 48.69858], [-125.85523, 48.69883], [-125.85471, 48.69911], [-125.85407, 48.69972], [-125.85373, 48.70003], [-125.85341, 48.70034], [-125.8555, 48.70133], [-125.8547, 48.70188], [-125.8542, 48.70219], [-125.85372, 48.70249], [-125.85321, 48.70281], [-125.85231, 48.70337], [-125.85182, 48.70367], [-125.85136, 48.70396], [-125.85087, 48.70427], [-125.84995, 48.70484], [-125.84946, 48.70515], [-125.84898, 48.70545], [-125.8485, 48.70577], [-125.84751, 48.70621], [-125.84705, 48.70652], [-125.84656, 48.70693], [-125.84604, 48.70735], [-125.84506, 48.70814], [-125.84453, 48.70857], [-125.84401, 48.70898], [-125.84454, 48.71148], [-125.84349, 48.71216], [-125.84293, 48.71251], [-125.84239, 48.71286], [-125.84182, 48.71322], [-125.84074, 48.7139], [-125.84016, 48.71428], [-125.8396, 48.71463], [-125.83898, 48.71502], [-125.83822, 48.71552], [-125.8375, 48.71598], [-125.83685, 48.71641], [-125.83624, 48.71675], [-125.83571, 48.71694], [-125.8351, 48.71727], [-125.83433, 48.71787], [-125.83353, 48.71847], [-125.83269, 48.71912], [-125.83186, 48.71976], [-125.83105, 48.72038], [-125.82986, 48.72156], [-125.82902, 48.72215], [-125.82818, 48.72273], [-125.82736, 48.7233], [-125.82654, 48.72387], [-125.82567, 48.72447], [-125.82485, 48.72502], [-125.82415, 48.72552], [-125.82343, 48.72602], [-125.8227, 48.72652], [-125.82198, 48.72711], [-125.82148, 48.7279], [-125.8209, 48.72861], [-125.82019, 48.72913], [-125.81948, 48.72965], [-125.81874, 48.73019], [-125.81796, 48.73076], [-125.8172, 48.73132], [-125.81645, 48.73186], [-125.81566, 48.73244], [-125.81427, 48.73276], [-125.81334, 48.73308], [-125.81242, 48.73339], [-125.81147, 48.73372], [-125.81052, 48.73405], [-125.80956, 48.73438], [-125.80862, 48.7347], [-125.80769, 48.73503], [-125.80659, 48.7353], [-125.80522, 48.73548], [-125.80368, 48.73553], [-125.80179, 48.73537], [-125.79987, 48.73521], [-125.79802, 48.73505], [-125.79614, 48.7349], [-125.79425, 48.73474], [-125.79236, 48.73458], [-125.79043, 48.73442], [-125.78848, 48.73425], [-125.78642, 48.73408], [-125.78461, 48.7331], [-125.78294, 48.73233], [-125.78074, 48.73162], [-125.77771, 48.731], [-125.77468, 48.73038], [-125.77159, 48.72974], [-125.76835, 48.72913], [-125.76476, 48.72862], [-125.76108, 48.7281], [-125.75722, 48.72755], [-125.75332, 48.727], [-125.74945, 48.72645], [-125.74519, 48.72585], [-125.74063, 48.72521], [-125.73583, 48.72453], [-125.73049, 48.72377], [-125.72518, 48.72302], [-125.72001, 48.72229], [-125.71511, 48.7216], [-125.71036, 48.72093], [-125.70612, 48.7202], [-125.70182, 48.71999], [-125.69748, 48.71995], [-125.69297, 48.72017], [-125.68852, 48.72038], [-125.68423, 48.72058], [-125.67994, 48.72078], [-125.67552, 48.72099], [-125.67105, 48.7212], [-125.66666, 48.72141], [-125.66242, 48.72182], [-125.65841, 48.72255], [-125.65434, 48.72329], [-125.65014, 48.72405], [-125.64584, 48.72483], [-125.64129, 48.72566], [-125.63712, 48.72632], [-125.63325, 48.72731], [-125.62952, 48.72828], [-125.62565, 48.72928], [-125.62241, 48.73009], [-125.6186, 48.73115], [-125.61487, 48.73218], [-125.61121, 48.73321], [-125.60771, 48.73424], [-125.6043, 48.73527], [-125.60096, 48.73628], [-125.59769, 48.73727], [-125.59444, 48.73826], [-125.5913, 48.73921], [-125.5883, 48.74011], [-125.58527, 48.741], [-125.58224, 48.74182], [-125.57924, 48.74248], [-125.57639, 48.74311], [-125.57369, 48.7437], [-125.57097, 48.7443], [-125.56821, 48.7449], [-125.56545, 48.7455], [-125.56277, 48.74609], [-125.56252, 48.74778], [-125.56007, 48.74788], [-125.5578, 48.74801], [-125.55525, 48.7481], [-125.55288, 48.74823], [-125.5505, 48.74844], [-125.54812, 48.74866], [-125.54581, 48.74887], [-125.54375, 48.74914], [-125.54172, 48.7494], [-125.53969, 48.74966], [-125.53771, 48.7499], [-125.53576, 48.75015], [-125.53385, 48.75039], [-125.53192, 48.75068], [-125.52984, 48.75102], [-125.52775, 48.75137], [-125.52564, 48.75172], [-125.52358, 48.75207], [-125.52154, 48.75241], [-125.5204, 48.75356], [-125.51827, 48.75377], [-125.51624, 48.75408], [-125.51416, 48.75456], [-125.51211, 48.75507], [-125.51007, 48.75565], [-125.50816, 48.75625], [-125.50607, 48.75686], [-125.50409, 48.75743], [-125.50222, 48.75797], [-125.50033, 48.75851], [-125.49835, 48.75902], [-125.49639, 48.75952], [-125.49444, 48.76003], [-125.4925, 48.76053], [-125.49054, 48.76104], [-125.48849, 48.76151], [-125.48644, 48.76191], [-125.48456, 48.76229], [-125.48248, 48.76266], [-125.48347, 48.76414], [-125.48139, 48.76445], [-125.47938, 48.76475], [-125.47727, 48.76506], [-125.47518, 48.76535], [-125.47297, 48.76567], [-125.47082, 48.76598], [-125.46857, 48.76627], [-125.46629, 48.76657], [-125.46381, 48.76688], [-125.4613, 48.7672], [-125.45887, 48.7675], [-125.45649, 48.76781], [-125.4542, 48.7681], [-125.45187, 48.76837], [-125.44945, 48.76867], [-125.44699, 48.76897], [-125.44458, 48.76927], [-125.44218, 48.76957], [-125.43979, 48.76986], [-125.43789, 48.76928], [-125.43526, 48.76962], [-125.43277, 48.76998], [-125.4301, 48.77048], [-125.42756, 48.77106], [-125.42501, 48.77152], [-125.4226, 48.772], [-125.42012, 48.77244], [-125.41776, 48.77291], [-125.41534, 48.77337], [-125.41289, 48.77383], [-125.41053, 48.77428], [-125.40813, 48.77473], [-125.40567, 48.77519], [-125.40323, 48.77566], [-125.40079, 48.77612], [-125.39841, 48.77654], [-125.39608, 48.77692], [-125.39375, 48.7773], [-125.39137, 48.77768], [-125.38955, 48.77921], [-125.38727, 48.77949], [-125.38512, 48.77973], [-125.38307, 48.77996], [-125.38106, 48.78019], [-125.37912, 48.78041], [-125.3772, 48.78063], [-125.37534, 48.78084], [-125.37339, 48.78106], [-125.37143, 48.78128], [-125.36952, 48.78149], [-125.36761, 48.78171], [-125.36572, 48.78192], [-125.36371, 48.78215], [-125.36177, 48.78234], [-125.35995, 48.78245], [-125.35812, 48.78256], [-125.35629, 48.78267], [-125.35446, 48.78278], [-125.35255, 48.7829], [-125.35217, 48.78406], [-125.35043, 48.78404], [-125.34877, 48.78405], [-125.34705, 48.78403], [-125.34537, 48.78407], [-125.34373, 48.78415], [-125.34217, 48.78424], [-125.34059, 48.78433], [-125.33916, 48.78466], [-125.33785, 48.78547], [-125.33654, 48.78628], [-125.3353, 48.78705], [-125.33408, 48.7878], [-125.3328, 48.7886], [-125.33151, 48.78939], [-125.33022, 48.79019], [-125.32893, 48.79099], [-125.32759, 48.79182], [-125.32631, 48.79262], [-125.32499, 48.79343], [-125.32516, 48.79575], [-125.32417, 48.7971], [-125.32318, 48.79841], [-125.32225, 48.79965], [-125.32144, 48.80087], [-125.32083, 48.80207], [-125.32024, 48.80325], [-125.31968, 48.80437], [-125.31912, 48.80548], [-125.31848, 48.80676], [-125.31831, 48.8071], [-125.3176, 48.80851], [-125.3171, 48.8095], [-125.31622, 48.81127], [-125.31567, 48.81241], [-125.31492, 48.81367], [-125.31409, 48.81505], [-125.31319, 48.81656], [-125.31228, 48.81801], [-125.31095, 48.8193], [-125.31255, 48.82705], [-125.31124, 48.82794], [-125.30986, 48.82886], [-125.30825, 48.82994], [-125.30717, 48.83183], [-125.30571, 48.83261], [-125.30442, 48.83328], [-125.30325, 48.83389], [-125.30364, 48.83564], [-125.3033, 48.83554], [-125.30311, 48.8355], [-125.30282, 48.83553], [-125.3037, 48.83873], [-125.30201, 48.83925], [-125.30043, 48.83979], [-125.29892, 48.8404], [-125.29768, 48.84291], [-125.29598, 48.84333], [-125.29432, 48.84373], [-125.29269, 48.84413], [-125.29133, 48.84504], [-125.29004, 48.84537], [-125.28881, 48.84568], [-125.28748, 48.846], [-125.28627, 48.84719], [-125.28556, 48.84739], [-125.28487, 48.84757], [-125.28415, 48.84828], [-125.28249, 48.84878], [-125.2807, 48.84932], [-125.27884, 48.84989], [-125.2765, 48.85118], [-125.27459, 48.85173], [-125.27276, 48.85235], [-125.27134, 48.853], [-125.26915, 48.85433], [-125.26761, 48.85473], [-125.26616, 48.85509], [-125.2648, 48.85542], [-125.26235, 48.85649], [-125.26104, 48.85707], [-125.25987, 48.85759], [-125.25867, 48.85812], [-125.25535, 48.85916], [-125.25445, 48.86007], [-125.25359, 48.86096], [-125.25269, 48.8619], [-125.2489, 48.86338], [-125.24827, 48.86449], [-125.24768, 48.86557], [-125.24705, 48.86672], [-125.24493, 48.86742], [-125.2447, 48.86746], [-125.2445, 48.86751], [-125.24427, 48.86756], [-125.24204, 48.86738], [-125.24136, 48.86785], [-125.24076, 48.86831], [-125.24012, 48.8688], [-125.23699, 48.86892], [-125.23662, 48.86914], [-125.23628, 48.86936], [-125.23589, 48.86962], [-125.23377, 48.86943], [-125.23329, 48.8698], [-125.23285, 48.87017], [-125.23237, 48.87058], [-125.23074, 48.87071], [-125.23001, 48.87102], [-125.22932, 48.87133], [-125.22857, 48.87168], [-125.22681, 48.87172], [-125.22613, 48.87203], [-125.22546, 48.87234], [-125.22477, 48.87266], [-125.2217, 48.87275], [-125.22082, 48.87305], [-125.21994, 48.87336], [-125.21905, 48.87368], [-125.21595, 48.874], [-125.21561, 48.87458], [-125.21531, 48.87515], [-125.21498, 48.87576], [-125.21262, 48.87626], [-125.21329, 48.87615], [-125.21396, 48.87605], [-125.21473, 48.87593], [-125.21366, 48.87601], [-125.21423, 48.87581], [-125.21481, 48.8756], [-125.21542, 48.87537], [-125.21403, 48.87499], [-125.21463, 48.87494], [-125.21524, 48.87491], [-125.21583, 48.87487], [-125.21467, 48.87413], [-125.21511, 48.87423], [-125.21555, 48.87432], [-125.21602, 48.87443], [-125.21504, 48.87354], [-125.21527, 48.87399], [-125.21551, 48.87444], [-125.21577, 48.87493], [-125.21545, 48.87432], [-125.21582, 48.87434], [-125.21616, 48.87436], [-125.21652, 48.87438], [-125.2163, 48.87311], [-125.21656, 48.87339], [-125.21684, 48.87367], [-125.21714, 48.87396], [-125.21765, 48.87238], [-125.21801, 48.87269], [-125.2183, 48.87302], [-125.21861, 48.87338], [-125.22047, 48.87146], [-125.22054, 48.87142], [-125.22056, 48.87141], [-125.22057, 48.8714], [-125.22149, 48.87169], [-125.2215, 48.87168], [-125.22151, 48.87168], [-125.22151, 48.87167], [-125.22125, 48.87265], [-125.22069, 48.87313], [-125.22011, 48.87359], [-125.21948, 48.87408], [-125.22054, 48.8731], [-125.21988, 48.87344], [-125.21921, 48.87379], [-125.21846, 48.87418], [-125.21984, 48.87342], [-125.21862, 48.87352], [-125.21973, 48.87275], [-125.21855, 48.87408], [-125.21891, 48.87459], [-125.2178, 48.87474], [-125.21877, 48.87461], [-125.21871, 48.87478]]}, "properties": {"deployment": "dfo-marvin1003-20250311", "glider": "marvin1003", "group": "southern_line", "segment": 1, "n_points": 619, "deployment_start": "2025-03-11", "deployment_month": "2025-03", "segment_start": "2025-04-06T11:09", "segment_end": "2025-04-11T17:06", "segment_month": "2025-04", "epoch_days": 381, "segment_epoch_days": 407}}, {"type": "Feature", "geometry": {"type": "LineString", "coordinates": [[-125.2452, 48.84355], [-125.2437, 48.84267], [-125.24503, 48.84252], [-125.24469, 48.84105], [-125.24744, 48.84087], [-125.24962, 48.83977], [-125.25245, 48.83976], [-125.25496, 48.83911], [-125.25802, 48.83952], [-125.25987, 48.83887], [-125.26088, 48.83828], [-125.26174, 48.8366], [-125.26273, 48.83504], [-125.26349, 48.83274], [-125.26394, 48.83122], [-125.26356, 48.82872], [-125.26271, 48.82712], [-125.26206, 48.82476], [-125.26255, 48.82342], [-125.26259, 48.82095], [-125.26287, 48.81967], [-125.26284, 48.81759], [-125.26312, 48.81642], [-125.2628, 48.81436], [-125.26318, 48.81314], [-125.26332, 48.81115], [-125.26339, 48.80996], [-125.26345, 48.80806], [-125.2636, 48.80687], [-125.26318, 48.80485], [-125.26275, 48.80373], [-125.26223, 48.8021], [-125.26222, 48.80141], [-125.26279, 48.80015], [-125.26397, 48.79938], [-125.26563, 48.79628], [-125.26589, 48.7953], [-125.26614, 48.7944], [-125.26638, 48.79349], [-125.26662, 48.7926], [-125.26684, 48.79175], [-125.26707, 48.79091], [-125.26728, 48.79011], [-125.26749, 48.78934], [-125.26771, 48.7885], [-125.26839, 48.78737], [-125.26943, 48.78706], [-125.27041, 48.78681], [-125.27134, 48.78656], [-125.27229, 48.78631], [-125.27324, 48.78607], [-125.27417, 48.78582], [-125.27509, 48.78558], [-125.276, 48.78534], [-125.27703, 48.78507], [-125.27885, 48.78477], [-125.28053, 48.78491], [-125.2821, 48.78505], [-125.28363, 48.78518], [-125.28513, 48.78531], [-125.28667, 48.78544], [-125.28823, 48.78557], [-125.28982, 48.78571], [-125.29141, 48.78585], [-125.29308, 48.78599], [-125.29643, 48.78583], [-125.2983, 48.78579], [-125.30009, 48.78576], [-125.3019, 48.78573], [-125.30371, 48.7857], [-125.30554, 48.78567], [-125.30728, 48.78564], [-125.30898, 48.78561], [-125.31074, 48.78558], [-125.31265, 48.78555], [-125.31556, 48.78536], [-125.31758, 48.78508], [-125.31951, 48.78481], [-125.32159, 48.78451], [-125.32366, 48.78422], [-125.32567, 48.78394], [-125.32771, 48.78365], [-125.32976, 48.78336], [-125.33186, 48.78306], [-125.33403, 48.78275], [-125.33655, 48.78244], [-125.33878, 48.7821], [-125.34088, 48.78177], [-125.34301, 48.78144], [-125.34523, 48.78113], [-125.34752, 48.78088], [-125.34982, 48.78062], [-125.35207, 48.78037], [-125.35437, 48.78009], [-125.35683, 48.77975], [-125.3596, 48.77964], [-125.362, 48.77938], [-125.3643, 48.77912], [-125.3665, 48.77887], [-125.36869, 48.77862], [-125.37085, 48.77838], [-125.37321, 48.77814], [-125.37597, 48.77791], [-125.37874, 48.77768], [-125.38151, 48.77745], [-125.38372, 48.77709], [-125.38633, 48.77672], [-125.38884, 48.77644], [-125.3916, 48.77626], [-125.39438, 48.77608], [-125.3971, 48.77589], [-125.3998, 48.77571], [-125.40241, 48.77554], [-125.40506, 48.77538], [-125.40811, 48.77526], [-125.41138, 48.77552], [-125.4145, 48.77537], [-125.41749, 48.77521], [-125.42022, 48.77507], [-125.423, 48.77493], [-125.42613, 48.77477], [-125.42926, 48.77461], [-125.43225, 48.77445], [-125.43526, 48.77429], [-125.43829, 48.77414], [-125.44327, 48.77461], [-125.44671, 48.77437], [-125.44996, 48.77414], [-125.45328, 48.77391], [-125.45659, 48.77367], [-125.45994, 48.77344], [-125.46503, 48.77365], [-125.4685, 48.77332], [-125.47195, 48.77299], [-125.47547, 48.77265], [-125.4789, 48.77219], [-125.48222, 48.77157], [-125.48618, 48.77104], [-125.48924, 48.77025], [-125.49219, 48.76941], [-125.49499, 48.76838], [-125.49778, 48.76736], [-125.50061, 48.76632], [-125.50388, 48.76592], [-125.50582, 48.76515], [-125.50771, 48.76437], [-125.50957, 48.76361], [-125.51143, 48.76284], [-125.51338, 48.76204], [-125.51637, 48.7629], [-125.51992, 48.76266], [-125.52328, 48.7624], [-125.52656, 48.76215], [-125.52986, 48.76189], [-125.53338, 48.76162], [-125.53635, 48.76207], [-125.53966, 48.7615], [-125.54284, 48.76094], [-125.54595, 48.7604], [-125.54917, 48.75984], [-125.55249, 48.75926], [-125.55251, 48.75984], [-125.5551, 48.75891], [-125.55769, 48.75797], [-125.56034, 48.75701], [-125.56293, 48.75608], [-125.56575, 48.75505], [-125.5648, 48.75414], [-125.56697, 48.75302], [-125.5691, 48.75192], [-125.57132, 48.75078], [-125.57359, 48.74961], [-125.57582, 48.74846], [-125.57428, 48.74651], [-125.57606, 48.74526], [-125.57788, 48.74401], [-125.57973, 48.74274], [-125.58157, 48.74148], [-125.58347, 48.74018], [-125.58212, 48.73752], [-125.58368, 48.73644], [-125.58531, 48.73535], [-125.58705, 48.73419], [-125.58881, 48.73301], [-125.59068, 48.73175], [-125.59088, 48.72819], [-125.59274, 48.72778], [-125.59457, 48.72739], [-125.59644, 48.72699], [-125.59817, 48.72669], [-125.5997, 48.72654], [-125.60189, 48.72251], [-125.60363, 48.72288], [-125.60543, 48.72328], [-125.60743, 48.72373], [-125.60951, 48.7242], [-125.61161, 48.72467], [-125.61393, 48.72519], [-125.6164, 48.72574], [-125.61875, 48.72627], [-125.62122, 48.72682], [-125.62641, 48.7273], [-125.6299, 48.72795], [-125.63327, 48.72858], [-125.63653, 48.72919], [-125.63966, 48.72978], [-125.64281, 48.73037], [-125.64599, 48.73097], [-125.64906, 48.73154], [-125.65209, 48.73211], [-125.65523, 48.7327], [-125.6593, 48.7342], [-125.66161, 48.73291], [-125.66377, 48.73168], [-125.66598, 48.73043], [-125.66877, 48.72964], [-125.67246, 48.72949], [-125.67634, 48.72938], [-125.68044, 48.72934], [-125.68463, 48.72929], [-125.68882, 48.72924], [-125.69512, 48.73122], [-125.70011, 48.73105], [-125.70547, 48.73094], [-125.71151, 48.73084], [-125.7158, 48.73078], [-125.71829, 48.73074], [-125.7207, 48.7307], [-125.72317, 48.73066], [-125.7271, 48.7305], [-125.73279, 48.73015], [-125.73801, 48.73087], [-125.74362, 48.73042], [-125.74902, 48.73], [-125.75417, 48.72958], [-125.75928, 48.72917], [-125.76427, 48.72876], [-125.7691, 48.72837], [-125.77438, 48.72795], [-125.77965, 48.72752], [-125.78493, 48.7271], [-125.78913, 48.72701], [-125.79144, 48.72588], [-125.79379, 48.72473], [-125.79603, 48.72363], [-125.79812, 48.72273], [-125.79992, 48.72201], [-125.80161, 48.72141], [-125.80307, 48.72096], [-125.80446, 48.72053], [-125.80595, 48.72006], [-125.81183, 48.72221], [-125.81745, 48.72335], [-125.82277, 48.72442], [-125.8279, 48.72546], [-125.83298, 48.72648], [-125.83781, 48.72746], [-125.84215, 48.72837], [-125.84664, 48.72956], [-125.85104, 48.73073], [-125.85548, 48.73191], [-125.86072, 48.7339], [-125.86432, 48.73504], [-125.86766, 48.7361], [-125.8708, 48.73709], [-125.87403, 48.73811], [-125.87981, 48.73994], [-125.88288, 48.74091], [-125.88589, 48.74186], [-125.88917, 48.7429], [-125.89267, 48.74401], [-125.89643, 48.74582], [-125.8999, 48.74724], [-125.90308, 48.74854], [-125.90613, 48.74979], [-125.90932, 48.75109], [-125.91255, 48.75242], [-125.91547, 48.75363], [-125.91823, 48.75481], [-125.92111, 48.75602], [-125.92427, 48.75735], [-125.92729, 48.75944], [-125.93014, 48.76076], [-125.93254, 48.76187], [-125.9349, 48.76294], [-125.9373, 48.76402], [-125.93983, 48.76516], [-125.94226, 48.76626], [-125.94462, 48.76732], [-125.94706, 48.76841], [-125.94951, 48.76952], [-125.95144, 48.77144], [-125.95384, 48.77247], [-125.95608, 48.77342], [-125.95801, 48.77424], [-125.96001, 48.77509], [-125.96232, 48.77607], [-125.96448, 48.77698], [-125.96635, 48.77772], [-125.96829, 48.7785], [-125.9703, 48.7793], [-125.97187, 48.78041], [-125.97373, 48.78109], [-125.97544, 48.78171], [-125.97707, 48.78231], [-125.97882, 48.78295], [-125.98067, 48.78363], [-125.98228, 48.78407], [-125.98357, 48.78434], [-125.98493, 48.78462], [-125.98642, 48.78493], [-125.98696, 48.78491], [-125.98829, 48.78513], [-125.98953, 48.78535], [-125.99071, 48.78556], [-125.99194, 48.78577], [-125.99324, 48.786], [-125.99447, 48.78622], [-125.99568, 48.78643], [-125.99694, 48.78665], [-125.9983, 48.78689], [-125.99917, 48.78668], [-126.0002, 48.7866], [-126.00115, 48.78652], [-126.00208, 48.78645], [-126.00303, 48.78638], [-126.00402, 48.78631], [-126.00499, 48.78615], [-126.00585, 48.78588], [-126.00675, 48.78558], [-126.00771, 48.78527], [-126.00854, 48.78463], [-126.00942, 48.78432], [-126.01025, 48.78405], [-126.01108, 48.78377], [-126.01195, 48.78338], [-126.01277, 48.78283], [-126.01361, 48.78228], [-126.01443, 48.78174], [-126.01522, 48.78122], [-126.01611, 48.78063], [-126.0169, 48.77984], [-126.01776, 48.77929], [-126.01855, 48.77878], [-126.01932, 48.77829], [-126.02014, 48.77774], [-126.02102, 48.7771], [-126.02195, 48.77644], [-126.02277, 48.77581], [-126.02356, 48.77521], [-126.02436, 48.7746], [-126.02477, 48.77375], [-126.02562, 48.77314], [-126.02646, 48.77254], [-126.02738, 48.77206], [-126.02832, 48.77151], [-126.02928, 48.77083], [-126.03024, 48.77014], [-126.03126, 48.76941], [-126.03227, 48.76869], [-126.03328, 48.76796], [-126.03406, 48.76738], [-126.03509, 48.7667], [-126.03617, 48.76593], [-126.0375, 48.76502], [-126.03882, 48.76411], [-126.04014, 48.7632], [-126.04147, 48.76229], [-126.04277, 48.76139], [-126.04408, 48.76049], [-126.04546, 48.75954], [-126.04675, 48.75903], [-126.04833, 48.758], [-126.0499, 48.75696], [-126.05169, 48.75567], [-126.0535, 48.75453], [-126.0553, 48.75364], [-126.05713, 48.75276], [-126.05904, 48.75185], [-126.061, 48.75091], [-126.06301, 48.74989], [-126.06418, 48.74924], [-126.06639, 48.74812], [-126.06864, 48.74698], [-126.07084, 48.74586], [-126.07291, 48.74477], [-126.07519, 48.74362], [-126.07765, 48.74249], [-126.08023, 48.74144], [-126.08282, 48.74039], [-126.0856, 48.73926], [-126.08819, 48.73794], [-126.09116, 48.73678], [-126.09409, 48.73563], [-126.09712, 48.73445], [-126.10018, 48.73333], [-126.10322, 48.73231], [-126.10634, 48.73128], [-126.10957, 48.73021], [-126.11277, 48.72914], [-126.11614, 48.72803], [-126.11886, 48.72673], [-126.12254, 48.72572], [-126.12615, 48.72472], [-126.12968, 48.72374], [-126.13335, 48.72275], [-126.13703, 48.72179], [-126.14094, 48.72082], [-126.14515, 48.71981], [-126.14933, 48.71881], [-126.15342, 48.71783], [-126.15831, 48.716], [-126.16244, 48.71516], [-126.16654, 48.71432], [-126.17095, 48.71342], [-126.17535, 48.71252], [-126.17952, 48.71167], [-126.18385, 48.71081], [-126.18826, 48.70997], [-126.19248, 48.70926], [-126.19726, 48.70865], [-126.20234, 48.70749], [-126.20648, 48.70699], [-126.21044, 48.70649], [-126.21451, 48.70597], [-126.21855, 48.7054], [-126.2227, 48.7048], [-126.22571, 48.70343], [-126.22945, 48.70315], [-126.23345, 48.70286], [-126.23765, 48.70255], [-126.24336, 48.70214], [-126.25051, 48.70162], [-126.25575, 48.69999], [-126.25991, 48.69975], [-126.26316, 48.69956], [-126.26585, 48.69941], [-126.2688, 48.69924], [-126.2717, 48.69907], [-126.27854, 48.69739], [-126.29048, 48.6957], [-126.30253, 48.69399], [-126.31548, 48.69215], [-126.33003, 48.69009], [-126.3464, 48.68777], [-126.35817, 48.68041], [-126.37334, 48.67518], [-126.38954, 48.66961], [-126.40685, 48.66366], [-126.41807, 48.6598], [-126.42355, 48.65792], [-126.43072, 48.65248], [-126.438, 48.65021], [-126.44957, 48.64661], [-126.46423, 48.64205], [-126.47198, 48.63964], [-126.47444, 48.63888], [-126.47817, 48.63655], [-126.48058, 48.63598], [-126.48773, 48.63432], [-126.49842, 48.63182], [-126.50707, 48.6298], [-126.51507, 48.62793], [-126.53207, 48.62527], [-126.55563, 48.62471], [-126.57547, 48.62423], [-126.59386, 48.6238], [-126.60397, 48.62356], [-126.6068, 48.62349], [-126.62119, 48.61879], [-126.64311, 48.61104], [-126.6644, 48.60352], [-126.68678, 48.59561], [-126.70932, 48.58764], [-126.73177, 48.57971], [-126.75264, 48.57144], [-126.77325, 48.56289], [-126.79342, 48.55454]]}, "properties": {"deployment": "dfo-marvin1003-20250430", "glider": "marvin1003", "group": "southern_line", "segment": 0, "n_points": 478, "deployment_start": "2025-04-30", "deployment_month": "2025-04", "segment_start": "2025-04-30T23:01", "segment_end": "2025-05-05T15:26", "segment_month": "2025-05", "epoch_days": 431, "segment_epoch_days": 431}}, {"type": "Feature", "geometry": {"type": "LineString", "coordinates": [[-126.79168, 48.60058], [-126.77866, 48.59472], [-126.7656, 48.58884], [-126.76786, 48.5776], [-126.79052, 48.56534]]}, "properties": {"deployment": "dfo-marvin1003-20250430", "glider": "marvin1003", "group": "southern_line", "segment": 1, "n_points": 5, "deployment_start": "2025-04-30", "deployment_month": "2025-04", "segment_start": "2025-06-03T13:26", "segment_end": "2025-06-03T20:37", "segment_month": "2025-06", "epoch_days": 431, "segment_epoch_days": 465}}, {"type": "Feature", "geometry": {"type": "LineString", "coordinates": [[-126.79312, 48.61483], [-126.7738, 48.6255], [-126.75531, 48.63571], [-126.73664, 48.64602], [-126.71827, 48.65005], [-126.70059, 48.64802], [-126.68323, 48.64603], [-126.66611, 48.64407], [-126.64873, 48.64207], [-126.63132, 48.64007], [-126.61553, 48.63818], [-126.59935, 48.63325], [-126.58321, 48.62834], [-126.56718, 48.62345], [-126.55125, 48.6186], [-126.53555, 48.61381], [-126.52167, 48.60915], [-126.50721, 48.60308], [-126.49264, 48.59697], [-126.47802, 48.59084], [-126.46351, 48.58475], [-126.44887, 48.5786], [-126.42958, 48.58162], [-126.40851, 48.59328], [-126.38716, 48.60508], [-126.36594, 48.61681], [-126.34664, 48.62748], [-126.32778, 48.6379], [-126.31212, 48.64474], [-126.3037, 48.64717], [-126.29449, 48.64982], [-126.28479, 48.65262], [-126.27434, 48.65533], [-126.26242, 48.65813], [-126.25275, 48.6597], [-126.24816, 48.66002], [-126.2427, 48.66047], [-126.23633, 48.661], [-126.23014, 48.66142], [-126.22425, 48.66169], [-126.2165, 48.66165], [-126.20964, 48.66213], [-126.2037, 48.66237], [-126.19863, 48.66233], [-126.19369, 48.66229], [-126.18882, 48.66226], [-126.18288, 48.66116], [-126.17832, 48.66098], [-126.17386, 48.66074], [-126.16927, 48.66042], [-126.16487, 48.66009], [-126.16058, 48.65984], [-126.15393, 48.65761], [-126.15002, 48.65726], [-126.14634, 48.65695], [-126.14264, 48.65663], [-126.13895, 48.65628], [-126.13546, 48.65593], [-126.13202, 48.65558], [-126.12868, 48.65528], [-126.12534, 48.65497], [-126.12202, 48.65467], [-126.1187, 48.65248], [-126.11572, 48.65227], [-126.11275, 48.65207], [-126.10968, 48.65186], [-126.1067, 48.65165], [-126.10384, 48.65146], [-126.10105, 48.65128], [-126.09834, 48.65114], [-126.09567, 48.65102], [-126.09293, 48.65092], [-126.09082, 48.64985], [-126.08843, 48.64974], [-126.08606, 48.64966], [-126.0836, 48.64957], [-126.08114, 48.64953], [-126.07863, 48.64953], [-126.07606, 48.64954], [-126.07354, 48.64954], [-126.07113, 48.64954], [-126.06869, 48.64951], [-126.06705, 48.64921], [-126.06477, 48.64953], [-126.06257, 48.64985], [-126.06031, 48.65017], [-126.05806, 48.65049], [-126.05592, 48.6508], [-126.05379, 48.6511], [-126.05166, 48.65141], [-126.04953, 48.65171], [-126.04737, 48.65202], [-126.04497, 48.65255], [-126.04289, 48.65321], [-126.04094, 48.65383], [-126.03893, 48.65448], [-126.03691, 48.65514], [-126.03489, 48.65579], [-126.03276, 48.65643], [-126.03032, 48.65709], [-126.02791, 48.65774], [-126.02548, 48.65837], [-126.01942, 48.65964], [-126.01699, 48.66029], [-126.01474, 48.66092], [-126.01244, 48.66155], [-126.01018, 48.66217], [-126.0079, 48.6628], [-126.00557, 48.66344], [-126.00335, 48.66406], [-126.00115, 48.66466], [-125.99878, 48.66531], [-125.99408, 48.666], [-125.99157, 48.66662], [-125.98913, 48.66721], [-125.98669, 48.6678], [-125.98428, 48.66838], [-125.98192, 48.66896], [-125.97956, 48.66953], [-125.97717, 48.67011], [-125.97476, 48.67069], [-125.9724, 48.67126], [-125.9674, 48.67104], [-125.96507, 48.67166], [-125.96277, 48.67228], [-125.96048, 48.6729], [-125.9581, 48.67352], [-125.95567, 48.67412], [-125.95327, 48.67471], [-125.95097, 48.67528], [-125.94864, 48.67581], [-125.94624, 48.67628], [-125.94397, 48.67672], [-125.94166, 48.67718], [-125.93934, 48.67763], [-125.93705, 48.67808], [-125.93482, 48.67852], [-125.93269, 48.67893], [-125.93052, 48.67936], [-125.92835, 48.67978], [-125.92621, 48.6802], [-125.92397, 48.68064], [-125.9199, 48.68046], [-125.91754, 48.68084], [-125.91538, 48.68118], [-125.91318, 48.68153], [-125.91097, 48.68189], [-125.90874, 48.68225], [-125.90654, 48.6826], [-125.9044, 48.68294], [-125.9023, 48.68328], [-125.90025, 48.68361], [-125.89818, 48.68394], [-125.89613, 48.68427], [-125.89409, 48.6846], [-125.89204, 48.68493], [-125.88999, 48.68526], [-125.88792, 48.68559], [-125.88589, 48.68592], [-125.8839, 48.68624], [-125.88189, 48.68656], [-125.87977, 48.6869], [-125.87575, 48.68689], [-125.87397, 48.68738], [-125.87218, 48.68783], [-125.87023, 48.6883], [-125.86827, 48.68877], [-125.86632, 48.68925], [-125.86443, 48.6897], [-125.86265, 48.69013], [-125.86086, 48.69057], [-125.85908, 48.69099], [-125.85731, 48.69142], [-125.85548, 48.69187], [-125.85369, 48.6923], [-125.85197, 48.69272], [-125.85029, 48.6931], [-125.84858, 48.69346], [-125.84683, 48.69385], [-125.84513, 48.69425], [-125.84346, 48.69464], [-125.84171, 48.69505], [-125.83957, 48.69422], [-125.83815, 48.69461], [-125.83687, 48.69501], [-125.83557, 48.69541], [-125.83417, 48.69578], [-125.83257, 48.69615], [-125.83104, 48.69648], [-125.82953, 48.6968], [-125.828, 48.69714], [-125.82645, 48.69748], [-125.82495, 48.6978], [-125.82355, 48.69823], [-125.82214, 48.69868], [-125.82073, 48.69912], [-125.81937, 48.69958], [-125.81811, 48.7001], [-125.81683, 48.70064], [-125.81556, 48.70118], [-125.81425, 48.70167], [-125.8127, 48.7021], [-125.81206, 48.70172], [-125.81074, 48.70222], [-125.80945, 48.70271], [-125.80815, 48.7032], [-125.80687, 48.70371], [-125.80566, 48.70427], [-125.80445, 48.70482], [-125.80316, 48.70542], [-125.80157, 48.70581], [-125.79955, 48.7059], [-125.79748, 48.70598], [-125.79541, 48.70606], [-125.79342, 48.70603], [-125.79135, 48.70585], [-125.78928, 48.70568], [-125.78722, 48.70551], [-125.78517, 48.70534], [-125.78304, 48.70516], [-125.78084, 48.70498], [-125.7785, 48.70478], [-125.77714, 48.70393], [-125.77445, 48.70396], [-125.77147, 48.70398], [-125.76811, 48.70402], [-125.76568, 48.70404], [-125.76409, 48.70405], [-125.76258, 48.70407], [-125.76119, 48.70408], [-125.75882, 48.7041], [-125.75542, 48.70413], [-125.75189, 48.70417], [-125.74837, 48.7042], [-125.74492, 48.70423], [-125.74154, 48.70426], [-125.73806, 48.7043], [-125.73455, 48.70433], [-125.73106, 48.70436], [-125.72752, 48.7044], [-125.72397, 48.70443], [-125.72044, 48.70446], [-125.71842, 48.70377], [-125.71541, 48.70482], [-125.71259, 48.7058], [-125.7094, 48.70695], [-125.70623, 48.70834], [-125.70329, 48.7099], [-125.70066, 48.71153], [-125.69826, 48.71326], [-125.69588, 48.71497], [-125.69341, 48.71674], [-125.69088, 48.71856], [-125.68844, 48.72031], [-125.68617, 48.72174], [-125.68376, 48.72299], [-125.68132, 48.72426], [-125.67899, 48.72547], [-125.67669, 48.72667], [-125.67441, 48.72786], [-125.67212, 48.72905], [-125.66978, 48.73027], [-125.66912, 48.73174], [-125.66714, 48.73277], [-125.66522, 48.73376], [-125.66338, 48.73471], [-125.66196, 48.73543], [-125.66095, 48.73592], [-125.66018, 48.73629], [-125.65963, 48.73656], [-125.65846, 48.73712], [-125.65661, 48.73801], [-125.65475, 48.73891], [-125.65288, 48.73981], [-125.65098, 48.74072], [-125.64908, 48.74164], [-125.64716, 48.74256], [-125.64527, 48.74347], [-125.64341, 48.74437], [-125.64157, 48.74525], [-125.63969, 48.74616], [-125.6378, 48.74707], [-125.63541, 48.74795], [-125.63206, 48.74816], [-125.62888, 48.74837], [-125.62568, 48.74858], [-125.62246, 48.74878], [-125.61928, 48.74899], [-125.61608, 48.7492], [-125.61295, 48.7494], [-125.60985, 48.7496], [-125.60672, 48.7498], [-125.60362, 48.75], [-125.60045, 48.7502], [-125.59739, 48.7504], [-125.59439, 48.75059], [-125.5914, 48.75079], [-125.58849, 48.75098], [-125.58559, 48.75116], [-125.58263, 48.75135], [-125.57961, 48.75155], [-125.57666, 48.75174], [-125.57075, 48.75076], [-125.56691, 48.75077], [-125.56319, 48.75079], [-125.55942, 48.75081], [-125.55549, 48.75082], [-125.55144, 48.75087], [-125.54724, 48.75085], [-125.5426, 48.75081], [-125.53787, 48.75076], [-125.53337, 48.75072], [-125.52908, 48.75068], [-125.52487, 48.75064], [-125.52075, 48.7506], [-125.51656, 48.75056], [-125.51239, 48.75052], [-125.50843, 48.75049], [-125.50452, 48.75045], [-125.50062, 48.75041], [-125.49672, 48.75037], [-125.49285, 48.75034], [-125.48824, 48.7483], [-125.48457, 48.74837], [-125.48083, 48.7484], [-125.47704, 48.74842], [-125.47334, 48.74845], [-125.46963, 48.74851], [-125.46591, 48.74858], [-125.46226, 48.74865], [-125.45874, 48.74874], [-125.4552, 48.74888], [-125.45177, 48.74901], [-125.44836, 48.74914], [-125.44509, 48.74928], [-125.44192, 48.74949], [-125.43875, 48.74971], [-125.43548, 48.74993], [-125.43221, 48.75016], [-125.42898, 48.75038], [-125.42577, 48.7506], [-125.42253, 48.75082], [-125.4201, 48.74986], [-125.41722, 48.75042], [-125.41445, 48.7509], [-125.41159, 48.75137], [-125.40882, 48.75183], [-125.40601, 48.75232], [-125.40405, 48.75187], [-125.4016, 48.75227], [-125.39927, 48.75265], [-125.39696, 48.75303], [-125.39464, 48.75334], [-125.39208, 48.75369], [-125.3899, 48.75314], [-125.38749, 48.75358], [-125.38517, 48.75401], [-125.38271, 48.75452], [-125.38024, 48.75499], [-125.37758, 48.75548], [-125.37556, 48.7549], [-125.3733, 48.75537], [-125.37112, 48.75582], [-125.36877, 48.75631], [-125.36638, 48.75676], [-125.36397, 48.75717], [-125.36209, 48.75707], [-125.35985, 48.75742], [-125.35779, 48.75775], [-125.3556, 48.7581], [-125.35335, 48.75846], [-125.35092, 48.75884], [-125.34888, 48.75864], [-125.3469, 48.75906], [-125.34496, 48.75945], [-125.34284, 48.75987], [-125.34071, 48.7603], [-125.3386, 48.76071], [-125.33687, 48.76026], [-125.33482, 48.76066], [-125.33285, 48.76106], [-125.33095, 48.76152], [-125.32911, 48.76197], [-125.3271, 48.7624], [-125.32569, 48.76182], [-125.32384, 48.76232], [-125.32202, 48.7628], [-125.32019, 48.7633], [-125.3184, 48.76378], [-125.31658, 48.76428], [-125.31564, 48.76411], [-125.31389, 48.76464], [-125.31216, 48.76517], [-125.31048, 48.76569], [-125.30881, 48.76621], [-125.30707, 48.76676], [-125.30637, 48.76685], [-125.30493, 48.76748], [-125.30344, 48.76813], [-125.30181, 48.76877], [-125.30024, 48.76941], [-125.29854, 48.77014], [-125.29807, 48.77025], [-125.29653, 48.77091], [-125.295, 48.77159], [-125.2935, 48.77229], [-125.292, 48.77299], [-125.29049, 48.7737], [-125.28949, 48.77412], [-125.28806, 48.77487], [-125.28662, 48.77563], [-125.28517, 48.77639], [-125.28373, 48.77715], [-125.28222, 48.77793], [-125.28123, 48.77863], [-125.27968, 48.77935], [-125.27827, 48.78022], [-125.27708, 48.7813], [-125.2759, 48.78238], [-125.27471, 48.78348], [-125.27397, 48.78474], [-125.27311, 48.7863], [-125.27218, 48.78786], [-125.2711, 48.7894], [-125.26999, 48.79097], [-125.26883, 48.79261], [-125.26746, 48.79428], [-125.26595, 48.79589], [-125.26468, 48.79766], [-125.26357, 48.79981], [-125.2626, 48.80168], [-125.26174, 48.80336], [-125.26181, 48.80533], [-125.26211, 48.80761], [-125.26245, 48.8097], [-125.26283, 48.81178], [-125.26321, 48.81385], [-125.2636, 48.81595], [-125.26421, 48.8181], [-125.26437, 48.82017], [-125.2644, 48.82219], [-125.26431, 48.82426], [-125.26421, 48.82595], [-125.2641, 48.82744], [-125.26358, 48.82916], [-125.26304, 48.83135], [-125.26252, 48.83347], [-125.262, 48.83558], [-125.26148, 48.83769], [-125.26095, 48.83985], [-125.25988, 48.84153], [-125.25913, 48.84338], [-125.25845, 48.8451], [-125.25777, 48.84677], [-125.2569, 48.84832], [-125.25569, 48.84979], [-125.25404, 48.85088], [-125.25252, 48.85201], [-125.25107, 48.8531], [-125.2496, 48.8542], [-125.24814, 48.85531], [-125.24664, 48.85643], [-125.24495, 48.85683], [-125.2435, 48.85774], [-125.24212, 48.85864], [-125.24072, 48.85956], [-125.2393, 48.86048], [-125.2379, 48.8614], [-125.23552, 48.86109], [-125.23434, 48.8619], [-125.23321, 48.86268], [-125.23208, 48.86347], [-125.23093, 48.86427], [-125.22975, 48.86508], [-125.22852, 48.86511], [-125.22753, 48.86587], [-125.22657, 48.86663], [-125.22552, 48.86745], [-125.22446, 48.86829], [-125.22341, 48.86911], [-125.22248, 48.86909], [-125.22165, 48.87002], [-125.22085, 48.87093], [-125.22003, 48.87186], [-125.21921, 48.87278], [-125.21831, 48.8738], [-125.21744, 48.87441], [-125.21597, 48.87491], [-125.21464, 48.87536], [-125.21327, 48.87583], [-125.21188, 48.87631], [-125.2104, 48.87681], [-125.20868, 48.87679], [-125.20718, 48.87737], [-125.20578, 48.87793], [-125.20435, 48.87851], [-125.20285, 48.87911], [-125.20137, 48.8797], [-125.19953, 48.87988], [-125.19805, 48.88051], [-125.19661, 48.88113], [-125.19527, 48.8817], [-125.19394, 48.88228], [-125.19239, 48.88295], [-125.19038, 48.88349], [-125.18879, 48.88407], [-125.18732, 48.88461], [-125.18594, 48.88511], [-125.18451, 48.88563], [-125.18292, 48.88621], [-125.18087, 48.88668], [-125.17933, 48.8872], [-125.17791, 48.88767], [-125.17651, 48.88814], [-125.17514, 48.8886], [-125.17367, 48.88909], [-125.17293, 48.88932], [-125.17447, 48.88888], [-125.17593, 48.88846], [-125.17742, 48.88804], [-125.17888, 48.88762], [-125.18043, 48.88718], [-125.18141, 48.8867], [-125.18309, 48.88626], [-125.1846, 48.88587], [-125.18617, 48.88547], [-125.18782, 48.88504], [-125.18947, 48.88461], [-125.19065, 48.88418], [-125.19219, 48.88368], [-125.19369, 48.8832], [-125.19523, 48.88271], [-125.19672, 48.88224], [-125.19834, 48.88172], [-125.19973, 48.88117], [-125.20127, 48.8806], [-125.20271, 48.88007], [-125.20417, 48.87953], [-125.20562, 48.87899], [-125.20716, 48.87842], [-125.20873, 48.87793], [-125.20989, 48.87726], [-125.21097, 48.87663], [-125.21201, 48.87603], [-125.21304, 48.87542], [-125.21426, 48.87471], [-125.21481, 48.87441], [-125.21328, 48.87492], [-125.21186, 48.87539], [-125.21042, 48.87587], [-125.20891, 48.87637], [-125.20739, 48.87687], [-125.2065, 48.8774], [-125.20503, 48.87782], [-125.20361, 48.87822], [-125.20227, 48.8786], [-125.20095, 48.87898], [-125.19952, 48.87938], [-125.19882, 48.8799], [-125.1974, 48.88034], [-125.19607, 48.88075], [-125.19474, 48.88116], [-125.19342, 48.88156], [-125.19201, 48.88199], [-125.19152, 48.88261], [-125.19017, 48.883], [-125.18896, 48.88333], [-125.1877, 48.88368], [-125.18641, 48.88403], [-125.18511, 48.88439], [-125.18445, 48.88522], [-125.18323, 48.88557], [-125.18212, 48.88588], [-125.18093, 48.88622], [-125.1797, 48.88657], [-125.17845, 48.88693], [-125.17832, 48.88741], [-125.1778, 48.88762], [-125.17734, 48.88781], [-125.17686, 48.888], [-125.17637, 48.88819], [-125.17586, 48.88839], [-125.17702, 48.8883], [-125.17858, 48.88782], [-125.17999, 48.88737], [-125.18142, 48.88692], [-125.18285, 48.88647], [-125.18444, 48.88596], [-125.18619, 48.8855], [-125.18776, 48.88503], [-125.18914, 48.88464], [-125.19063, 48.88422], [-125.19218, 48.88378], [-125.19374, 48.88333], [-125.19491, 48.88344], [-125.19633, 48.88296], [-125.19765, 48.88251], [-125.19897, 48.88206], [-125.20028, 48.88161], [-125.2017, 48.88113], [-125.20273, 48.88146], [-125.20409, 48.88087], [-125.20536, 48.88031], [-125.20664, 48.87975], [-125.20799, 48.87916], [-125.20935, 48.87856], [-125.20998, 48.87888], [-125.2105, 48.87836], [-125.21097, 48.87788], [-125.21148, 48.87735], [-125.21201, 48.87681], [-125.21254, 48.87627], [-125.212, 48.87705], [-125.21026, 48.87758], [-125.20876, 48.87804], [-125.2071, 48.87855], [-125.2054, 48.87906], [-125.20373, 48.87957], [-125.20173, 48.88172], [-125.19996, 48.88215], [-125.19842, 48.88253], [-125.1968, 48.88291], [-125.19515, 48.88331], [-125.1935, 48.8837], [-125.19159, 48.88436], [-125.19009, 48.88466], [-125.1887, 48.88495], [-125.18731, 48.88523], [-125.18593, 48.88552], [-125.18445, 48.88582], [-125.18291, 48.88635], [-125.18143, 48.88664], [-125.18007, 48.8869], [-125.17869, 48.88716], [-125.17732, 48.88743], [-125.17584, 48.88771]]}, "properties": {"deployment": "dfo-marvin1003-20250430", "glider": "marvin1003", "group": "southern_line", "segment": 2, "n_points": 636, "deployment_start": "2025-04-30", "deployment_month": "2025-04", "segment_start": "2025-07-02T21:23", "segment_end": "2025-07-08T20:33", "segment_month": "2025-07", "epoch_days": 431, "segment_epoch_days": 494}}, {"type": "Feature", "geometry": {"type": "LineString", "coordinates": [[-125.20578, 48.8646], [-125.20485, 48.86437], [-125.20529, 48.86422], [-125.20524, 48.86348], [-125.20652, 48.86266], [-125.20733, 48.86216], [-125.20899, 48.86193], [-125.21023, 48.86194], [-125.21225, 48.86154], [-125.21349, 48.86152], [-125.21535, 48.86118], [-125.21642, 48.86123], [-125.21829, 48.86097], [-125.21879, 48.86117], [-125.2207, 48.86087], [-125.22096, 48.8609], [-125.22284, 48.86068], [-125.22465, 48.86046], [-125.22655, 48.86023], [-125.22708, 48.86015], [-125.22896, 48.85998], [-125.23082, 48.85981], [-125.23279, 48.85962], [-125.23375, 48.85944], [-125.23566, 48.85947], [-125.23743, 48.85948], [-125.23941, 48.85956], [-125.24048, 48.85945], [-125.2424, 48.85954], [-125.24422, 48.85958], [-125.24621, 48.85962], [-125.24708, 48.85916], [-125.24797, 48.85837], [-125.24879, 48.85764], [-125.24971, 48.85684], [-125.2498, 48.85574], [-125.25056, 48.85485], [-125.25122, 48.85391], [-125.25189, 48.85288], [-125.25205, 48.85166], [-125.25286, 48.85068], [-125.2536, 48.84966], [-125.25424, 48.84851], [-125.25445, 48.84693], [-125.25503, 48.84585], [-125.25561, 48.8448], [-125.2562, 48.84371], [-125.25669, 48.84234], [-125.25719, 48.84126], [-125.25768, 48.8402], [-125.2582, 48.83909], [-125.25859, 48.83774], [-125.25906, 48.83658], [-125.25952, 48.83542], [-125.26, 48.83421], [-125.2605, 48.83276], [-125.26092, 48.83138], [-125.26132, 48.83008], [-125.26172, 48.82877], [-125.26248, 48.8272], [-125.26312, 48.82602], [-125.26358, 48.8248], [-125.2638, 48.8234], [-125.26458, 48.82175], [-125.26532, 48.8207], [-125.26567, 48.81954], [-125.26536, 48.8182], [-125.26536, 48.81656], [-125.26558, 48.81536], [-125.26582, 48.81419], [-125.26608, 48.81294], [-125.26693, 48.81122], [-125.26678, 48.80993], [-125.2666, 48.80865], [-125.2664, 48.80727], [-125.26735, 48.80578], [-125.2678, 48.80428], [-125.26821, 48.8029], [-125.2686, 48.80154], [-125.27031, 48.80016], [-125.27117, 48.79899], [-125.27214, 48.79764], [-125.27327, 48.79606], [-125.27525, 48.79464], [-125.27604, 48.79339], [-125.27667, 48.7922], [-125.27698, 48.79099], [-125.27885, 48.79002], [-125.27888, 48.78892], [-125.27897, 48.78789], [-125.27872, 48.78679], [-125.28059, 48.78613], [-125.27993, 48.78506], [-125.27997, 48.78428], [-125.28095, 48.78382], [-125.28382, 48.78387], [-125.28641, 48.78391], [-125.28884, 48.78396], [-125.29134, 48.784], [-125.29524, 48.7847], [-125.29799, 48.78475], [-125.30048, 48.78477], [-125.30303, 48.7848], [-125.30766, 48.78768], [-125.30771, 48.7891], [-125.30776, 48.79043], [-125.3078, 48.79177], [-125.30785, 48.79311], [-125.30789, 48.79441], [-125.30793, 48.79572], [-125.30798, 48.79702], [-125.30802, 48.79829], [-125.30806, 48.79957], [-125.30811, 48.80085], [-125.30815, 48.80211], [-125.30819, 48.80339], [-125.30823, 48.80466], [-125.30828, 48.80593], [-125.30832, 48.80718], [-125.30836, 48.80845], [-125.3084, 48.80972], [-125.30845, 48.811], [-125.3085, 48.81243], [-125.30915, 48.81462], [-125.30861, 48.81542], [-125.30806, 48.81622], [-125.30743, 48.81709], [-125.30682, 48.81795], [-125.30623, 48.81876], [-125.30566, 48.81953], [-125.30491, 48.82028], [-125.30417, 48.82106], [-125.30347, 48.82184], [-125.30267, 48.82281], [-125.30181, 48.82396], [-125.30103, 48.82497], [-125.30028, 48.8259], [-125.29967, 48.82687], [-125.29937, 48.82792], [-125.29882, 48.82909], [-125.29789, 48.83022], [-125.297, 48.83127], [-125.29599, 48.83238], [-125.29632, 48.83797], [-125.29483, 48.83821], [-125.29334, 48.83847], [-125.29157, 48.83876], [-125.29005, 48.83977], [-125.28853, 48.83996], [-125.28701, 48.84021], [-125.28513, 48.84045], [-125.28294, 48.84149], [-125.28125, 48.84143], [-125.27954, 48.84142], [-125.27757, 48.84146], [-125.27496, 48.84208], [-125.27309, 48.84193], [-125.27122, 48.84178], [-125.26925, 48.84158], [-125.26716, 48.84137], [-125.2673, 48.84023], [-125.26748, 48.83909], [-125.26776, 48.83793], [-125.26719, 48.83709], [-125.26761, 48.83588], [-125.26795, 48.83467], [-125.26829, 48.8333], [-125.2678, 48.83178], [-125.2681, 48.8303], [-125.26841, 48.82883], [-125.26872, 48.82728], [-125.26733, 48.8247], [-125.2671, 48.82299], [-125.26685, 48.82133], [-125.26657, 48.8196], [-125.26568, 48.81709], [-125.26563, 48.81529], [-125.26558, 48.81358], [-125.26553, 48.81172], [-125.26411, 48.80984], [-125.26431, 48.80774], [-125.26453, 48.80572], [-125.26477, 48.80361], [-125.26437, 48.80149], [-125.26483, 48.79928], [-125.26531, 48.79704], [-125.26583, 48.79461], [-125.26494, 48.79238], [-125.26515, 48.79037], [-125.26533, 48.7886], [-125.26552, 48.7869], [-125.26526, 48.78522], [-125.26612, 48.78434], [-125.26693, 48.78356], [-125.26769, 48.78281], [-125.26762, 48.78204], [-125.26898, 48.78178], [-125.27024, 48.78155], [-125.27147, 48.78132], [-125.27156, 48.78083], [-125.27302, 48.78075], [-125.27438, 48.78067], [-125.27573, 48.78059], [-125.2766, 48.7802], [-125.27821, 48.78006], [-125.27971, 48.77994], [-125.28131, 48.77981], [-125.28205, 48.77951], [-125.28396, 48.77955], [-125.28579, 48.7796], [-125.28758, 48.77964], [-125.28855, 48.77951], [-125.29028, 48.77961], [-125.29196, 48.77971], [-125.29375, 48.77981], [-125.29352, 48.77965], [-125.29529, 48.77982], [-125.29705, 48.77998], [-125.29875, 48.78014], [-125.30044, 48.78029], [-125.30218, 48.78045], [-125.30393, 48.78064], [-125.3056, 48.78095], [-125.30722, 48.78119], [-125.30901, 48.78137], [-125.31083, 48.78156], [-125.31266, 48.78175], [-125.31447, 48.78194], [-125.31633, 48.78214], [-125.31808, 48.78231], [-125.31998, 48.7825], [-125.32192, 48.7827], [-125.32384, 48.78289], [-125.32576, 48.78306], [-125.3277, 48.78324], [-125.32923, 48.78323], [-125.33123, 48.78333], [-125.3332, 48.78338], [-125.33518, 48.7834], [-125.3372, 48.78342], [-125.33922, 48.78344], [-125.34114, 48.78346], [-125.34313, 48.78347], [-125.34513, 48.78349], [-125.34709, 48.78351], [-125.34908, 48.78348], [-125.3511, 48.78336], [-125.35314, 48.78324], [-125.35518, 48.78311], [-125.3573, 48.783], [-125.35948, 48.78291], [-125.36166, 48.78279], [-125.36378, 48.78269], [-125.36595, 48.78258], [-125.36829, 48.78247], [-125.37093, 48.782], [-125.37337, 48.78178], [-125.37559, 48.78158], [-125.37769, 48.78139], [-125.37967, 48.78119], [-125.38168, 48.78098], [-125.38368, 48.78077], [-125.38568, 48.78056], [-125.38789, 48.78033], [-125.39043, 48.78005], [-125.39304, 48.77981], [-125.39556, 48.7796], [-125.39806, 48.77938], [-125.40069, 48.77915], [-125.40335, 48.77892], [-125.40597, 48.7787], [-125.40858, 48.77847], [-125.41118, 48.77825], [-125.41382, 48.77802], [-125.41643, 48.77779], [-125.41928, 48.77766], [-125.42214, 48.77752], [-125.42489, 48.77732], [-125.42777, 48.77707], [-125.43054, 48.77683], [-125.43337, 48.77658], [-125.43623, 48.77631], [-125.43916, 48.776], [-125.44205, 48.77566], [-125.44498, 48.7753], [-125.44801, 48.77502], [-125.4511, 48.77488], [-125.45424, 48.77473], [-125.45761, 48.77454], [-125.46098, 48.77435], [-125.46426, 48.77416], [-125.46773, 48.77399], [-125.47129, 48.77383], [-125.47481, 48.77369], [-125.47838, 48.77356], [-125.48321, 48.77286], [-125.48661, 48.77283], [-125.48996, 48.77271], [-125.49354, 48.77251], [-125.49725, 48.7723], [-125.50092, 48.7721], [-125.50463, 48.77189], [-125.50861, 48.77167], [-125.5127, 48.77144], [-125.5167, 48.77121], [-125.52063, 48.77101], [-125.52462, 48.77079], [-125.52873, 48.77053], [-125.53291, 48.77025], [-125.5371, 48.76989], [-125.54137, 48.76947], [-125.54553, 48.76905], [-125.54994, 48.76862], [-125.55448, 48.76817], [-125.55898, 48.76772], [-125.56488, 48.76738], [-125.56953, 48.76684], [-125.57421, 48.76618], [-125.57893, 48.76534], [-125.58363, 48.76447], [-125.58856, 48.76333], [-125.59352, 48.76224], [-125.5983, 48.7611], [-125.6029, 48.75995], [-125.60754, 48.75864], [-125.61204, 48.75748], [-125.61623, 48.75655], [-125.62052, 48.7556], [-125.62471, 48.75468], [-125.62875, 48.75378], [-125.63316, 48.75281], [-125.63772, 48.7518], [-125.64201, 48.75085], [-125.64639, 48.74988], [-125.65094, 48.74887], [-125.65395, 48.74792], [-125.65793, 48.74706], [-125.66163, 48.74626], [-125.6655, 48.74542], [-125.66917, 48.74448], [-125.67265, 48.74335], [-125.67618, 48.74222], [-125.67989, 48.74102], [-125.68371, 48.73979], [-125.68738, 48.73861], [-125.69054, 48.73741], [-125.69331, 48.73626], [-125.69607, 48.73512], [-125.69875, 48.734], [-125.70157, 48.73283], [-125.70459, 48.73158], [-125.70692, 48.73061], [-125.70852, 48.72995], [-125.71011, 48.72929], [-125.71179, 48.72859], [-125.71345, 48.7272], [-125.71663, 48.72586], [-125.71988, 48.7245], [-125.72302, 48.72318], [-125.726, 48.72193], [-125.7292, 48.72058], [-125.73245, 48.71922], [-125.73559, 48.7179], [-125.73858, 48.71665], [-125.7416, 48.71538], [-125.74458, 48.71412], [-125.74728, 48.71299], [-125.74991, 48.71188], [-125.75252, 48.71079], [-125.75506, 48.70972], [-125.75748, 48.70871], [-125.75988, 48.7077], [-125.76221, 48.70672], [-125.76427, 48.70586], [-125.76639, 48.70497], [-125.76866, 48.70407], [-125.77157, 48.70328], [-125.7743, 48.70254], [-125.77691, 48.70184], [-125.77907, 48.70115], [-125.78064, 48.7005], [-125.78216, 48.69986], [-125.78369, 48.69922], [-125.78519, 48.69859], [-125.78662, 48.69799], [-125.78803, 48.6974], [-125.78938, 48.69683], [-125.79072, 48.69626], [-125.7931, 48.69526], [-125.79439, 48.69472], [-125.79554, 48.69424], [-125.79679, 48.69372], [-125.79902, 48.69278], [-125.80033, 48.69224], [-125.80177, 48.6917], [-125.80317, 48.69092], [-125.80577, 48.69045], [-125.8071, 48.69022], [-125.80831, 48.69], [-125.80968, 48.68974], [-125.81186, 48.68906], [-125.81295, 48.68871], [-125.81394, 48.68839], [-125.81509, 48.68803], [-125.81724, 48.68734], [-125.8185, 48.68695], [-125.8199, 48.68652], [-125.82141, 48.68605], [-125.82429, 48.68516], [-125.82579, 48.6847], [-125.82725, 48.68425], [-125.82888, 48.68375], [-125.83198, 48.68279], [-125.83364, 48.68228], [-125.83511, 48.68182], [-125.83658, 48.68106], [-125.83984, 48.68047], [-125.84156, 48.68017], [-125.84308, 48.6799], [-125.84484, 48.67958], [-125.84842, 48.67895], [-125.8503, 48.67862], [-125.85202, 48.67832], [-125.85393, 48.678], [-125.85759, 48.67742], [-125.85954, 48.67711], [-125.86139, 48.67681], [-125.86325, 48.67654], [-125.86624, 48.67638], [-125.86818, 48.67619], [-125.87078, 48.67579], [-125.87331, 48.67547], [-125.87659, 48.67541], [-125.87851, 48.67537], [-125.88176, 48.67531], [-125.88573, 48.67419], [-125.88888, 48.67397], [-125.8918, 48.67377], [-125.89461, 48.67358], [-125.89773, 48.67336], [-125.90095, 48.67314], [-125.90403, 48.67301], [-125.90688, 48.67298], [-125.90982, 48.67295], [-125.91313, 48.67292], [-125.91627, 48.67289], [-125.91928, 48.67286], [-125.9225, 48.67291], [-125.92577, 48.67319], [-125.92886, 48.67347], [-125.9318, 48.67372], [-125.93491, 48.674], [-125.93819, 48.67429], [-125.94159, 48.67459], [-125.94515, 48.6749], [-125.94956, 48.67515], [-125.95312, 48.67577], [-125.95644, 48.67625], [-125.95974, 48.67642], [-125.96306, 48.67658], [-125.96644, 48.67675], [-125.96969, 48.67691], [-125.97309, 48.67708], [-125.9765, 48.67725], [-125.97997, 48.67742], [-125.98358, 48.67764], [-125.98728, 48.67796], [-125.9909, 48.67829], [-125.9943, 48.67862], [-125.99774, 48.67898], [-126.00124, 48.67935], [-126.0046, 48.67969], [-126.0079, 48.67997], [-126.01113, 48.68028], [-126.01442, 48.68065], [-126.01858, 48.68101], [-126.02144, 48.68138], [-126.02425, 48.68175], [-126.02715, 48.68213], [-126.02996, 48.68236], [-126.03279, 48.68234], [-126.03293, 48.68149], [-126.03537, 48.68145], [-126.03783, 48.68141], [-126.04032, 48.68138], [-126.04285, 48.68134], [-126.04555, 48.6813], [-126.04566, 48.67992], [-126.04799, 48.67976], [-126.05018, 48.67944], [-126.05213, 48.6789], [-126.05405, 48.67847], [-126.05602, 48.6782], [-126.05501, 48.67489], [-126.05673, 48.67436], [-126.05839, 48.67376], [-126.06012, 48.67312], [-126.06177, 48.67248], [-126.06329, 48.67189], [-126.06331, 48.66836], [-126.06458, 48.66736], [-126.06584, 48.66639], [-126.06707, 48.66545], [-126.06831, 48.6645], [-126.06961, 48.66351], [-126.06952, 48.65994], [-126.07048, 48.65872], [-126.07147, 48.65752], [-126.07246, 48.6563], [-126.07344, 48.65502], [-126.07441, 48.65371], [-126.0741, 48.6493], [-126.07496, 48.64804], [-126.07587, 48.64663], [-126.07685, 48.64513], [-126.07783, 48.64364], [-126.07888, 48.64205], [-126.07853, 48.63812], [-126.07947, 48.6366], [-126.0804, 48.63509], [-126.08135, 48.63354], [-126.08239, 48.63194], [-126.08333, 48.63039], [-126.08141, 48.62619], [-126.08252, 48.62446], [-126.08366, 48.62277], [-126.08485, 48.621], [-126.08597, 48.61922], [-126.08717, 48.61737], [-126.08532, 48.61255], [-126.08668, 48.6109], [-126.08802, 48.60929], [-126.08934, 48.60771], [-126.09068, 48.60611], [-126.09212, 48.6044], [-126.0886, 48.59721], [-126.09063, 48.59559], [-126.09268, 48.59396], [-126.09484, 48.59225], [-126.09699, 48.59054], [-126.0992, 48.58879], [-126.09907, 48.58353], [-126.10201, 48.58182], [-126.10499, 48.58012], [-126.10813, 48.5784], [-126.11132, 48.57664], [-126.11455, 48.57487], [-126.11561, 48.5698], [-126.11968, 48.56829], [-126.12371, 48.56681], [-126.12774, 48.56534], [-126.13188, 48.56382], [-126.13622, 48.56223], [-126.13894, 48.55779], [-126.14373, 48.55647], [-126.14847, 48.55524], [-126.15343, 48.55403], [-126.15844, 48.55285], [-126.16345, 48.55177], [-126.16925, 48.54833], [-126.1768, 48.54811], [-126.18405, 48.54791], [-126.19121, 48.54771], [-126.20129, 48.54743], [-126.2139, 48.54707], [-126.22698, 48.54529], [-126.24063, 48.5468], [-126.25464, 48.54886], [-126.26885, 48.55156], [-126.28353, 48.55434], [-126.29993, 48.55746], [-126.31237, 48.55916], [-126.32032, 48.56087], [-126.32649, 48.56225], [-126.33073, 48.56328], [-126.33507, 48.56434], [-126.3395, 48.56542], [-126.34884, 48.56772], [-126.36933, 48.57102], [-126.38413, 48.5734], [-126.39303, 48.57484], [-126.40922, 48.57744], [-126.43244, 48.58118], [-126.45284, 48.58611], [-126.4764, 48.59419], [-126.4999, 48.60224], [-126.52322, 48.61023], [-126.54635, 48.61816], [-126.56995, 48.62625], [-126.59115, 48.62907], [-126.61168, 48.62863], [-126.63219, 48.62819], [-126.6523, 48.62776], [-126.67248, 48.62733], [-126.69274, 48.6269], [-126.71298, 48.62523], [-126.73442, 48.62291], [-126.75592, 48.62057], [-126.77792, 48.61818]]}, "properties": {"deployment": "dfo-marvin1003-20250709", "glider": "marvin1003", "group": "southern_line", "segment": 0, "n_points": 599, "deployment_start": "2025-07-09", "deployment_month": "2025-07", "segment_start": "2025-07-09T22:25", "segment_end": "2025-07-15T00:57", "segment_month": "2025-07", "epoch_days": 501, "segment_epoch_days": 501}}, {"type": "Feature", "geometry": {"type": "LineString", "coordinates": [[-126.79189, 48.64313], [-126.76816, 48.65558], [-126.76532, 48.66058], [-126.78825, 48.65811]]}, "properties": {"deployment": "dfo-marvin1003-20250709", "glider": "marvin1003", "group": "southern_line", "segment": 1, "n_points": 4, "deployment_start": "2025-07-09", "deployment_month": "2025-07", "segment_start": "2025-07-16T19:31", "segment_end": "2025-07-17T00:59", "segment_month": "2025-07", "epoch_days": 501, "segment_epoch_days": 508}}, {"type": "Feature", "geometry": {"type": "LineString", "coordinates": [[-126.78545, 48.58838], [-126.76526, 48.59796], [-126.75893, 48.60178], [-126.76976, 48.59976], [-126.78079, 48.59769], [-126.79192, 48.59561]]}, "properties": {"deployment": "dfo-marvin1003-20250709", "glider": "marvin1003", "group": "southern_line", "segment": 2, "n_points": 6, "deployment_start": "2025-07-09", "deployment_month": "2025-07", "segment_start": "2025-08-15T04:10", "segment_end": "2025-08-15T12:13", "segment_month": "2025-08", "epoch_days": 501, "segment_epoch_days": 538}}, {"type": "Feature", "geometry": {"type": "LineString", "coordinates": [[-126.78501, 48.58276], [-126.76508, 48.59363], [-126.74665, 48.60487], [-126.72838, 48.61601], [-126.7103, 48.62703], [-126.6923, 48.63801], [-126.67414, 48.64908], [-126.66216, 48.65468], [-126.65631, 48.65295], [-126.65047, 48.65121], [-126.64468, 48.64949], [-126.63895, 48.64779], [-126.6332, 48.64608]]}, "properties": {"deployment": "dfo-marvin1003-20250709", "glider": "marvin1003", "group": "southern_line", "segment": 3, "n_points": 13, "deployment_start": "2025-07-09", "deployment_month": "2025-07", "segment_start": "2025-09-08T05:30", "segment_end": "2025-09-08T21:29", "segment_month": "2025-09", "epoch_days": 501, "segment_epoch_days": 562}}, {"type": "Feature", "geometry": {"type": "LineString", "coordinates": [[-126.66333, 48.67958], [-126.6647, 48.67861], [-126.6672, 48.67704], [-126.66748, 48.67603], [-126.66884, 48.67438], [-126.66876, 48.67336], [-126.66995, 48.67194], [-126.66948, 48.67112], [-126.67056, 48.6698], [-126.66932, 48.66907], [-126.66944, 48.66792], [-126.66783, 48.66706], [-126.66889, 48.66594], [-126.66879, 48.66478], [-126.67084, 48.66355], [-126.67035, 48.66259], [-126.6703, 48.6618], [-126.66938, 48.66092], [-126.66926, 48.66036], [-126.6675, 48.65985], [-126.66743, 48.66091], [-126.66771, 48.66333], [-126.66818, 48.66521], [-126.66731, 48.66615], [-126.66749, 48.66643], [-126.66746, 48.66533], [-126.66783, 48.66453], [-126.66764, 48.66366]]}, "properties": {"deployment": "dfo-marvin1003-20250709", "glider": "marvin1003", "group": "southern_line", "segment": 4, "n_points": 28, "deployment_start": "2025-07-09", "deployment_month": "2025-07", "segment_start": "2025-09-10T11:02", "segment_end": "2025-09-10T16:49", "segment_month": "2025-09", "epoch_days": 501, "segment_epoch_days": 564}}, {"type": "Feature", "geometry": {"type": "LineString", "coordinates": [[-126.70027, 48.66821], [-126.69926, 48.67057], [-126.69835, 48.67295], [-126.69743, 48.67564], [-126.69652, 48.6783], [-126.69561, 48.68093], [-126.69667, 48.67988], [-126.69613, 48.68274], [-126.69552, 48.68577], [-126.69472, 48.689], [-126.68855, 48.69739], [-126.67659, 48.71098], [-126.66607, 48.72218], [-126.65191, 48.73189], [-126.63801, 48.74141], [-126.62401, 48.75101], [-126.61523, 48.75702], [-126.61169, 48.75944], [-126.60726, 48.76332], [-126.60353, 48.76658], [-126.5995, 48.77009], [-126.59516, 48.77387], [-126.59122, 48.77731], [-126.5877, 48.78038], [-126.58375, 48.78309], [-126.58051, 48.78657], [-126.5766, 48.7908], [-126.57171, 48.79606], [-126.5682, 48.79984], [-126.56609, 48.80212], [-126.56373, 48.80294], [-126.56169, 48.80514], [-126.55985, 48.80712], [-126.55812, 48.809], [-126.55647, 48.81078], [-126.55489, 48.81248], [-126.55397, 48.81306], [-126.55238, 48.81454], [-126.55094, 48.81586], [-126.54957, 48.81713], [-126.54822, 48.81837], [-126.54679, 48.81969], [-126.54492, 48.82174], [-126.53983, 48.82523], [-126.53519, 48.82841], [-126.53083, 48.8314], [-126.52785, 48.83344], [-126.52608, 48.83465], [-126.52407, 48.83603], [-126.52194, 48.83749], [-126.51877, 48.83966], [-126.51444, 48.84262], [-126.51029, 48.84547], [-126.50643, 48.84811], [-126.50263, 48.85072], [-126.4988, 48.85334], [-126.49502, 48.85593], [-126.49129, 48.85848], [-126.48762, 48.861], [-126.48428, 48.86329], [-126.48093, 48.86558], [-126.47739, 48.868], [-126.47375, 48.87143], [-126.46951, 48.87304], [-126.46529, 48.87463], [-126.46115, 48.87619], [-126.45784, 48.87826], [-126.45559, 48.8788], [-126.45329, 48.87958], [-126.45088, 48.88014]]}, "properties": {"deployment": "dfo-marvin1003-20250709", "glider": "marvin1003", "group": "southern_line", "segment": 5, "n_points": 70, "deployment_start": "2025-07-09", "deployment_month": "2025-07", "segment_start": "2025-09-15T00:05", "segment_end": "2025-09-16T00:08", "segment_month": "2025-09", "epoch_days": 501, "segment_epoch_days": 569}}, {"type": "Feature", "geometry": {"type": "LineString", "coordinates": [[-126.18665, 49.01715], [-126.18794, 49.01619], [-126.18845, 49.01573], [-126.18854, 49.0153], [-126.18941, 49.0146], [-126.19067, 49.01392], [-126.19193, 49.01254], [-126.19252, 49.0108], [-126.19378, 49.00941], [-126.19487, 49.00823], [-126.19581, 49.00719], [-126.19681, 49.0061], [-126.19789, 49.00492], [-126.19902, 49.00368], [-126.20015, 49.00242], [-126.20128, 49.00114], [-126.20242, 48.99987], [-126.20349, 48.99866], [-126.20461, 48.99741], [-126.20577, 48.9961], [-126.20694, 48.99479], [-126.20811, 48.99348], [-126.20927, 48.99217], [-126.21046, 48.99084], [-126.21168, 48.98946], [-126.21301, 48.98804], [-126.2145, 48.98653], [-126.21567, 48.98497], [-126.21735, 48.98349], [-126.219, 48.98207], [-126.22073, 48.98056], [-126.22247, 48.97906], [-126.22418, 48.97757], [-126.22596, 48.97605], [-126.22782, 48.97449], [-126.22977, 48.97296], [-126.23172, 48.97148], [-126.23359, 48.97006], [-126.23552, 48.9686], [-126.23745, 48.96713], [-126.23935, 48.96568], [-126.24131, 48.9642], [-126.24326, 48.96272], [-126.24522, 48.96123], [-126.24726, 48.95968], [-126.24934, 48.9581], [-126.25143, 48.95651], [-126.25463, 48.9548], [-126.25695, 48.95336], [-126.25921, 48.95195], [-126.26149, 48.95052], [-126.26368, 48.94914], [-126.26585, 48.94779], [-126.26805, 48.9464], [-126.27032, 48.94498], [-126.27257, 48.94362], [-126.27484, 48.94229], [-126.27714, 48.94096], [-126.27945, 48.9397], [-126.28185, 48.93845], [-126.28435, 48.93724], [-126.2868, 48.93614], [-126.2891, 48.93517], [-126.29143, 48.93418], [-126.29383, 48.93316], [-126.29627, 48.93213], [-126.29872, 48.93109], [-126.30166, 48.93074], [-126.30421, 48.9298], [-126.30666, 48.92889], [-126.30915, 48.92796], [-126.31167, 48.92701], [-126.31425, 48.92605], [-126.31676, 48.92509], [-126.31922, 48.92419], [-126.32172, 48.92327], [-126.32432, 48.92231], [-126.32691, 48.92137], [-126.32942, 48.92044], [-126.33182, 48.9195], [-126.33412, 48.91853], [-126.33649, 48.91753], [-126.33889, 48.91653], [-126.34126, 48.91553], [-126.34362, 48.91454], [-126.34601, 48.91353], [-126.34857, 48.91245], [-126.35146, 48.9113], [-126.35376, 48.91021], [-126.35604, 48.90916], [-126.3585, 48.9081], [-126.3608, 48.90693], [-126.3628, 48.90557], [-126.36483, 48.90415], [-126.36688, 48.90274], [-126.3689, 48.90134], [-126.37088, 48.89997], [-126.37296, 48.89852], [-126.37502, 48.89697], [-126.37692, 48.89529], [-126.37865, 48.89346], [-126.38032, 48.89169], [-126.38207, 48.88984], [-126.38384, 48.88796], [-126.38558, 48.88611], [-126.38736, 48.88422], [-126.38919, 48.88229], [-126.39061, 48.88055], [-126.39207, 48.8785], [-126.39356, 48.87641], [-126.39511, 48.87423], [-126.39671, 48.87205], [-126.39836, 48.8699], [-126.3999, 48.8678], [-126.40132, 48.86578], [-126.40226, 48.86444], [-126.40287, 48.86357], [-126.40119, 48.8627], [-126.40245, 48.8605], [-126.40371, 48.85838], [-126.405, 48.85627], [-126.40632, 48.85411], [-126.40768, 48.85191], [-126.40891, 48.84976], [-126.4101, 48.84766], [-126.41129, 48.84553], [-126.41252, 48.84336], [-126.4084, 48.841], [-126.40902, 48.83887], [-126.40965, 48.83675], [-126.4108, 48.83464], [-126.41189, 48.83259], [-126.41309, 48.83053], [-126.41439, 48.82842], [-126.41579, 48.82629], [-126.41725, 48.82408], [-126.41876, 48.82178], [-126.42016, 48.81863], [-126.42206, 48.81622], [-126.42411, 48.81372], [-126.42643, 48.81093], [-126.4289, 48.80807], [-126.43159, 48.80506], [-126.43443, 48.80191], [-126.4375, 48.79857], [-126.44063, 48.79514], [-126.44371, 48.79179], [-126.44663, 48.78828], [-126.45111, 48.7846], [-126.45588, 48.7807], [-126.46116, 48.77645], [-126.46722, 48.7721], [-126.47388, 48.76781], [-126.48089, 48.76331], [-126.48845, 48.75845], [-126.49657, 48.75323], [-126.50514, 48.74772], [-126.51232, 48.74227], [-126.52078, 48.73681], [-126.53019, 48.73073], [-126.5406, 48.72401], [-126.54892, 48.71863], [-126.55524, 48.71456], [-126.56807, 48.70627], [-126.58695, 48.69408], [-126.60572, 48.68196], [-126.62467, 48.66972], [-126.63712, 48.66195], [-126.64142, 48.66025], [-126.64951, 48.65653], [-126.661, 48.65095], [-126.67666, 48.64335], [-126.69655, 48.63371], [-126.71636, 48.6241], [-126.73562, 48.61476], [-126.7548, 48.60546], [-126.77411, 48.59609], [-126.79238, 48.58412]]}, "properties": {"deployment": "dfo-marvin1003-20250925", "glider": "marvin1003", "group": "southern_line", "segment": 0, "n_points": 178, "deployment_start": "2025-09-25", "deployment_month": "2025-09", "segment_start": "2025-09-25T20:55", "segment_end": "2025-09-27T23:13", "segment_month": "2025-09", "epoch_days": 579, "segment_epoch_days": 579}}, {"type": "Feature", "geometry": {"type": "LineString", "coordinates": [[-126.78792, 48.61611], [-126.75935, 48.61704], [-126.73583, 48.61522], [-126.71257, 48.61341], [-126.68936, 48.61161], [-126.66582, 48.60979], [-126.64217, 48.60795], [-126.62844, 48.59752], [-126.62416, 48.57842], [-126.61988, 48.55936], [-126.61405, 48.52952], [-126.60985, 48.50728], [-126.60566, 48.48509], [-126.60146, 48.46287], [-126.59715, 48.44], [-126.5928, 48.41697], [-126.59391, 48.39427], [-126.59664, 48.37186], [-126.59938, 48.34942], [-126.60213, 48.3269], [-126.60487, 48.30447], [-126.60762, 48.28191]]}, "properties": {"deployment": "dfo-marvin1003-20250925", "glider": "marvin1003", "group": "southern_line", "segment": 1, "n_points": 22, "deployment_start": "2025-09-25", "deployment_month": "2025-09", "segment_start": "2025-11-26T10:52", "segment_end": "2025-11-27T23:51", "segment_month": "2025-11", "epoch_days": 579, "segment_epoch_days": 641}}, {"type": "Feature", "geometry": {"type": "LineString", "coordinates": [[-126.53806, 48.92431], [-126.53946, 48.92263], [-126.53963, 48.92141], [-126.54274, 48.91753], [-126.54372, 48.9134], [-126.54662, 48.90731], [-126.54813, 48.90105], [-126.55273, 48.89244], [-126.55589, 48.8835], [-126.56002, 48.87368], [-126.56507, 48.86284], [-126.56905, 48.8543], [-126.5722, 48.84756], [-126.57439, 48.84313], [-126.57554, 48.84132], [-126.57666, 48.8395], [-126.5777, 48.83766], [-126.58007, 48.83341], [-126.58367, 48.82688], [-126.58713, 48.82014], [-126.58995, 48.81408], [-126.59301, 48.80751], [-126.59616, 48.80075], [-126.59947, 48.79364], [-126.60314, 48.78575], [-126.60768, 48.77609], [-126.61203, 48.76646], [-126.61628, 48.75703], [-126.6209, 48.74677], [-126.62725, 48.73269], [-126.63504, 48.71542], [-126.65085, 48.70208], [-126.67306, 48.69316], [-126.69379, 48.68483], [-126.7138, 48.67679], [-126.73571, 48.66799], [-126.75832, 48.65891], [-126.78231, 48.6486]]}, "properties": {"deployment": "dfo-marvin1003-20260119", "glider": "marvin1003", "group": "southern_line", "segment": 0, "n_points": 38, "deployment_start": "2026-01-19", "deployment_month": "2026-01", "segment_start": "2026-01-19T20:29", "segment_end": "2026-01-20T23:00", "segment_month": "2026-01", "epoch_days": 695, "segment_epoch_days": 695}}, {"type": "Feature", "geometry": {"type": "LineString", "coordinates": [[-126.78742, 48.56784], [-126.76226, 48.56488], [-126.73697, 48.56191], [-126.71139, 48.5589], [-126.68612, 48.55592], [-126.66133, 48.55301], [-126.6362, 48.5512], [-126.60931, 48.54982], [-126.58236, 48.54844], [-126.55564, 48.54707], [-126.52894, 48.5457], [-126.50273, 48.54436], [-126.47793, 48.54094], [-126.4565, 48.5375], [-126.43591, 48.53419], [-126.41649, 48.53107], [-126.40702, 48.52935], [-126.40948, 48.53031], [-126.41033, 48.53049], [-126.41064, 48.53133], [-126.39481, 48.53367], [-126.37281, 48.54111], [-126.35089, 48.54854], [-126.329, 48.55595], [-126.31504, 48.56067], [-126.30872, 48.56281], [-126.30038, 48.56553], [-126.29087, 48.56803], [-126.27481, 48.57266], [-126.25325, 48.57911], [-126.23434, 48.58477], [-126.21721, 48.58989], [-126.20319, 48.59328], [-126.19296, 48.59562], [-126.18204, 48.59831], [-126.17031, 48.6014], [-126.16202, 48.60358], [-126.1569, 48.60493], [-126.15198, 48.60567], [-126.14839, 48.60625], [-126.14482, 48.607], [-126.14115, 48.60804], [-126.13764, 48.60903], [-126.13412, 48.61005], [-126.13088, 48.61094], [-126.12818, 48.61212], [-126.12544, 48.61325], [-126.12261, 48.61433], [-126.11984, 48.61538], [-126.11695, 48.61648], [-126.11436, 48.61793], [-126.11183, 48.61891], [-126.10939, 48.61986], [-126.10689, 48.62083], [-126.10427, 48.62188], [-126.1016, 48.62298], [-126.09883, 48.62459], [-126.0961, 48.62556], [-126.09346, 48.6265], [-126.09083, 48.62744], [-126.08826, 48.62835], [-126.08556, 48.62932], [-126.0823, 48.63111], [-126.07929, 48.63184], [-126.0764, 48.63253], [-126.07359, 48.63321], [-126.0706, 48.63394], [-126.0674, 48.6347], [-126.06431, 48.6355], [-126.06125, 48.63641], [-126.05826, 48.63729], [-126.05526, 48.63818], [-126.05225, 48.63906], [-126.04933, 48.63993], [-126.04635, 48.64078], [-126.04322, 48.64164], [-126.04011, 48.64244], [-126.03703, 48.64314], [-126.03399, 48.64383], [-126.03087, 48.64453], [-126.02774, 48.64524], [-126.02458, 48.64596], [-126.02038, 48.64685], [-126.01732, 48.64724], [-126.01447, 48.64759], [-126.01156, 48.64796], [-126.0085, 48.64834], [-126.00535, 48.64874], [-126.00224, 48.64917], [-125.9992, 48.64963], [-125.99616, 48.65009], [-125.99312, 48.65056], [-125.98998, 48.65096], [-125.98678, 48.65129], [-125.98362, 48.65162], [-125.98042, 48.65195], [-125.97716, 48.65228], [-125.97391, 48.65262], [-125.97079, 48.65294], [-125.96769, 48.65326], [-125.96458, 48.65358], [-125.96138, 48.65391], [-125.95744, 48.65385], [-125.9548, 48.65366], [-125.95221, 48.65366], [-125.94949, 48.654], [-125.94692, 48.65431], [-125.94436, 48.65462], [-125.9418, 48.65494], [-125.9393, 48.65525], [-125.93679, 48.65555], [-125.93418, 48.65587], [-125.9316, 48.6562], [-125.92899, 48.65655], [-125.9265, 48.65697], [-125.92417, 48.65751], [-125.92182, 48.65796], [-125.91946, 48.65823], [-125.9171, 48.6585], [-125.91477, 48.65877], [-125.91251, 48.65903], [-125.91015, 48.65931], [-125.90805, 48.65918], [-125.90532, 48.65962], [-125.9038, 48.65987], [-125.90236, 48.6601], [-125.90085, 48.66035], [-125.89834, 48.66076], [-125.89729, 48.66109], [-125.89612, 48.66138], [-125.89484, 48.66168], [-125.89261, 48.6622], [-125.89137, 48.66249], [-125.89019, 48.66276], [-125.88894, 48.66305], [-125.88675, 48.66357], [-125.8856, 48.66384], [-125.88448, 48.6641], [-125.88322, 48.66439], [-125.88098, 48.66491], [-125.87979, 48.66519], [-125.87856, 48.66548], [-125.87738, 48.66504], [-125.87572, 48.66553], [-125.87483, 48.6658], [-125.87396, 48.66606], [-125.87302, 48.66632], [-125.87136, 48.66678], [-125.87047, 48.66701], [-125.86962, 48.66728], [-125.86867, 48.66757], [-125.86692, 48.66812], [-125.86606, 48.66837], [-125.8652, 48.66862], [-125.86429, 48.66889], [-125.86266, 48.66936], [-125.86178, 48.6696], [-125.86083, 48.66986], [-125.85981, 48.67014], [-125.85805, 48.67061], [-125.85708, 48.67088], [-125.85603, 48.67116], [-125.8559, 48.67057], [-125.85476, 48.6711], [-125.85413, 48.67139], [-125.85339, 48.67171], [-125.8526, 48.67205], [-125.85124, 48.67264], [-125.85055, 48.67293], [-125.84986, 48.67323], [-125.84923, 48.67356], [-125.84815, 48.67423], [-125.8476, 48.67456], [-125.84708, 48.67488], [-125.8465, 48.67523], [-125.84547, 48.67587], [-125.84493, 48.6762], [-125.84438, 48.67653], [-125.84378, 48.6769], [-125.84272, 48.67755], [-125.84219, 48.67788], [-125.84164, 48.67822], [-125.84268, 48.67892], [-125.8417, 48.67946], [-125.84125, 48.67978], [-125.84084, 48.68022], [-125.84042, 48.68067], [-125.83995, 48.68118], [-125.84102, 48.68195], [-125.8408, 48.68275], [-125.84068, 48.68316], [-125.84057, 48.68355], [-125.84045, 48.68397], [-125.84023, 48.68472], [-125.84015, 48.68513], [-125.83998, 48.68552], [-125.83979, 48.68595], [-125.83943, 48.68674], [-125.83933, 48.68718], [-125.8393, 48.68772], [-125.83927, 48.68829], [-125.83921, 48.68933], [-125.83919, 48.68986], [-125.83916, 48.69041], [-125.84061, 48.69163], [-125.84059, 48.69302], [-125.84057, 48.69374], [-125.84055, 48.69443], [-125.84053, 48.69517], [-125.84049, 48.69653], [-125.84047, 48.69723], [-125.84045, 48.69798], [-125.84043, 48.69876], [-125.8404, 48.70015], [-125.84038, 48.70085], [-125.84036, 48.70159], [-125.84034, 48.70237], [-125.8403, 48.7038], [-125.84028, 48.70449], [-125.84026, 48.70521], [-125.84024, 48.70597], [-125.8402, 48.70732], [-125.84019, 48.70806], [-125.84016, 48.70887], [-125.84116, 48.71074], [-125.84037, 48.71207], [-125.83994, 48.71276], [-125.83952, 48.71343], [-125.83908, 48.71412], [-125.83831, 48.71536], [-125.83788, 48.71605], [-125.83745, 48.71673], [-125.83699, 48.71747], [-125.83615, 48.71881], [-125.83567, 48.71958], [-125.83516, 48.72038], [-125.83467, 48.72118], [-125.83419, 48.72194], [-125.83369, 48.72274], [-125.83318, 48.72356], [-125.83264, 48.72442], [-125.8321, 48.72529], [-125.83156, 48.72615], [-125.83099, 48.72706], [-125.83022, 48.72834], [-125.82948, 48.72814], [-125.82878, 48.72792], [-125.82809, 48.72771], [-125.82713, 48.72738], [-125.8257, 48.72684], [-125.82432, 48.72638], [-125.823, 48.72604], [-125.82136, 48.72561], [-125.81924, 48.72503], [-125.81718, 48.72446], [-125.81513, 48.72389], [-125.81304, 48.72332], [-125.81086, 48.72271], [-125.80848, 48.72206], [-125.80582, 48.72132], [-125.8032, 48.7206], [-125.80081, 48.71994], [-125.79842, 48.71928], [-125.79575, 48.71854], [-125.79137, 48.7177], [-125.78717, 48.71766], [-125.78303, 48.71761], [-125.77885, 48.71757], [-125.77443, 48.71752], [-125.76969, 48.71746], [-125.76447, 48.71725], [-125.75849, 48.71681], [-125.75245, 48.71636], [-125.74626, 48.7159], [-125.74003, 48.71543], [-125.7338, 48.71497], [-125.72749, 48.7145], [-125.72122, 48.71404], [-125.71522, 48.71359], [-125.70974, 48.71318], [-125.70445, 48.71279], [-125.69928, 48.71241], [-125.69416, 48.71203], [-125.68874, 48.71162], [-125.68455, 48.71079], [-125.68101, 48.71239], [-125.67736, 48.71405], [-125.67367, 48.71572], [-125.67002, 48.71738], [-125.66612, 48.71915], [-125.66187, 48.72059], [-125.6569, 48.72182], [-125.6518, 48.72307], [-125.64663, 48.72435], [-125.64147, 48.72563], [-125.63634, 48.72689], [-125.63122, 48.72815], [-125.62618, 48.7294], [-125.62112, 48.73065], [-125.61622, 48.73186], [-125.61146, 48.73304], [-125.60657, 48.73424], [-125.60177, 48.73543], [-125.59692, 48.73663], [-125.59375, 48.7382], [-125.59028, 48.73931], [-125.58693, 48.74035], [-125.58363, 48.74139], [-125.58035, 48.74241], [-125.57712, 48.74342], [-125.57392, 48.74442], [-125.57091, 48.74536], [-125.56792, 48.74629], [-125.56485, 48.74725], [-125.56179, 48.74821], [-125.55874, 48.74916], [-125.55569, 48.75011], [-125.55258, 48.75108], [-125.54952, 48.75204], [-125.54648, 48.75299], [-125.54346, 48.75394], [-125.54055, 48.75484], [-125.53767, 48.75574], [-125.53455, 48.75672], [-125.53414, 48.76177], [-125.53861, 48.76052], [-125.54157, 48.75969], [-125.54431, 48.75891], [-125.54721, 48.7581], [-125.55193, 48.75677], [-125.55546, 48.75698], [-125.56087, 48.75567], [-125.56453, 48.75477], [-125.56801, 48.75392], [-125.5716, 48.75304], [-125.57542, 48.75211], [-125.57942, 48.75177], [-125.58314, 48.75055], [-125.5868, 48.74934], [-125.59051, 48.74812], [-125.59426, 48.74688], [-125.59825, 48.74557], [-125.60208, 48.7449], [-125.60425, 48.74347], [-125.60634, 48.74207], [-125.60842, 48.74067], [-125.61054, 48.73924], [-125.61276, 48.73775], [-125.61485, 48.73733], [-125.61528, 48.73653], [-125.61568, 48.73572], [-125.61608, 48.73493], [-125.61646, 48.73415], [-125.61686, 48.73335], [-125.61895, 48.7356], [-125.61798, 48.73478], [-125.61699, 48.73394], [-125.61605, 48.73313], [-125.61512, 48.73233], [-125.61412, 48.73148], [-125.61295, 48.73303], [-125.61159, 48.7322], [-125.61022, 48.73134], [-125.6088, 48.73046], [-125.60735, 48.72956], [-125.60584, 48.72862], [-125.6041, 48.72833], [-125.60331, 48.72808], [-125.60254, 48.72784], [-125.60174, 48.72758], [-125.60095, 48.72733], [-125.60016, 48.72708], [-125.59963, 48.7266], [-125.60007, 48.72655], [-125.60049, 48.72651], [-125.60092, 48.72647], [-125.60192, 48.72647], [-125.60387, 48.72657], [-125.60451, 48.72654], [-125.60218, 48.72686], [-125.59989, 48.72717], [-125.59742, 48.72752], [-125.59489, 48.72787], [-125.59222, 48.72825], [-125.59347, 48.72912], [-125.59357, 48.72939], [-125.59365, 48.72965], [-125.59372, 48.7299], [-125.5938, 48.73016], [-125.59388, 48.73043], [-125.59772, 48.73238], [-125.59827, 48.73237], [-125.59878, 48.73235], [-125.59927, 48.73233], [-125.59978, 48.7323], [-125.60034, 48.73228], [-125.60498, 48.73561], [-125.60546, 48.73482], [-125.60593, 48.73401], [-125.60641, 48.73318], [-125.60691, 48.73233], [-125.60742, 48.73145], [-125.61022, 48.73399], [-125.61096, 48.73308], [-125.61169, 48.73217], [-125.61239, 48.73129], [-125.6131, 48.73041], [-125.61386, 48.72945], [-125.61707, 48.73135], [-125.6167, 48.73111], [-125.61629, 48.73085], [-125.61585, 48.73058], [-125.61542, 48.73031], [-125.61496, 48.73003], [-125.619, 48.73257], [-125.61947, 48.73212], [-125.61993, 48.73166], [-125.62041, 48.73119], [-125.62089, 48.73072], [-125.62137, 48.73025], [-125.6275, 48.73509], [-125.62689, 48.73476], [-125.62624, 48.73442], [-125.62557, 48.73406], [-125.62491, 48.73371], [-125.62424, 48.73335], [-125.62597, 48.73741], [-125.62568, 48.73717], [-125.6254, 48.73694], [-125.62512, 48.73671], [-125.62483, 48.73648], [-125.62454, 48.73624], [-125.62385, 48.73896], [-125.6239, 48.73849], [-125.62396, 48.73805], [-125.62403, 48.73764], [-125.62382, 48.73734], [-125.62327, 48.73716], [-125.6187, 48.73909], [-125.61882, 48.73771], [-125.61895, 48.7364], [-125.61909, 48.73513], [-125.61922, 48.73387], [-125.61934, 48.73263], [-125.61496, 48.73196], [-125.61776, 48.73016], [-125.61914, 48.72896], [-125.6186, 48.7286], [-125.61803, 48.72822], [-125.61745, 48.72783], [-125.61446, 48.72681], [-125.61466, 48.72622], [-125.61485, 48.72564], [-125.61504, 48.72509], [-125.61523, 48.7245], [-125.61544, 48.72388], [-125.61312, 48.72193], [-125.61057, 48.7219], [-125.60787, 48.72189], [-125.60504, 48.72188], [-125.60245, 48.72186], [-125.60009, 48.72185], [-125.59844, 48.72002], [-125.5989, 48.72031], [-125.59919, 48.7205], [-125.59946, 48.72069], [-125.59976, 48.72089], [-125.60018, 48.72118], [-125.60059, 48.72015], [-125.60126, 48.72041], [-125.60175, 48.72061], [-125.60237, 48.72087], [-125.60279, 48.72105], [-125.6032, 48.72122], [-125.6043, 48.72056], [-125.60484, 48.72137], [-125.60519, 48.72191], [-125.60555, 48.72246], [-125.60595, 48.72308], [-125.60638, 48.72374], [-125.60762, 48.72492], [-125.60568, 48.72586], [-125.60379, 48.72677], [-125.60188, 48.72769], [-125.59996, 48.72861], [-125.59805, 48.72953], [-125.59878, 48.73107], [-125.59984, 48.73096], [-125.60093, 48.73085], [-125.60203, 48.73075], [-125.60312, 48.73064], [-125.60423, 48.73053], [-125.6061, 48.73217], [-125.60761, 48.73192], [-125.60909, 48.73167], [-125.61059, 48.73141], [-125.61211, 48.73115], [-125.61368, 48.73088], [-125.61584, 48.73196], [-125.61605, 48.73171], [-125.61623, 48.73147], [-125.61642, 48.73122], [-125.61662, 48.73097], [-125.61681, 48.73071], [-125.61656, 48.73205], [-125.61638, 48.73174], [-125.61619, 48.73142], [-125.616, 48.73108], [-125.61581, 48.73074], [-125.61562, 48.73041], [-125.61613, 48.73031], [-125.61668, 48.73031], [-125.61725, 48.73031], [-125.61781, 48.73031], [-125.61836, 48.7303], [-125.61893, 48.7303], [-125.62055, 48.7299], [-125.62085, 48.7296], [-125.62113, 48.72931], [-125.62142, 48.729], [-125.6217, 48.72871], [-125.62199, 48.72841], [-125.62425, 48.72791], [-125.62447, 48.72797], [-125.62468, 48.72802], [-125.62489, 48.72808], [-125.6251, 48.72814], [-125.62531, 48.7282], [-125.62787, 48.72818], [-125.62641, 48.72845], [-125.62495, 48.72871], [-125.62344, 48.72899], [-125.62196, 48.72926], [-125.62042, 48.72954], [-125.62141, 48.73145], [-125.61735, 48.73189], [-125.61325, 48.73232], [-125.60916, 48.73275], [-125.60507, 48.73318], [-125.60092, 48.73362], [-125.59684, 48.73405], [-125.59293, 48.73446], [-125.5891, 48.73487], [-125.58521, 48.73528], [-125.58135, 48.73568], [-125.57752, 48.73609], [-125.5737, 48.73649], [-125.56998, 48.73688], [-125.56627, 48.73727], [-125.56259, 48.73766], [-125.5589, 48.73805], [-125.5552, 48.73844], [-125.55156, 48.73883], [-125.54783, 48.73922], [-125.54366, 48.73934], [-125.53989, 48.73979], [-125.5362, 48.74023], [-125.53268, 48.74065], [-125.52926, 48.74106], [-125.52554, 48.74151], [-125.52199, 48.74193], [-125.51702, 48.74253], [-125.51366, 48.74293], [-125.51056, 48.74331], [-125.5074, 48.74368], [-125.50275, 48.74424], [-125.49969, 48.74461], [-125.49674, 48.74496], [-125.49367, 48.74533], [-125.48901, 48.74589], [-125.48585, 48.74627], [-125.48127, 48.74682], [-125.47816, 48.74719], [-125.47351, 48.74775], [-125.47189, 48.74703], [-125.47189, 48.74704], [-125.47188, 48.74705], [-125.47188, 48.74707], [-125.47188, 48.74708], [-125.47187, 48.7471], [-125.47187, 48.74711], [-125.47186, 48.74713], [-125.47186, 48.74714], [-125.47186, 48.74715], [-125.47185, 48.74716], [-125.47185, 48.74718], [-125.47185, 48.74719], [-125.47184, 48.74721], [-125.47184, 48.74722], [-125.47184, 48.74724], [-125.47183, 48.74725], [-125.47183, 48.74727], [-125.47183, 48.74728], [-125.47182, 48.7473], [-125.46658, 48.74822], [-125.46121, 48.74916], [-125.4579, 48.74973], [-125.4529, 48.75061], [-125.44968, 48.75117], [-125.44468, 48.75204], [-125.44136, 48.75262], [-125.43642, 48.75348], [-125.43318, 48.75404], [-125.42814, 48.75492], [-125.42496, 48.75547], [-125.4202, 48.7563], [-125.41703, 48.75685], [-125.41223, 48.75769], [-125.40897, 48.75826], [-125.40392, 48.75914], [-125.40071, 48.7597], [-125.39575, 48.76056], [-125.39259, 48.76111], [-125.38722, 48.76205], [-125.38389, 48.76302], [-125.38251, 48.76346], [-125.38161, 48.76375], [-125.38026, 48.76418], [-125.3794, 48.76446], [-125.37803, 48.7649], [-125.37719, 48.76517], [-125.37588, 48.76558], [-125.37508, 48.76584], [-125.37379, 48.76625], [-125.37295, 48.76652], [-125.37166, 48.76693], [-125.37088, 48.76718], [-125.36957, 48.7676], [-125.36871, 48.76788], [-125.36739, 48.7683], [-125.36657, 48.76856], [-125.36524, 48.76899], [-125.36442, 48.76925], [-125.36295, 48.76972], [-125.36131, 48.7711], [-125.36034, 48.77168], [-125.35951, 48.77219], [-125.35866, 48.77272], [-125.35781, 48.77325], [-125.35694, 48.77379], [-125.35609, 48.77432], [-125.35529, 48.77482], [-125.35449, 48.77532], [-125.35365, 48.77584], [-125.35282, 48.77636], [-125.35202, 48.77686], [-125.35121, 48.77736], [-125.3504, 48.77786], [-125.34959, 48.77836], [-125.34877, 48.77887], [-125.34794, 48.77939], [-125.34715, 48.77989], [-125.34635, 48.78038], [-125.34541, 48.78097], [-125.34454, 48.78118], [-125.34292, 48.78142], [-125.34139, 48.78166], [-125.33995, 48.78188], [-125.33849, 48.78211], [-125.33694, 48.78235], [-125.33542, 48.78259], [-125.3339, 48.78282], [-125.33239, 48.78306], [-125.33081, 48.78331], [-125.32925, 48.78355], [-125.32773, 48.78378], [-125.32619, 48.78402], [-125.3247, 48.78426], [-125.32323, 48.78448], [-125.32172, 48.78472], [-125.32022, 48.78495], [-125.31869, 48.78519], [-125.31717, 48.78543], [-125.31547, 48.78569], [-125.31368, 48.78561], [-125.31141, 48.78543], [-125.30922, 48.78528], [-125.30705, 48.78512], [-125.3049, 48.78497], [-125.30273, 48.78481], [-125.30055, 48.78466], [-125.29837, 48.7845], [-125.29623, 48.78435], [-125.29413, 48.7842], [-125.29199, 48.78404], [-125.28985, 48.78389], [-125.28773, 48.78374], [-125.28564, 48.78359], [-125.28351, 48.78344], [-125.28141, 48.78329], [-125.27927, 48.78314], [-125.2771, 48.78298], [-125.27492, 48.78282], [-125.27252, 48.78265], [-125.27086, 48.78258], [-125.26949, 48.78331], [-125.26815, 48.78404], [-125.26669, 48.78482], [-125.26549, 48.7855], [-125.26405, 48.78605], [-125.26284, 48.78649], [-125.26148, 48.787], [-125.26079, 48.78729], [-125.25981, 48.78768], [-125.2589, 48.78805], [-125.25881, 48.788], [-125.25803, 48.78836], [-125.25726, 48.78872], [-125.25745, 48.78867], [-125.25701, 48.78896], [-125.25635, 48.78938], [-125.25694, 48.78929], [-125.25659, 48.7896], [-125.25598, 48.79009], [-125.25613, 48.78988], [-125.25605, 48.79025], [-125.25605, 48.79086], [-125.25692, 48.79062], [-125.25677, 48.79099], [-125.25654, 48.79157], [-125.25798, 48.79127], [-125.25769, 48.79196], [-125.25887, 48.792], [-125.2586, 48.79249], [-125.25818, 48.79319], [-125.25938, 48.79322], [-125.25882, 48.79383], [-125.25848, 48.79417], [-125.25788, 48.79475], [-125.25946, 48.79491], [-125.25813, 48.79544], [-125.25948, 48.7953], [-125.25951, 48.79531], [-125.25952, 48.79531], [-125.25952, 48.79531], [-125.25952, 48.79531], [-125.25952, 48.79531], [-125.25952, 48.79531], [-125.25952, 48.79531], [-125.25952, 48.79531], [-125.25952, 48.79531], [-125.25952, 48.79531], [-125.25952, 48.79531], [-125.25952, 48.79531], [-125.25952, 48.79531], [-125.25952, 48.79531], [-125.25952, 48.79531], [-125.25952, 48.79531], [-125.25952, 48.79531], [-125.25952, 48.79531], [-125.25952, 48.79531], [-125.25952, 48.79531], [-125.25952, 48.79531], [-125.25952, 48.79531], [-125.25952, 48.79531], [-125.25952, 48.79531], [-125.25952, 48.79531], [-125.25952, 48.79531], [-125.25952, 48.79531], [-125.25952, 48.79531], [-125.25952, 48.79531], [-125.25952, 48.79531], [-125.25952, 48.79531], [-125.25952, 48.79531], [-125.25952, 48.79531], [-125.25952, 48.79531], [-125.25952, 48.79531], [-125.25952, 48.79531], [-125.25952, 48.79531], [-125.25952, 48.79531], [-125.25952, 48.79531], [-125.25952, 48.79531], [-125.25952, 48.79531], [-125.25952, 48.79531], [-125.25952, 48.79531], [-125.25952, 48.79531], [-125.25952, 48.79531]]}, "properties": {"deployment": "dfo-marvin1003-20260119", "glider": "marvin1003", "group": "southern_line", "segment": 1, "n_points": 777, "deployment_start": "2026-01-19", "deployment_month": "2026-01", "segment_start": "2026-03-19T20:55", "segment_end": "2026-03-27T23:59", "segment_month": "2026-03", "epoch_days": 695, "segment_epoch_days": 754}}, {"type": "Feature", "geometry": {"type": "LineString", "coordinates": [[-125.22425, 48.875], [-125.22378, 48.87567], [-125.22278, 48.87577], [-125.22126, 48.87634], [-125.21928, 48.8766], [-125.21826, 48.87696], [-125.21972, 48.87644], [-125.22036, 48.87627], [-125.22201, 48.87567], [-125.22296, 48.8753], [-125.22487, 48.87454], [-125.22579, 48.87385], [-125.22769, 48.87302], [-125.22804, 48.87216], [-125.22991, 48.87132], [-125.23104, 48.87037], [-125.2329, 48.86955], [-125.23417, 48.86838], [-125.23607, 48.86745], [-125.23728, 48.86561], [-125.23921, 48.86466], [-125.24073, 48.8632], [-125.24266, 48.86224], [-125.24404, 48.86071], [-125.24592, 48.85976], [-125.24736, 48.85789], [-125.2492, 48.85687], [-125.24844, 48.85509], [-125.24895, 48.85387], [-125.24957, 48.85244], [-125.2505, 48.85102], [-125.253, 48.84843], [-125.25342, 48.84711], [-125.25404, 48.84563], [-125.25492, 48.84416], [-125.25636, 48.842], [-125.25729, 48.84061], [-125.25765, 48.83903], [-125.25845, 48.83736], [-125.25921, 48.83499], [-125.26046, 48.83331], [-125.26115, 48.83138], [-125.26208, 48.82941], [-125.26078, 48.82637], [-125.25996, 48.82836], [-125.25936, 48.83033], [-125.2585, 48.83232], [-125.25688, 48.83306], [-125.25639, 48.83503], [-125.25601, 48.8369], [-125.25551, 48.83869], [-125.2533, 48.84065], [-125.25301, 48.84243], [-125.25284, 48.84412], [-125.25258, 48.84588], [-125.25128, 48.84727], [-125.25261, 48.84602], [-125.2539, 48.84518], [-125.25517, 48.84374], [-125.25373, 48.84327], [-125.25451, 48.84172], [-125.25547, 48.84008], [-125.25654, 48.83839], [-125.25597, 48.8388], [-125.25781, 48.83753], [-125.2598, 48.83598], [-125.2615, 48.83443], [-125.26096, 48.83494], [-125.26265, 48.83361], [-125.26436, 48.83184], [-125.26593, 48.83019], [-125.26449, 48.83093], [-125.26344, 48.83279], [-125.26227, 48.83473], [-125.26127, 48.83657], [-125.25897, 48.83914], [-125.25815, 48.84094], [-125.25713, 48.84278], [-125.25631, 48.84448], [-125.25578, 48.84557], [-125.25703, 48.84436], [-125.25823, 48.84262], [-125.25911, 48.84091], [-125.2596, 48.83923], [-125.26091, 48.83785], [-125.26228, 48.83598], [-125.26333, 48.83417], [-125.26398, 48.83226], [-125.26537, 48.83093], [-125.26704, 48.82941], [-125.26829, 48.82786], [-125.26842, 48.82583], [-125.26757, 48.82757], [-125.26635, 48.82926], [-125.26546, 48.83101], [-125.26516, 48.83073], [-125.26438, 48.8326], [-125.26333, 48.8345], [-125.26228, 48.83628], [-125.26288, 48.83578], [-125.26182, 48.8376], [-125.26056, 48.83942], [-125.25934, 48.84106], [-125.25983, 48.84104], [-125.25875, 48.8427], [-125.25756, 48.84441], [-125.25651, 48.84597], [-125.25696, 48.84549], [-125.25719, 48.844], [-125.25803, 48.84225], [-125.2586, 48.84049], [-125.26004, 48.83715], [-125.26156, 48.83447], [-125.26261, 48.83268], [-125.26368, 48.83105], [-125.26319, 48.82936], [-125.26313, 48.82732], [-125.26282, 48.82547], [-125.26299, 48.82418], [-125.26231, 48.8225], [-125.26214, 48.82058], [-125.26192, 48.81882], [-125.26109, 48.81842], [-125.26066, 48.81683], [-125.26053, 48.81506], [-125.26031, 48.81332], [-125.25915, 48.81396], [-125.25917, 48.81246], [-125.25998, 48.81089], [-125.26061, 48.80925], [-125.26027, 48.81071], [-125.26107, 48.80938], [-125.26171, 48.80756], [-125.26214, 48.80585], [-125.26193, 48.80728], [-125.26248, 48.8058], [-125.26272, 48.80392], [-125.26274, 48.80217], [-125.26266, 48.80402], [-125.26377, 48.80257], [-125.2648, 48.80075], [-125.26565, 48.79897], [-125.26603, 48.80048], [-125.26684, 48.79937], [-125.26779, 48.79761], [-125.26861, 48.79546], [-125.26984, 48.79343], [-125.27048, 48.79168], [-125.26982, 48.79227], [-125.27037, 48.79069], [-125.27113, 48.78906], [-125.2714, 48.78745], [-125.27209, 48.78584], [-125.27239, 48.78429], [-125.27185, 48.78463], [-125.27421, 48.78424], [-125.27656, 48.78409], [-125.27878, 48.78374], [-125.28106, 48.78356], [-125.28324, 48.78322], [-125.28552, 48.78302], [-125.28768, 48.78272], [-125.28993, 48.78253], [-125.29211, 48.78224], [-125.29436, 48.78209], [-125.29653, 48.7818], [-125.29875, 48.7816], [-125.30091, 48.78135], [-125.30305, 48.7812], [-125.30515, 48.78101], [-125.30732, 48.78093], [-125.30947, 48.7807], [-125.31167, 48.78057], [-125.31381, 48.78028], [-125.31208, 48.77713], [-125.31435, 48.77696], [-125.3165, 48.77688], [-125.31842, 48.77662], [-125.32044, 48.77656], [-125.32264, 48.77635], [-125.32486, 48.77632], [-125.32705, 48.77609], [-125.32931, 48.77602], [-125.33151, 48.77576], [-125.33371, 48.77575], [-125.33591, 48.77553], [-125.33819, 48.77542], [-125.34045, 48.77523], [-125.3428, 48.77518], [-125.34508, 48.77502], [-125.34749, 48.77493], [-125.34983, 48.77479], [-125.35219, 48.77469], [-125.35448, 48.77459], [-125.34993, 48.76913], [-125.35233, 48.76917], [-125.35474, 48.76905], [-125.35707, 48.76895], [-125.35944, 48.76891], [-125.36177, 48.76893], [-125.36415, 48.76898], [-125.36651, 48.76898], [-125.36897, 48.76894], [-125.37136, 48.76878], [-125.37384, 48.76872], [-125.37625, 48.76864], [-125.37877, 48.76854], [-125.38117, 48.7684], [-125.38368, 48.76832], [-125.3861, 48.76814], [-125.38863, 48.76802], [-125.3911, 48.76788], [-125.39365, 48.76776], [-125.39611, 48.76757], [-125.39122, 48.76249], [-125.3937, 48.76254], [-125.39637, 48.76254], [-125.39888, 48.76239], [-125.40155, 48.76234], [-125.40411, 48.76222], [-125.40681, 48.76211], [-125.40938, 48.76192], [-125.41214, 48.76188], [-125.41472, 48.76171], [-125.41748, 48.76172], [-125.42009, 48.76156], [-125.4229, 48.76157], [-125.42554, 48.76147], [-125.42834, 48.76147], [-125.43101, 48.7613], [-125.43385, 48.76121], [-125.43654, 48.76103], [-125.43931, 48.76108], [-125.44198, 48.7609], [-125.44184, 48.76258], [-125.44451, 48.76207], [-125.44735, 48.76173], [-125.44999, 48.76121], [-125.45287, 48.76083], [-125.4555, 48.76019], [-125.45992, 48.76138], [-125.46266, 48.76064], [-125.4656, 48.76024], [-125.46837, 48.75959], [-125.47137, 48.75913], [-125.4741, 48.75844], [-125.48002, 48.76006], [-125.48296, 48.75945], [-125.48609, 48.75907], [-125.48907, 48.75846], [-125.49227, 48.75806], [-125.4953, 48.75745], [-125.50149, 48.75957], [-125.50467, 48.75892], [-125.50798, 48.75839], [-125.51113, 48.75779], [-125.51454, 48.7573], [-125.5177, 48.75661], [-125.52492, 48.7596], [-125.5283, 48.75877], [-125.53184, 48.75815], [-125.53525, 48.75738], [-125.53886, 48.75677], [-125.54228, 48.75604], [-125.54823, 48.75819], [-125.55176, 48.7571], [-125.55547, 48.75619], [-125.55896, 48.75507], [-125.56269, 48.75402], [-125.56625, 48.75284], [-125.57109, 48.75478], [-125.5749, 48.75379], [-125.57876, 48.75266], [-125.58251, 48.75154], [-125.5864, 48.75039], [-125.59014, 48.7492], [-125.59323, 48.75113], [-125.5968, 48.74977], [-125.60064, 48.74833], [-125.60442, 48.74698], [-125.60843, 48.74567], [-125.61232, 48.7445], [-125.61453, 48.74651], [-125.618, 48.74489], [-125.6219, 48.74329], [-125.62582, 48.74176], [-125.63004, 48.74067], [-125.63384, 48.73922], [-125.63623, 48.74132], [-125.63965, 48.73929], [-125.64338, 48.73745], [-125.64682, 48.73548], [-125.65046, 48.73354], [-125.65411, 48.73171], [-125.65881, 48.73401], [-125.6633, 48.73313], [-125.66781, 48.73213], [-125.67217, 48.73103], [-125.6767, 48.72992], [-125.68129, 48.729], [-125.69077, 48.73126], [-125.69533, 48.72968], [-125.70043, 48.72824], [-125.70558, 48.72655], [-125.71143, 48.7251], [-125.71742, 48.72349], [-125.73102, 48.72421], [-125.73589, 48.72217], [-125.74115, 48.72066], [-125.74589, 48.71898], [-125.7507, 48.71742], [-125.75496, 48.71583], [-125.76983, 48.71729], [-125.77374, 48.71543], [-125.7779, 48.71413], [-125.78141, 48.71283], [-125.78486, 48.71175], [-125.78779, 48.71065], [-125.79057, 48.70967], [-125.79294, 48.70899], [-125.79534, 48.70837], [-125.79746, 48.70766], [-125.79958, 48.70698], [-125.80141, 48.70624], [-125.80329, 48.70561], [-125.80485, 48.70494], [-125.80652, 48.7043], [-125.80794, 48.70362], [-125.80965, 48.70313], [-125.81118, 48.7026], [-125.81286, 48.70216], [-125.81438, 48.70164], [-125.82517, 48.70511], [-125.82675, 48.70449], [-125.82832, 48.70391], [-125.82971, 48.70328], [-125.83118, 48.70266], [-125.83253, 48.70206], [-125.83408, 48.70155], [-125.83537, 48.70093], [-125.83686, 48.70041], [-125.83807, 48.69977], [-125.83952, 48.69921], [-125.84076, 48.69861], [-125.84222, 48.69806], [-125.84337, 48.6974], [-125.84477, 48.69689], [-125.84602, 48.69631], [-125.84747, 48.69578], [-125.84876, 48.69522], [-125.85024, 48.69484], [-125.85156, 48.69435], [-125.84952, 48.69345], [-125.85093, 48.69297], [-125.85245, 48.69258], [-125.85374, 48.69205], [-125.85525, 48.69159], [-125.85656, 48.69105], [-125.8581, 48.69067], [-125.85943, 48.69017], [-125.86094, 48.68971], [-125.86221, 48.68914], [-125.86372, 48.68871], [-125.86511, 48.6882], [-125.86668, 48.68785], [-125.86803, 48.6873], [-125.86957, 48.68698], [-125.87107, 48.6865], [-125.87268, 48.68617], [-125.87399, 48.68555], [-125.87555, 48.68507], [-125.87684, 48.68441], [-125.87065, 48.68064], [-125.87216, 48.68016], [-125.87377, 48.67978], [-125.87511, 48.67915], [-125.87667, 48.67854], [-125.87798, 48.6778], [-125.87962, 48.67732], [-125.88094, 48.67662], [-125.88257, 48.67612], [-125.88399, 48.67546], [-125.88565, 48.67511], [-125.88706, 48.67449], [-125.88875, 48.6742], [-125.89021, 48.67365], [-125.89192, 48.6732], [-125.89329, 48.6725], [-125.8949, 48.67205], [-125.89622, 48.67134], [-125.89788, 48.6709], [-125.89925, 48.67021], [-125.8916, 48.66295], [-125.89309, 48.66252], [-125.8948, 48.66196], [-125.8963, 48.66129], [-125.89806, 48.66103], [-125.89968, 48.66046], [-125.90158, 48.66016], [-125.90326, 48.65957], [-125.90523, 48.65925], [-125.90695, 48.6586], [-125.90898, 48.65825], [-125.91082, 48.65761], [-125.9129, 48.65729], [-125.91487, 48.65671], [-125.91706, 48.65647], [-125.91905, 48.65592], [-125.92127, 48.65562], [-125.92324, 48.65498], [-125.92537, 48.65464], [-125.9274, 48.65401], [-125.92275, 48.64561], [-125.92487, 48.64508], [-125.92724, 48.64476], [-125.92938, 48.64406], [-125.93177, 48.64371], [-125.93403, 48.64303], [-125.9352, 48.63947], [-125.93758, 48.63882], [-125.94006, 48.63842], [-125.94241, 48.63779], [-125.94491, 48.63748], [-125.94736, 48.63685], [-125.9494, 48.63313], [-125.95179, 48.63266], [-125.95412, 48.6324], [-125.95618, 48.6318], [-125.95863, 48.63143], [-125.96116, 48.63085], [-125.96399, 48.62735], [-125.96649, 48.62675], [-125.96926, 48.62635], [-125.97191, 48.62572], [-125.97474, 48.62528], [-125.97733, 48.6246], [-125.9795, 48.62101], [-125.9822, 48.6204], [-125.98512, 48.61991], [-125.98788, 48.61921], [-125.99067, 48.61871], [-125.99321, 48.61809], [-125.99545, 48.61353], [-125.99832, 48.61311], [-126.00144, 48.61263], [-126.00446, 48.61202], [-126.0076, 48.61146], [-126.01063, 48.61085], [-126.01312, 48.60526], [-126.01609, 48.60463], [-126.0193, 48.60403], [-126.02229, 48.6032], [-126.02536, 48.60258], [-126.02826, 48.602], [-126.03106, 48.59472], [-126.03392, 48.59416], [-126.03702, 48.5937], [-126.0399, 48.59295], [-126.043, 48.59241], [-126.04586, 48.59168], [-126.04904, 48.58454], [-126.0524, 48.58381], [-126.05617, 48.58331], [-126.05973, 48.58246], [-126.06358, 48.58203], [-126.06737, 48.5813], [-126.06955, 48.57284], [-126.07329, 48.57209], [-126.07745, 48.57174], [-126.08134, 48.57095], [-126.0856, 48.57056], [-126.08954, 48.56968], [-126.09467, 48.56087], [-126.09895, 48.56037], [-126.10342, 48.56024], [-126.10777, 48.55961], [-126.11249, 48.55947], [-126.11701, 48.55873], [-126.12358, 48.55071], [-126.1283, 48.55017], [-126.13351, 48.5499], [-126.13849, 48.54928], [-126.14381, 48.54909], [-126.14892, 48.54844], [-126.16062, 48.54253], [-126.16603, 48.54209], [-126.17271, 48.54197], [-126.17988, 48.54122], [-126.18558, 48.54099], [-126.18933, 48.5408], [-126.20668, 48.53968], [-126.22354, 48.53859], [-126.24314, 48.53818], [-126.26311, 48.53702], [-126.28555, 48.53643], [-126.30899, 48.53515], [-126.33178, 48.52576], [-126.3579, 48.5272], [-126.38784, 48.52897], [-126.41904, 48.5308], [-126.45142, 48.53304], [-126.48263, 48.53471], [-126.49241, 48.52001], [-126.52332, 48.51249], [-126.55327, 48.50515], [-126.58383, 48.49775], [-126.6141, 48.49066], [-126.64499, 48.48331], [-126.66056, 48.47623], [-126.69154, 48.46912], [-126.72194, 48.46216], [-126.75266, 48.45489], [-126.78331, 48.44819], [-126.79415, 48.41884], [-126.77538, 48.40166], [-126.75596, 48.38386], [-126.73745, 48.36652], [-126.71766, 48.34913], [-126.6933, 48.34604], [-126.67473, 48.32822], [-126.65717, 48.31009], [-126.63855, 48.29237], [-126.62111, 48.27448], [-126.60239, 48.25659], [-126.57688, 48.26388], [-126.56006, 48.24523], [-126.54369, 48.22675], [-126.5264, 48.20829], [-126.51012, 48.18963], [-126.4934, 48.17113], [-126.48277, 48.18146], [-126.46815, 48.16205], [-126.45326, 48.14312], [-126.43858, 48.12368], [-126.42371, 48.10454], [-126.40882, 48.08523], [-126.41292, 48.08728], [-126.39807, 48.06784], [-126.384, 48.04909], [-126.36864, 48.02946], [-126.35441, 48.01034], [-126.33946, 47.99094], [-126.35526, 48.01387], [-126.32666, 48.02453], [-126.29877, 48.03486], [-126.27035, 48.04565], [-126.24224, 48.05564], [-126.21359, 48.06608], [-126.24059, 48.07637], [-126.2105, 48.08473], [-126.18117, 48.09332], [-126.15142, 48.10185], [-126.1218, 48.11002], [-126.09183, 48.1186], [-126.10537, 48.11448], [-126.07472, 48.12201], [-126.04481, 48.12966], [-126.01432, 48.13742], [-125.98431, 48.14492], [-125.95358, 48.15293], [-125.94844, 48.14424], [-125.92666, 48.15771], [-125.90653, 48.17074], [-125.88767, 48.18245], [-125.86944, 48.19364], [-125.85328, 48.20397], [-125.82829, 48.19511], [-125.81651, 48.2052], [-125.80533, 48.21439], [-125.79529, 48.2226], [-125.78846, 48.22783], [-125.78536, 48.23011], [-125.76912, 48.22872], [-125.76022, 48.23735], [-125.75275, 48.24463], [-125.74705, 48.25054], [-125.7409, 48.25673], [-125.73473, 48.26275], [-125.71259, 48.25913], [-125.71059, 48.26341], [-125.70864, 48.26704], [-125.70689, 48.26982], [-125.70544, 48.27259], [-125.70387, 48.2751], [-125.68746, 48.26846], [-125.68423, 48.27046], [-125.68117, 48.27249], [-125.67802, 48.27428], [-125.67497, 48.27625], [-125.672, 48.27818], [-125.6689, 48.28015], [-125.6659, 48.28196], [-125.6628, 48.28391], [-125.65979, 48.28581], [-125.65669, 48.28772], [-125.65381, 48.28964], [-125.65075, 48.29151], [-125.64783, 48.2934], [-125.64487, 48.29525], [-125.64208, 48.29704], [-125.63913, 48.29887], [-125.63642, 48.3006], [-125.63347, 48.30232], [-125.63074, 48.30407], [-125.59792, 48.28383], [-125.59567, 48.28586], [-125.59316, 48.28787], [-125.59079, 48.2898], [-125.58821, 48.29185], [-125.58582, 48.29373], [-125.58331, 48.2957], [-125.58086, 48.29763], [-125.5784, 48.29961], [-125.57599, 48.30151], [-125.57354, 48.30347], [-125.57113, 48.30533], [-125.56871, 48.30727], [-125.56629, 48.30913], [-125.56378, 48.31104], [-125.56136, 48.31288], [-125.55886, 48.31478], [-125.55654, 48.31661], [-125.55417, 48.31856], [-125.5519, 48.32045], [-125.52385, 48.30754], [-125.52231, 48.30967], [-125.52039, 48.31176], [-125.51844, 48.31374], [-125.51642, 48.31581], [-125.51439, 48.31776], [-125.51239, 48.31984], [-125.51049, 48.32184], [-125.50856, 48.32395], [-125.50674, 48.32595], [-125.50476, 48.32808], [-125.50282, 48.33004], [-125.50082, 48.33208], [-125.49905, 48.33418], [-125.49721, 48.33633], [-125.49536, 48.33838], [-125.49345, 48.34057], [-125.49145, 48.34259], [-125.4896, 48.34447], [-125.48811, 48.34614], [-125.46348, 48.33695], [-125.4621, 48.33917], [-125.46057, 48.34136], [-125.45906, 48.34352], [-125.45739, 48.34578], [-125.45611, 48.34796], [-125.45456, 48.35022], [-125.45298, 48.35234], [-125.45139, 48.35454], [-125.45, 48.35673], [-125.44852, 48.35896], [-125.44715, 48.36115], [-125.44555, 48.36335], [-125.44412, 48.36549], [-125.44257, 48.36774], [-125.44114, 48.36989], [-125.43966, 48.37212], [-125.43823, 48.37427], [-125.43662, 48.37663], [-125.43494, 48.37891], [-125.42522, 48.37457], [-125.42387, 48.37706], [-125.42218, 48.38006], [-125.4205, 48.38322], [-125.41867, 48.38655], [-125.41677, 48.38976], [-125.41521, 48.39315], [-125.41349, 48.3963], [-125.41146, 48.39949], [-125.40979, 48.40247], [-125.4082, 48.40561], [-125.40657, 48.4085], [-125.40497, 48.41156], [-125.40347, 48.41446], [-125.40191, 48.4175], [-125.40018, 48.42036], [-125.39851, 48.4233], [-125.39701, 48.42624], [-125.39547, 48.4293], [-125.39407, 48.4322], [-125.37332, 48.43586], [-125.37017, 48.43808], [-125.36668, 48.44038], [-125.36351, 48.44267], [-125.3602, 48.44503], [-125.35722, 48.44739], [-125.35397, 48.4498], [-125.35102, 48.4522], [-125.3487, 48.45393], [-125.34697, 48.45487], [-125.34449, 48.45655], [-125.34153, 48.45886], [-125.33828, 48.46118], [-125.33518, 48.46339], [-125.33184, 48.46556], [-125.3287, 48.46771], [-125.32536, 48.46986], [-125.32237, 48.47203], [-125.31933, 48.47432], [-125.3164, 48.47644], [-125.27257, 48.47693], [-125.27067, 48.47951], [-125.26838, 48.482], [-125.26634, 48.48448], [-125.26429, 48.48704], [-125.26241, 48.48948], [-125.26039, 48.49197], [-125.25846, 48.49435], [-125.25639, 48.49684], [-125.25448, 48.4992], [-125.25259, 48.5014], [-125.25103, 48.50341], [-125.24922, 48.50566], [-125.24733, 48.50792], [-125.24543, 48.51027], [-125.24358, 48.51248], [-125.24187, 48.51484], [-125.24011, 48.51704], [-125.2383, 48.51927], [-125.23637, 48.52134], [-125.22446, 48.519], [-125.22331, 48.52114], [-125.22213, 48.52342], [-125.22079, 48.52561], [-125.2198, 48.528], [-125.21855, 48.5302], [-125.21755, 48.53255], [-125.21633, 48.53476], [-125.21527, 48.53708], [-125.21391, 48.53922], [-125.21263, 48.54155], [-125.21126, 48.54373], [-125.2102, 48.54592], [-125.20908, 48.54789], [-125.2083, 48.54986], [-125.20734, 48.5517], [-125.20639, 48.55359], [-125.20549, 48.55533], [-125.2045, 48.55716], [-125.20364, 48.55887], [-125.21877, 48.56487], [-125.21647, 48.56608], [-125.21416, 48.56703], [-125.21175, 48.56801], [-125.21511, 48.5708], [-125.21265, 48.57177], [-125.21022, 48.57267], [-125.20768, 48.57359], [-125.2104, 48.57655], [-125.2079, 48.57752], [-125.20541, 48.57841], [-125.20285, 48.57931], [-125.20408, 48.58223], [-125.2016, 48.5832], [-125.19908, 48.584], [-125.19636, 48.5848], [-125.19575, 48.58724], [-125.19294, 48.5882], [-125.19031, 48.5891], [-125.18744, 48.59002], [-125.18668, 48.59157], [-125.18386, 48.59258], [-125.18128, 48.59347], [-125.17863, 48.59439], [-125.17701, 48.59512], [-125.17406, 48.59594], [-125.17124, 48.59661], [-125.16847, 48.59744], [-125.16704, 48.59856], [-125.16461, 48.59982], [-125.1622, 48.60088], [-125.15963, 48.60194], [-125.15718, 48.60288], [-125.15472, 48.60398], [-125.15237, 48.60502], [-125.14997, 48.60616], [-125.14759, 48.60713], [-125.14528, 48.6082], [-125.14307, 48.60921], [-125.14082, 48.6103], [-125.14595, 48.61335], [-125.14368, 48.61437], [-125.14146, 48.61525], [-125.13912, 48.61616], [-125.13686, 48.61691], [-125.13451, 48.61779], [-125.13229, 48.61869], [-125.12988, 48.61949], [-125.12761, 48.62025], [-125.12526, 48.62115], [-125.12293, 48.62186], [-125.12069, 48.62274], [-125.13178, 48.62886], [-125.12968, 48.6298], [-125.12754, 48.63057], [-125.12519, 48.6313], [-125.12314, 48.63209], [-125.12085, 48.63277], [-125.11891, 48.63355], [-125.11685, 48.63424], [-125.11513, 48.63502], [-125.11313, 48.63569], [-125.11133, 48.63639], [-125.10944, 48.63705], [-125.12178, 48.64469], [-125.12322, 48.6458], [-125.12476, 48.64674], [-125.12613, 48.6478], [-125.12766, 48.64868], [-125.129, 48.64972], [-125.13048, 48.65062], [-125.13191, 48.65164], [-125.13343, 48.65248], [-125.13487, 48.65344], [-125.13635, 48.65431], [-125.13765, 48.65523], [-125.14528, 48.6623], [-125.1467, 48.66315], [-125.14817, 48.66393], [-125.14965, 48.66475], [-125.15114, 48.66552], [-125.15254, 48.66636], [-125.15388, 48.66715], [-125.15499, 48.66807], [-125.15625, 48.66888], [-125.15735, 48.66981], [-125.15838, 48.67048], [-125.15908, 48.67102], [-125.15799, 48.67352], [-125.15829, 48.67376], [-125.15893, 48.67416], [-125.15996, 48.67474], [-125.16116, 48.67531], [-125.16243, 48.67603], [-125.16372, 48.6767], [-125.16489, 48.6775], [-125.16612, 48.6782], [-125.16729, 48.67892], [-125.16854, 48.67955], [-125.16967, 48.68022], [-125.16406, 48.68024], [-125.16529, 48.6809], [-125.1664, 48.68143], [-125.16734, 48.68196], [-125.16831, 48.68251], [-125.16935, 48.68302], [-125.17026, 48.68346], [-125.17098, 48.6838], [-125.17178, 48.68417], [-125.17248, 48.68455], [-125.17314, 48.68491], [-125.17365, 48.68516], [-125.16371, 48.68326], [-125.16504, 48.68388], [-125.16624, 48.68446], [-125.16732, 48.68508], [-125.16837, 48.68567], [-125.16942, 48.68626], [-125.17047, 48.68686], [-125.17167, 48.68748], [-125.17278, 48.68808], [-125.174, 48.68868], [-125.17513, 48.68927], [-125.17626, 48.6899], [-125.16231, 48.68648], [-125.1635, 48.68717], [-125.16461, 48.68781], [-125.16586, 48.68842], [-125.16698, 48.68906], [-125.16812, 48.68966], [-125.16927, 48.69027], [-125.17041, 48.69089], [-125.17154, 48.69148], [-125.17267, 48.69211], [-125.17376, 48.6927], [-125.17492, 48.69326], [-125.16182, 48.68857], [-125.16286, 48.68924], [-125.16402, 48.68981], [-125.16509, 48.6904], [-125.16615, 48.69103], [-125.16723, 48.69167], [-125.16824, 48.69229], [-125.16929, 48.69292], [-125.17041, 48.69352], [-125.17154, 48.69413], [-125.17273, 48.69469], [-125.1739, 48.69526], [-125.16632, 48.69145], [-125.16698, 48.69213], [-125.1681, 48.69273], [-125.16916, 48.69337], [-125.17025, 48.69399], [-125.17136, 48.69461], [-125.17258, 48.69515], [-125.17355, 48.69575], [-125.17467, 48.69636], [-125.17572, 48.69702], [-125.17687, 48.6976], [-125.17783, 48.69819], [-125.17476, 48.6964], [-125.17552, 48.69715], [-125.17667, 48.6977], [-125.17772, 48.69823], [-125.17883, 48.69871], [-125.17982, 48.69931], [-125.18087, 48.69986], [-125.18196, 48.7004], [-125.18306, 48.70091], [-125.18411, 48.70149], [-125.18525, 48.70203], [-125.18636, 48.70259], [-125.18615, 48.70354], [-125.18672, 48.70431], [-125.18791, 48.70492], [-125.18912, 48.70556], [-125.19037, 48.70615], [-125.19164, 48.70685], [-125.19297, 48.70745], [-125.19424, 48.70813], [-125.19558, 48.70871], [-125.19674, 48.70942], [-125.19801, 48.71003], [-125.1992, 48.71071], [-125.2037, 48.71362], [-125.20432, 48.71434], [-125.20567, 48.71491], [-125.20695, 48.71557], [-125.20833, 48.71606], [-125.20966, 48.71668], [-125.21107, 48.71722], [-125.2123, 48.71792], [-125.2137, 48.71846], [-125.21489, 48.71914], [-125.21622, 48.71975], [-125.21741, 48.72043], [-125.22574, 48.72593], [-125.22698, 48.72642], [-125.22829, 48.727], [-125.22953, 48.72763], [-125.23081, 48.72821], [-125.23207, 48.72877], [-125.23329, 48.72933], [-125.23442, 48.72985], [-125.23549, 48.7304], [-125.23655, 48.73082], [-125.23755, 48.73128], [-125.23847, 48.73171], [-125.24526, 48.73862], [-125.24561, 48.73912], [-125.2465, 48.73954], [-125.24742, 48.73991], [-125.24841, 48.74031], [-125.2495, 48.74068], [-125.25061, 48.74101], [-125.25163, 48.74144], [-125.25273, 48.74177], [-125.2537, 48.74216], [-125.25481, 48.74249], [-125.2558, 48.74289], [-125.26101, 48.74885], [-125.26128, 48.74967], [-125.26159, 48.75041], [-125.26187, 48.75109], [-125.26218, 48.75182], [-125.2625, 48.75251], [-125.26432, 48.75622], [-125.26538, 48.75645], [-125.26657, 48.75644], [-125.26778, 48.75657], [-125.26905, 48.75659], [-125.27028, 48.75668], [-125.27162, 48.75663], [-125.2731, 48.75675], [-125.27464, 48.7567], [-125.27639, 48.75676], [-125.27838, 48.75668], [-125.2805, 48.75682], [-125.28274, 48.75677], [-125.28493, 48.75676], [-125.28717, 48.75671], [-125.28939, 48.75685], [-125.29171, 48.75687], [-125.29398, 48.75702], [-125.29631, 48.75705], [-125.29862, 48.75706], [-125.31, 48.76197], [-125.31251, 48.76205], [-125.31481, 48.76206], [-125.31728, 48.76199], [-125.31955, 48.76193], [-125.322, 48.76192], [-125.32433, 48.76187], [-125.32685, 48.76193], [-125.32918, 48.76191], [-125.33166, 48.76185], [-125.33403, 48.76182], [-125.33656, 48.76174], [-125.33893, 48.76171], [-125.34149, 48.76159], [-125.34389, 48.7616], [-125.34647, 48.76149], [-125.34892, 48.76147], [-125.35147, 48.76126], [-125.35394, 48.76114], [-125.35649, 48.76093], [-125.37307, 48.76272], [-125.37576, 48.76239], [-125.37824, 48.76223], [-125.38088, 48.7619], [-125.38344, 48.76179], [-125.38605, 48.76149], [-125.38858, 48.76142], [-125.39126, 48.76131], [-125.39386, 48.76132], [-125.39661, 48.76122], [-125.39927, 48.76122], [-125.40202, 48.76117], [-125.40473, 48.76118], [-125.40751, 48.76109], [-125.41026, 48.76114], [-125.41317, 48.76108], [-125.41582, 48.76125], [-125.41869, 48.76124], [-125.42153, 48.76123], [-125.42443, 48.76117], [-125.44721, 48.75905], [-125.45026, 48.75866], [-125.45313, 48.75824], [-125.45602, 48.75776], [-125.45903, 48.75732], [-125.46204, 48.75675], [-125.46918, 48.75385], [-125.47241, 48.75343], [-125.4754, 48.75309], [-125.47859, 48.75259], [-125.48164, 48.75222], [-125.48489, 48.75175], [-125.48961, 48.7491], [-125.49314, 48.74861], [-125.4964, 48.74822], [-125.49992, 48.74773], [-125.50336, 48.74737], [-125.50708, 48.74691], [-125.50923, 48.74381], [-125.51323, 48.74333], [-125.51691, 48.74294], [-125.52084, 48.74246], [-125.52472, 48.74211], [-125.52893, 48.74174], [-125.52808, 48.73779], [-125.53263, 48.73751], [-125.5368, 48.73727], [-125.5415, 48.73704], [-125.54584, 48.73675], [-125.55071, 48.73647], [-125.54511, 48.73132], [-125.5501, 48.73127], [-125.5551, 48.73102], [-125.55991, 48.73076], [-125.56456, 48.73058], [-125.56852, 48.73059], [-125.56024, 48.72547], [-125.56399, 48.72546], [-125.56781, 48.72546], [-125.57137, 48.72571], [-125.57526, 48.72593], [-125.57896, 48.72615], [-125.57295, 48.72227], [-125.57677, 48.72247], [-125.58056, 48.72257], [-125.58415, 48.72271], [-125.58783, 48.72291], [-125.59133, 48.72317], [-125.58686, 48.72007], [-125.59071, 48.72036], [-125.59426, 48.72068], [-125.59765, 48.7209], [-125.60117, 48.72115], [-125.6046, 48.72128], [-125.60265, 48.71982], [-125.60652, 48.72028], [-125.61044, 48.72075], [-125.61428, 48.72121], [-125.61863, 48.72177], [-125.62331, 48.72218], [-125.62287, 48.72312], [-125.62897, 48.72333], [-125.63467, 48.72403], [-125.63989, 48.72428], [-125.6451, 48.72481], [-125.65, 48.72504], [-125.6473, 48.72889], [-125.65172, 48.72828], [-125.65656, 48.72757], [-125.66078, 48.72643], [-125.66544, 48.72569], [-125.66964, 48.72453], [-125.6726, 48.72688], [-125.67679, 48.72585], [-125.68134, 48.72484], [-125.68559, 48.7236], [-125.69041, 48.7227], [-125.69483, 48.72153], [-125.70025, 48.72314], [-125.70487, 48.72181], [-125.71003, 48.72085], [-125.71513, 48.71957], [-125.72088, 48.71851], [-125.72648, 48.71728], [-125.73243, 48.71608], [-125.73786, 48.71453], [-125.74328, 48.71328], [-125.74805, 48.712], [-125.75303, 48.71081], [-125.75765, 48.70964], [-125.76326, 48.71334], [-125.76714, 48.71222], [-125.77112, 48.71097], [-125.77491, 48.70968], [-125.77787, 48.70869], [-125.77971, 48.70804], [-125.7817, 48.70739], [-125.78359, 48.70665], [-125.78576, 48.70601], [-125.78773, 48.70525], [-125.78993, 48.70455], [-125.79194, 48.70386], [-125.7941, 48.70325], [-125.7961, 48.70262], [-125.79807, 48.70206], [-125.79978, 48.70142], [-125.80151, 48.70086], [-125.80305, 48.70027], [-125.80473, 48.69976], [-125.80623, 48.69926], [-125.822, 48.70457], [-125.82353, 48.70395], [-125.82498, 48.70335], [-125.82638, 48.70278], [-125.82784, 48.70216], [-125.82926, 48.70162], [-125.83072, 48.70106], [-125.83201, 48.70048], [-125.83341, 48.69983], [-125.83484, 48.69933], [-125.83634, 48.69875], [-125.83768, 48.6982], [-125.83911, 48.69762], [-125.84053, 48.69711], [-125.84197, 48.69651], [-125.84344, 48.69602], [-125.84498, 48.69549], [-125.84637, 48.69494], [-125.84781, 48.69433], [-125.84914, 48.69378], [-125.86042, 48.69476], [-125.86193, 48.69416], [-125.86342, 48.69357], [-125.86487, 48.69307], [-125.8664, 48.69254], [-125.86781, 48.692], [-125.86931, 48.69142], [-125.87068, 48.69081], [-125.87218, 48.69018], [-125.87359, 48.68958], [-125.87506, 48.68891], [-125.87639, 48.68817], [-125.8779, 48.68746], [-125.87928, 48.68668], [-125.88085, 48.68597], [-125.88224, 48.68522], [-125.88376, 48.68444], [-125.88516, 48.68367], [-125.88667, 48.68294], [-125.88791, 48.68213], [-125.89626, 48.68435], [-125.89762, 48.68359], [-125.89914, 48.68285], [-125.90047, 48.68204], [-125.90208, 48.68133], [-125.90352, 48.6805], [-125.9052, 48.6798], [-125.90667, 48.67897], [-125.90838, 48.67826], [-125.9097, 48.67741], [-125.91142, 48.67671], [-125.9129, 48.67581], [-125.91464, 48.67503], [-125.91607, 48.67407], [-125.91785, 48.6733], [-125.91922, 48.67234], [-125.92098, 48.67153], [-125.92248, 48.67058], [-125.92433, 48.6698], [-125.9259, 48.66885], [-125.92932, 48.67088], [-125.93085, 48.66994], [-125.93268, 48.66903], [-125.93428, 48.66797], [-125.93616, 48.66704], [-125.9378, 48.66601], [-125.93971, 48.66498], [-125.94137, 48.66386], [-125.94334, 48.6628], [-125.94497, 48.66163], [-125.94693, 48.66059], [-125.9487, 48.65941], [-125.95072, 48.65832], [-125.95248, 48.65716], [-125.95463, 48.65617], [-125.95664, 48.65508], [-125.95874, 48.65408], [-125.9606, 48.65304], [-125.96278, 48.652], [-125.96472, 48.65084], [-125.96054, 48.6485], [-125.9631, 48.64791], [-125.9658, 48.64728], [-125.9683, 48.64658], [-125.97101, 48.64597], [-125.97355, 48.64525], [-125.9725, 48.64096], [-125.97532, 48.64034], [-125.97806, 48.6397], [-125.98061, 48.63886], [-125.98337, 48.63819], [-125.98589, 48.63738], [-125.98383, 48.63189], [-125.98654, 48.6313], [-125.98939, 48.63075], [-125.99191, 48.62987], [-125.9947, 48.6292], [-125.99731, 48.62834], [-125.99468, 48.62121], [-125.9975, 48.62059], [-126.00044, 48.62004], [-126.00325, 48.61927], [-126.00622, 48.61871], [-126.00898, 48.61796], [-126.00579, 48.6098], [-126.00846, 48.60894], [-126.01153, 48.60842], [-126.01449, 48.60774], [-126.01768, 48.60724], [-126.02066, 48.60653], [-126.0173, 48.59743], [-126.01986, 48.59677], [-126.02286, 48.59636], [-126.02557, 48.59551], [-126.02861, 48.59495], [-126.03135, 48.59421], [-126.02876, 48.58541], [-126.03178, 48.5849], [-126.03495, 48.58477], [-126.03803, 48.58421], [-126.04138, 48.58378], [-126.04461, 48.58314], [-126.04143, 48.5737], [-126.04487, 48.57307], [-126.04861, 48.57275], [-126.05227, 48.57213], [-126.05622, 48.57179], [-126.05998, 48.57117], [-126.05702, 48.5607], [-126.0608, 48.56038], [-126.06488, 48.56034], [-126.06893, 48.55989], [-126.07291, 48.55962], [-126.07662, 48.55915], [-126.07354, 48.54763], [-126.07789, 48.54747], [-126.0823, 48.5474], [-126.08688, 48.54694], [-126.09151, 48.54682], [-126.09605, 48.54643], [-126.09535, 48.53419], [-126.09998, 48.53388], [-126.10503, 48.53387], [-126.11019, 48.5338], [-126.11553, 48.53386], [-126.12068, 48.53359], [-126.121, 48.51889], [-126.12628, 48.51855], [-126.13182, 48.51868], [-126.13715, 48.51843], [-126.14282, 48.51859], [-126.14836, 48.51823], [-126.14806, 48.5049], [-126.14662, 48.50121], [-126.14503, 48.49747], [-126.1435, 48.49386], [-126.14171, 48.49], [-126.14016, 48.48624], [-126.13332, 48.47075], [-126.13142, 48.46681], [-126.12981, 48.46257], [-126.12789, 48.45847], [-126.12594, 48.45424], [-126.12379, 48.45022], [-126.10785, 48.43501], [-126.10605, 48.43113], [-126.10445, 48.42695], [-126.10289, 48.42287], [-126.1013, 48.4186], [-126.09993, 48.41438], [-126.08032, 48.39637], [-126.07887, 48.39156], [-126.07764, 48.38695], [-126.07636, 48.38306], [-126.07406, 48.37563], [-126.07048, 48.3652], [-126.04692, 48.33869], [-126.04116, 48.31994], [-126.03719, 48.30361], [-126.03341, 48.29033], [-126.02934, 48.27458], [-126.02469, 48.25701], [-125.99928, 48.24461], [-125.97732, 48.24902], [-125.96185, 48.25217], [-125.95223, 48.25423], [-125.93683, 48.25767], [-125.91616, 48.26185], [-125.88487, 48.24949], [-125.87123, 48.25357], [-125.85974, 48.2572], [-125.85027, 48.26009], [-125.84104, 48.26278], [-125.83243, 48.2654], [-125.81284, 48.26168], [-125.80782, 48.26362], [-125.80293, 48.26543], [-125.79856, 48.26714], [-125.79401, 48.26885], [-125.78971, 48.27055], [-125.77495, 48.26887], [-125.771, 48.27081], [-125.76706, 48.27265], [-125.76307, 48.2745], [-125.75911, 48.27634], [-125.75535, 48.27816], [-125.73765, 48.27506], [-125.73443, 48.27709], [-125.73015, 48.28008], [-125.72475, 48.28383], [-125.72046, 48.2868], [-125.71753, 48.28861], [-125.70041, 48.28473], [-125.6971, 48.28665], [-125.69387, 48.28857], [-125.69059, 48.29036], [-125.68749, 48.29215], [-125.68409, 48.29387], [-125.68098, 48.29555], [-125.67764, 48.29729], [-125.67444, 48.29907], [-125.67132, 48.30072], [-125.66801, 48.3023], [-125.66498, 48.30401], [-125.66182, 48.30577], [-125.65896, 48.30743], [-125.65601, 48.30921], [-125.65292, 48.31086], [-125.65005, 48.31261], [-125.64705, 48.31425], [-125.64393, 48.31592], [-125.64096, 48.31742], [-125.59904, 48.30037], [-125.5965, 48.3023], [-125.59389, 48.30427], [-125.5913, 48.30602], [-125.58857, 48.30787], [-125.58603, 48.30963], [-125.58346, 48.31156], [-125.58076, 48.31328], [-125.5788, 48.3148], [-125.57736, 48.31585], [-125.57533, 48.31742], [-125.57291, 48.31928], [-125.57057, 48.32134], [-125.56808, 48.32313], [-125.56577, 48.32505], [-125.56332, 48.32681], [-125.56084, 48.32865], [-125.55828, 48.33039], [-125.55577, 48.33219], [-125.55323, 48.3339], [-125.5133, 48.32626], [-125.51128, 48.3283], [-125.50925, 48.33041], [-125.50703, 48.3323], [-125.50498, 48.33437], [-125.50273, 48.33631], [-125.50057, 48.33841], [-125.49851, 48.34041], [-125.49636, 48.34254], [-125.49424, 48.34456], [-125.49215, 48.34676], [-125.48999, 48.34869], [-125.4879, 48.35079], [-125.48575, 48.35271], [-125.48378, 48.35481], [-125.48169, 48.3567], [-125.47963, 48.35874], [-125.47736, 48.36056], [-125.4753, 48.36262], [-125.47345, 48.36457], [-125.42492, 48.35966], [-125.42368, 48.36187], [-125.42242, 48.36467], [-125.42084, 48.36762], [-125.41931, 48.37085], [-125.41768, 48.37388], [-125.41609, 48.37712], [-125.41461, 48.38037], [-125.41298, 48.38361], [-125.41174, 48.38667], [-125.41031, 48.38984], [-125.40862, 48.39276], [-125.40686, 48.39586], [-125.40517, 48.39885], [-125.40352, 48.40206], [-125.40181, 48.4051], [-125.40047, 48.40835], [-125.39907, 48.4115], [-125.39769, 48.41477], [-125.396, 48.4178], [-125.36769, 48.41478], [-125.36747, 48.41803], [-125.36779, 48.42134], [-125.36753, 48.42449], [-125.36763, 48.42769], [-125.36767, 48.43077], [-125.36787, 48.43394], [-125.36788, 48.43698], [-125.36782, 48.44007], [-125.36776, 48.44306], [-125.3678, 48.44619], [-125.36764, 48.44915], [-125.36782, 48.45222], [-125.36764, 48.45518], [-125.36767, 48.45821], [-125.36741, 48.46114], [-125.36729, 48.46411], [-125.367, 48.46703], [-125.36703, 48.47001], [-125.36675, 48.47286], [-125.3974, 48.47804], [-125.39385, 48.47966], [-125.39013, 48.48119], [-125.38652, 48.48277], [-125.38287, 48.4844], [-125.37932, 48.48595], [-125.37562, 48.48743], [-125.3721, 48.48901], [-125.36855, 48.49056], [-125.36512, 48.49216], [-125.36162, 48.4938], [-125.35816, 48.49536], [-125.35472, 48.49695], [-125.35126, 48.49842], [-125.34783, 48.49999], [-125.34444, 48.5015], [-125.34099, 48.50309], [-125.33759, 48.50469], [-125.33401, 48.50611], [-125.33087, 48.5075], [-125.33542, 48.51429], [-125.33281, 48.51537], [-125.32952, 48.5165], [-125.32621, 48.51784], [-125.3228, 48.51916], [-125.31957, 48.52048], [-125.31614, 48.52164], [-125.31298, 48.52288], [-125.30975, 48.52402], [-125.30682, 48.52523], [-125.30385, 48.52633], [-125.30105, 48.52749], [-125.2982, 48.52858], [-125.2955, 48.52969], [-125.29264, 48.53068], [-125.28995, 48.53181], [-125.28717, 48.53289], [-125.2846, 48.53404], [-125.28183, 48.53507], [-125.27924, 48.53617], [-125.26446, 48.5315], [-125.26229, 48.53295], [-125.25977, 48.53421], [-125.25742, 48.5355], [-125.25512, 48.53652], [-125.25332, 48.53743], [-125.25116, 48.53859], [-125.24885, 48.53989], [-125.24638, 48.54116], [-125.24417, 48.54244], [-125.24175, 48.54364], [-125.23953, 48.54491], [-125.23711, 48.5461], [-125.23491, 48.54739], [-125.23248, 48.5486], [-125.2303, 48.5498], [-125.22786, 48.55095], [-125.22557, 48.55214], [-125.2229, 48.55341], [-125.22033, 48.55473], [-125.22731, 48.55105], [-125.22466, 48.55246], [-125.22187, 48.55386], [-125.21911, 48.55513], [-125.21656, 48.55636], [-125.21432, 48.55751], [-125.21235, 48.55842], [-125.2108, 48.5591], [-125.20888, 48.56009], [-125.20669, 48.5612], [-125.20447, 48.56236], [-125.2024, 48.56351], [-125.20027, 48.56475], [-125.19817, 48.56589], [-125.19605, 48.56712], [-125.19384, 48.56821], [-125.1915, 48.56933], [-125.18925, 48.57044], [-125.18699, 48.5717], [-125.18466, 48.57273], [-125.20119, 48.57687], [-125.19878, 48.57785], [-125.19628, 48.57882], [-125.19389, 48.5798], [-125.19135, 48.58083], [-125.18885, 48.58172], [-125.18628, 48.58272], [-125.18379, 48.58364], [-125.18131, 48.58461], [-125.17888, 48.58546], [-125.1764, 48.58647], [-125.17399, 48.58737], [-125.17148, 48.58838], [-125.16894, 48.58932], [-125.16635, 48.59042], [-125.16368, 48.59144], [-125.16101, 48.5925], [-125.15846, 48.59358], [-125.15581, 48.59461], [-125.15322, 48.59555], [-125.14987, 48.60084], [-125.14762, 48.60201], [-125.14508, 48.60307], [-125.14261, 48.6041], [-125.14018, 48.6052], [-125.1379, 48.60634], [-125.13543, 48.60731], [-125.13317, 48.60844], [-125.13076, 48.60949], [-125.12846, 48.6106], [-125.126, 48.6116], [-125.12387, 48.61271], [-125.11019, 48.61216], [-125.10836, 48.6132], [-125.10635, 48.6142], [-125.10447, 48.6153], [-125.10236, 48.61625], [-125.1004, 48.61737], [-125.0983, 48.61837], [-125.09652, 48.61955], [-125.09452, 48.62053], [-125.09273, 48.62164], [-125.09075, 48.62263], [-125.08908, 48.62367], [-125.07966, 48.62273], [-125.08101, 48.62377], [-125.08261, 48.6249], [-125.08432, 48.62587], [-125.08593, 48.62697], [-125.0875, 48.62795], [-125.08911, 48.62905], [-125.09079, 48.62996], [-125.09246, 48.63103], [-125.09392, 48.63202], [-125.09549, 48.63311], [-125.09697, 48.63407], [-125.0985, 48.63514], [-125.09994, 48.63606], [-125.1014, 48.6371], [-125.10279, 48.638], [-125.10419, 48.63896], [-125.10543, 48.6398], [-125.10683, 48.64076], [-125.10818, 48.64167], [-125.12146, 48.64356], [-125.12249, 48.64453], [-125.1239, 48.64561], [-125.12526, 48.64656], [-125.12675, 48.64756], [-125.12811, 48.64847], [-125.12962, 48.64942], [-125.13088, 48.65039], [-125.13226, 48.65142], [-125.13348, 48.65239], [-125.13486, 48.65337], [-125.13621, 48.65422], [-125.1377, 48.65511], [-125.13892, 48.65603], [-125.14036, 48.65696], [-125.1415, 48.65796], [-125.14285, 48.65898], [-125.14394, 48.65996], [-125.14519, 48.66096], [-125.14626, 48.66196], [-125.17799, 48.67235], [-125.17887, 48.67341], [-125.18025, 48.67437], [-125.18152, 48.6753], [-125.18285, 48.67624], [-125.18399, 48.67723], [-125.18527, 48.67823], [-125.18651, 48.67916], [-125.18789, 48.68009], [-125.18913, 48.68104], [-125.19047, 48.68203], [-125.19175, 48.683], [-125.19328, 48.68393], [-125.19462, 48.68487], [-125.19612, 48.68586], [-125.19736, 48.68687], [-125.1989, 48.68786], [-125.20022, 48.68882], [-125.20175, 48.68983], [-125.2031, 48.69081], [-125.23417, 48.71018], [-125.23557, 48.71089], [-125.23692, 48.71206], [-125.23819, 48.71313], [-125.23951, 48.71433], [-125.24082, 48.71538], [-125.24212, 48.71652], [-125.24342, 48.71749], [-125.24465, 48.71857], [-125.2459, 48.7195], [-125.24703, 48.7205], [-125.24815, 48.72138], [-125.24907, 48.72235], [-125.24998, 48.72319], [-125.25091, 48.72397], [-125.2519, 48.72464], [-125.25291, 48.72526], [-125.2537, 48.72587], [-125.25455, 48.72659], [-125.25527, 48.72729], [-125.27119, 48.74438], [-125.27196, 48.74434], [-125.27304, 48.74482], [-125.27404, 48.74534], [-125.27519, 48.74587], [-125.27605, 48.74647], [-125.27712, 48.74712], [-125.27828, 48.74773], [-125.27975, 48.74845], [-125.28114, 48.74936], [-125.28301, 48.75028], [-125.28502, 48.75098], [-125.28634, 48.7574], [-125.28543, 48.75868], [-125.28465, 48.76017], [-125.28404, 48.76155], [-125.28318, 48.76298], [-125.2824, 48.76428], [-125.28091, 48.7663], [-125.28002, 48.76734], [-125.27909, 48.76867], [-125.27854, 48.76998], [-125.27764, 48.77129], [-125.27696, 48.77254], [-125.2754, 48.77373], [-125.27511, 48.77493], [-125.27433, 48.77625], [-125.27369, 48.77745], [-125.27195, 48.77753], [-125.27179, 48.77869], [-125.27104, 48.78002], [-125.27058, 48.7813], [-125.26931, 48.78162], [-125.26904, 48.7829], [-125.26831, 48.78427], [-125.26775, 48.78553], [-125.2665, 48.78545], [-125.26612, 48.78676], [-125.26552, 48.78808], [-125.26501, 48.78927], [-125.2637, 48.78864], [-125.26353, 48.78981], [-125.2632, 48.79105], [-125.26291, 48.79212], [-125.26149, 48.79134], [-125.26153, 48.79236], [-125.26145, 48.79345], [-125.26126, 48.7944], [-125.25993, 48.79362], [-125.26019, 48.79455], [-125.26031, 48.79558], [-125.26027, 48.79648], [-125.2591, 48.79566], [-125.25952, 48.79655], [-125.25989, 48.79755], [-125.2601, 48.79845], [-125.25948, 48.79771], [-125.25946, 48.79869], [-125.25894, 48.79818], [-125.259, 48.79912], [-125.25881, 48.79902], [-125.25903, 48.79997], [-125.25912, 48.79935], [-125.25928, 48.80035], [-125.25949, 48.80039], [-125.25967, 48.80155], [-125.2601, 48.80199], [-125.26031, 48.80352], [-125.26119, 48.80438], [-125.26132, 48.80612], [-125.26143, 48.80771], [-125.26158, 48.80948], [-125.26145, 48.81115], [-125.26171, 48.81291], [-125.26165, 48.81459], [-125.26186, 48.8163], [-125.26171, 48.81826], [-125.26198, 48.82002], [-125.26172, 48.82221], [-125.26186, 48.82406], [-125.26089, 48.82656], [-125.26039, 48.82852], [-125.25966, 48.83057], [-125.25894, 48.83245], [-125.25842, 48.83445], [-125.25773, 48.83614], [-125.25387, 48.84101], [-125.25377, 48.84274], [-125.2536, 48.84456], [-125.2531, 48.84617], [-125.25281, 48.84792], [-125.2526, 48.84953], [-125.24902, 48.85298], [-125.2473, 48.8544], [-125.24571, 48.85565], [-125.24414, 48.85683], [-125.24243, 48.85804], [-125.24079, 48.85913], [-125.23635, 48.86173], [-125.2349, 48.86296], [-125.23314, 48.86409], [-125.23138, 48.86507], [-125.22965, 48.86622], [-125.2281, 48.86734], [-125.22477, 48.8689], [-125.22339, 48.87018], [-125.22168, 48.87128], [-125.22008, 48.87237], [-125.21844, 48.87354], [-125.21683, 48.87458], [-125.21495, 48.87485], [-125.21674, 48.87402], [-125.21849, 48.87288], [-125.22002, 48.87177], [-125.22183, 48.87071], [-125.22352, 48.86974], [-125.2244, 48.86822], [-125.22638, 48.86745], [-125.22835, 48.86646], [-125.23002, 48.86546], [-125.2319, 48.86442], [-125.23354, 48.86338], [-125.23546, 48.86129], [-125.23749, 48.86048], [-125.23962, 48.85961], [-125.24152, 48.85876], [-125.24374, 48.85804], [-125.24565, 48.85712], [-125.24762, 48.85496], [-125.2462, 48.85621], [-125.24454, 48.85745], [-125.24287, 48.85856], [-125.24106, 48.85966], [-125.23924, 48.8606], [-125.23959, 48.85924], [-125.23844, 48.86044], [-125.23676, 48.86154], [-125.23509, 48.86257], [-125.23338, 48.86361], [-125.23179, 48.86466], [-125.23237, 48.86321], [-125.23121, 48.86446], [-125.22962, 48.86557], [-125.22814, 48.86666], [-125.22646, 48.86772], [-125.22502, 48.86882], [-125.22578, 48.86773], [-125.22473, 48.869], [-125.22325, 48.8702], [-125.22194, 48.87135], [-125.22051, 48.87254], [-125.21918, 48.87369], [-125.22049, 48.87265], [-125.22221, 48.87178], [-125.22394, 48.87076], [-125.22534, 48.86967], [-125.22692, 48.86853], [-125.2283, 48.86742], [-125.23123, 48.8657], [-125.23305, 48.86486], [-125.23481, 48.86381], [-125.23633, 48.86278], [-125.23816, 48.86177], [-125.23965, 48.86073], [-125.24199, 48.85957], [-125.24383, 48.85878], [-125.24573, 48.85778], [-125.24737, 48.85674], [-125.2493, 48.85574], [-125.25098, 48.85469], [-125.25119, 48.85475], [-125.24966, 48.85604], [-125.24788, 48.85713], [-125.24626, 48.85821], [-125.24451, 48.85928], [-125.24287, 48.86033], [-125.24006, 48.86171], [-125.23833, 48.8626], [-125.23654, 48.86361], [-125.23491, 48.86464], [-125.23317, 48.8657], [-125.23155, 48.86673], [-125.22742, 48.86922], [-125.22577, 48.87012], [-125.22407, 48.87117], [-125.22247, 48.87216], [-125.22073, 48.87321], [-125.21924, 48.87431], [-125.21554, 48.87659], [-125.21358, 48.87715], [-125.21147, 48.87778], [-125.20957, 48.87848], [-125.20747, 48.87914], [-125.20559, 48.87987], [-125.20197, 48.8816], [-125.19985, 48.88205], [-125.19773, 48.8826], [-125.1958, 48.88331], [-125.19369, 48.88398], [-125.19176, 48.88464], [-125.18872, 48.88565], [-125.18668, 48.88602], [-125.18452, 48.8866], [-125.18257, 48.88723], [-125.18044, 48.88781], [-125.17845, 48.88843], [-125.17767, 48.88849], [-125.18101, 48.88757], [-125.18297, 48.88695], [-125.18505, 48.88631], [-125.18701, 48.88568], [-125.18822, 48.88495], [-125.19035, 48.88424], [-125.19253, 48.88369], [-125.19459, 48.88317], [-125.1968, 48.88269], [-125.19883, 48.88212], [-125.19956, 48.88097], [-125.19753, 48.88134], [-125.1954, 48.88195], [-125.19337, 48.88256], [-125.19127, 48.88319], [-125.18929, 48.88382], [-125.18858, 48.88316], [-125.18663, 48.88368], [-125.18469, 48.88443], [-125.18281, 48.88516], [-125.18094, 48.88601], [-125.1792, 48.88685], [-125.17963, 48.88571], [-125.18154, 48.88501], [-125.1837, 48.88457], [-125.18565, 48.884], [-125.18785, 48.8836], [-125.18979, 48.88306]]}, "properties": {"deployment": "dfo-eva035-20250411", "glider": "eva035", "group": "svi_shelf", "segment": 0, "n_points": 1891, "deployment_start": "2025-04-11", "deployment_month": "2025-04", "segment_start": "2025-04-11T18:32", "segment_end": "2025-04-29T00:56", "segment_month": "2025-04", "epoch_days": 412, "segment_epoch_days": 412}}, {"type": "Feature", "geometry": {"type": "LineString", "coordinates": [[-125.24436, 48.87445], [-125.24216, 48.87466], [-125.23999, 48.87499], [-125.2379, 48.87529], [-125.23575, 48.87561], [-125.23371, 48.87594]]}, "properties": {"deployment": "dfo-eva035-20250411", "glider": "eva035", "group": "svi_shelf", "segment": 1, "n_points": 6, "deployment_start": "2025-04-11", "deployment_month": "2025-04", "segment_start": "2025-04-29T01:19", "segment_end": "2025-04-29T01:56", "segment_month": "2025-04", "epoch_days": 412, "segment_epoch_days": 430}}, {"type": "Feature", "geometry": {"type": "LineString", "coordinates": [[-125.17826, 48.88453], [-125.18022, 48.88391], [-125.18237, 48.88358], [-125.18436, 48.88313], [-125.18652, 48.88283], [-125.18852, 48.8824], [-125.18962, 48.8823], [-125.19172, 48.88178], [-125.19396, 48.88147], [-125.19605, 48.88108], [-125.19831, 48.88082], [-125.20041, 48.88041], [-125.19993, 48.88089], [-125.19786, 48.88141], [-125.1958, 48.88201], [-125.19384, 48.88263], [-125.19177, 48.8833], [-125.18982, 48.88397], [-125.18706, 48.88548], [-125.18495, 48.88604], [-125.18293, 48.88675], [-125.18105, 48.8875], [-125.17901, 48.88819], [-125.17713, 48.8889], [-125.17498, 48.89015], [-125.17688, 48.88925], [-125.17895, 48.88855], [-125.18087, 48.88782], [-125.18302, 48.88721], [-125.18497, 48.88653], [-125.18455, 48.88767], [-125.18657, 48.88686], [-125.18882, 48.88634], [-125.1909, 48.88573], [-125.1931, 48.88508], [-125.19506, 48.88434], [-125.19434, 48.88449], [-125.19625, 48.88362], [-125.19838, 48.88296], [-125.20047, 48.8824], [-125.2027, 48.88182], [-125.20473, 48.88117], [-125.20395, 48.88111], [-125.20185, 48.88149], [-125.19968, 48.88212], [-125.19763, 48.88276], [-125.19541, 48.88332], [-125.19335, 48.88394], [-125.19189, 48.88441], [-125.19005, 48.88526], [-125.18789, 48.88586], [-125.18581, 48.88645], [-125.18363, 48.88708], [-125.18162, 48.88775], [-125.182, 48.88712], [-125.18398, 48.88628], [-125.18615, 48.88569], [-125.18821, 48.88513], [-125.1904, 48.88463], [-125.19243, 48.88403], [-125.19541, 48.88276], [-125.19768, 48.88237], [-125.19987, 48.88189], [-125.20183, 48.88126], [-125.20404, 48.88073], [-125.20617, 48.88023], [-125.20905, 48.87835], [-125.20728, 48.87922], [-125.20517, 48.87985], [-125.20322, 48.88053], [-125.20113, 48.88119], [-125.19913, 48.88183], [-125.20057, 48.88035], [-125.19894, 48.88126], [-125.19695, 48.88197], [-125.19495, 48.88258], [-125.1929, 48.88322], [-125.191, 48.88391], [-125.19232, 48.88288], [-125.19062, 48.88374], [-125.18867, 48.88445], [-125.18679, 48.88515], [-125.18484, 48.8859], [-125.18301, 48.88662], [-125.18454, 48.88538], [-125.18669, 48.88488], [-125.18883, 48.88448], [-125.19081, 48.88403], [-125.19295, 48.88361], [-125.19494, 48.88315], [-125.19766, 48.88211], [-125.19988, 48.88179], [-125.20204, 48.88141], [-125.20405, 48.88097], [-125.20621, 48.88051], [-125.20824, 48.88005], [-125.20875, 48.87966], [-125.20691, 48.8805], [-125.20488, 48.88113], [-125.20292, 48.88174], [-125.20081, 48.88229], [-125.19886, 48.8829], [-125.19721, 48.88391], [-125.19536, 48.88465], [-125.19324, 48.88516], [-125.19121, 48.88569], [-125.18907, 48.8862], [-125.1871, 48.88678], [-125.18597, 48.88751], [-125.1881, 48.88692], [-125.19016, 48.8863], [-125.19203, 48.88564], [-125.19414, 48.88506], [-125.19606, 48.88444], [-125.19611, 48.88505], [-125.19813, 48.88435], [-125.20021, 48.88369], [-125.20207, 48.88297], [-125.20415, 48.88232], [-125.20605, 48.88159], [-125.20482, 48.88268], [-125.20293, 48.88343], [-125.20073, 48.88397], [-125.19867, 48.88458], [-125.1965, 48.88515], [-125.19445, 48.88576], [-125.19177, 48.88711], [-125.1898, 48.88773], [-125.18751, 48.88807], [-125.18537, 48.88851], [-125.18311, 48.88882], [-125.18102, 48.88931], [-125.18043, 48.88998], [-125.18254, 48.88947], [-125.18463, 48.88885], [-125.18652, 48.88815], [-125.18858, 48.88746], [-125.19046, 48.8867], [-125.19209, 48.88634], [-125.19406, 48.88564], [-125.19612, 48.8849], [-125.198, 48.88413], [-125.20011, 48.88346], [-125.20198, 48.88271], [-125.20243, 48.88237], [-125.20033, 48.88306], [-125.19813, 48.88352], [-125.19607, 48.88402], [-125.19394, 48.88459], [-125.1919, 48.88514], [-125.19131, 48.88473], [-125.18944, 48.88551], [-125.18735, 48.88614], [-125.18538, 48.88675], [-125.18325, 48.88733], [-125.18124, 48.88792], [-125.18175, 48.88693], [-125.18383, 48.88632], [-125.18597, 48.88578], [-125.18788, 48.88517], [-125.19002, 48.88469], [-125.19197, 48.88412], [-125.19552, 48.88247], [-125.19895, 48.88174], [-125.20095, 48.88123], [-125.20315, 48.88083], [-125.20519, 48.88033], [-125.20585, 48.87947], [-125.20399, 48.88027], [-125.20198, 48.88094], [-125.20002, 48.88154], [-125.198, 48.88221], [-125.19608, 48.88284], [-125.19418, 48.88284], [-125.19243, 48.8837], [-125.19042, 48.88437], [-125.18842, 48.88491], [-125.18632, 48.88545], [-125.18441, 48.88605], [-125.18227, 48.88552], [-125.18399, 48.88516], [-125.18597, 48.88475], [-125.18786, 48.88414], [-125.18999, 48.88365], [-125.19194, 48.88306], [-125.19201, 48.88308], [-125.19419, 48.88266], [-125.1964, 48.88227], [-125.19846, 48.88174], [-125.20067, 48.8813], [-125.20267, 48.88073], [-125.20164, 48.88122], [-125.19972, 48.88203], [-125.19763, 48.88268], [-125.1956, 48.88326], [-125.19347, 48.88389], [-125.19146, 48.88453], [-125.188, 48.88588], [-125.18599, 48.88663], [-125.18382, 48.88717], [-125.18175, 48.88771], [-125.17957, 48.88824], [-125.17757, 48.8888], [-125.1763, 48.88978], [-125.17943, 48.8889], [-125.18132, 48.88821], [-125.18345, 48.88763], [-125.18539, 48.88701], [-125.18555, 48.88755], [-125.18747, 48.88716], [-125.1896, 48.88649], [-125.19148, 48.88578], [-125.19363, 48.88518], [-125.19553, 48.88444], [-125.19602, 48.88473], [-125.198, 48.88435], [-125.2001, 48.88365], [-125.20199, 48.88288], [-125.20413, 48.88225], [-125.20613, 48.88156], [-125.20641, 48.88124], [-125.2042, 48.88185], [-125.20203, 48.88237], [-125.20001, 48.88301], [-125.19782, 48.88355], [-125.19582, 48.88417], [-125.19533, 48.88405], [-125.19318, 48.88458], [-125.19099, 48.88509], [-125.18897, 48.88571], [-125.1868, 48.88621], [-125.18481, 48.88682], [-125.18612, 48.88576], [-125.18818, 48.88512], [-125.19032, 48.88461], [-125.19234, 48.88411], [-125.19441, 48.88351], [-125.19632, 48.88286], [-125.19975, 48.8814], [-125.20193, 48.88086], [-125.20416, 48.88051], [-125.20622, 48.88009], [-125.2084, 48.87966], [-125.21048, 48.87922], [-125.21313, 48.87801], [-125.21116, 48.87843], [-125.20904, 48.87901], [-125.20705, 48.87953], [-125.20496, 48.8801], [-125.203, 48.88057], [-125.2036, 48.8798], [-125.20149, 48.88048], [-125.19933, 48.88122], [-125.19723, 48.88192], [-125.19499, 48.88256], [-125.19292, 48.88324], [-125.19142, 48.88297], [-125.18943, 48.8835]]}, "properties": {"deployment": "dfo-eva035-20250411", "glider": "eva035", "group": "svi_shelf", "segment": 2, "n_points": 258, "deployment_start": "2025-04-11", "deployment_month": "2025-04", "segment_start": "2025-04-29T02:11", "segment_end": "2025-04-30T15:38", "segment_month": "2025-04", "epoch_days": 412, "segment_epoch_days": 430}}, {"type": "Feature", "geometry": {"type": "LineString", "coordinates": [[-125.22898, 48.86343], [-125.23, 48.86324], [-125.2324, 48.86305], [-125.23425, 48.86269], [-125.23718, 48.86251], [-125.23872, 48.86222], [-125.24111, 48.86262], [-125.24282, 48.86213], [-125.2444, 48.86168], [-125.24598, 48.86123], [-125.24767, 48.86052], [-125.24889, 48.8597], [-125.25006, 48.85893], [-125.2512, 48.85816], [-125.25207, 48.85707], [-125.25255, 48.856], [-125.25298, 48.85502], [-125.25342, 48.85404], [-125.25373, 48.85282], [-125.25409, 48.85159], [-125.25438, 48.85061], [-125.25467, 48.84965], [-125.25502, 48.84817], [-125.25549, 48.84707], [-125.25593, 48.84601], [-125.25638, 48.84495], [-125.25654, 48.84363], [-125.25685, 48.84244], [-125.25714, 48.8413], [-125.25744, 48.84015], [-125.25768, 48.83831], [-125.25888, 48.83693], [-125.26001, 48.83563], [-125.26108, 48.8344], [-125.26195, 48.83258], [-125.26248, 48.83093], [-125.26298, 48.82938], [-125.26346, 48.82788], [-125.26378, 48.82584], [-125.2638, 48.82415], [-125.26382, 48.82262], [-125.26384, 48.82112], [-125.26382, 48.8193], [-125.26361, 48.81754], [-125.26341, 48.81594], [-125.26322, 48.81436], [-125.26341, 48.81239], [-125.26312, 48.81062], [-125.26282, 48.80888], [-125.26254, 48.80717], [-125.26244, 48.80457], [-125.26214, 48.80269], [-125.26185, 48.80087], [-125.26155, 48.79902], [-125.26231, 48.79642], [-125.26296, 48.79463], [-125.26359, 48.79292], [-125.26418, 48.79129], [-125.26541, 48.78913], [-125.26612, 48.78748], [-125.26675, 48.78602], [-125.26733, 48.78465], [-125.2694, 48.78314], [-125.27135, 48.78249], [-125.27274, 48.78203], [-125.27419, 48.78156], [-125.27568, 48.78106], [-125.27717, 48.78057], [-125.27864, 48.78008], [-125.28011, 48.7796], [-125.28157, 48.77912], [-125.28302, 48.77864], [-125.28449, 48.77815], [-125.28592, 48.77768], [-125.28732, 48.77722], [-125.28875, 48.77674], [-125.2902, 48.77626], [-125.29165, 48.77579], [-125.29309, 48.77531], [-125.29446, 48.77486], [-125.29588, 48.77439], [-125.29736, 48.7739], [-125.29955, 48.77312], [-125.30149, 48.77288], [-125.30331, 48.77266], [-125.30519, 48.77243], [-125.30705, 48.7722], [-125.30887, 48.77198], [-125.31072, 48.77176], [-125.31255, 48.77153], [-125.31437, 48.77131], [-125.31623, 48.77108], [-125.31812, 48.77085], [-125.32005, 48.77062], [-125.32194, 48.77039], [-125.3238, 48.77016], [-125.32575, 48.76992], [-125.32766, 48.76969], [-125.32953, 48.76946], [-125.33143, 48.76923], [-125.33337, 48.76899], [-125.33528, 48.76876], [-125.33833, 48.76839], [-125.34091, 48.76832], [-125.34327, 48.76826], [-125.34561, 48.7682], [-125.34797, 48.76813], [-125.35033, 48.76807], [-125.35272, 48.768], [-125.35512, 48.76794], [-125.35758, 48.76787], [-125.36005, 48.7678], [-125.36255, 48.76773], [-125.36503, 48.76767], [-125.36748, 48.7676], [-125.36991, 48.76753], [-125.37239, 48.76747], [-125.37507, 48.76739], [-125.37775, 48.76732], [-125.38036, 48.76725], [-125.38301, 48.76718], [-125.38551, 48.76711], [-125.38906, 48.76716], [-125.39237, 48.76691], [-125.39548, 48.76668], [-125.3985, 48.76646], [-125.40157, 48.76623], [-125.40473, 48.76599], [-125.4078, 48.76576], [-125.41074, 48.76554], [-125.41369, 48.76532], [-125.41663, 48.7651], [-125.41969, 48.76487], [-125.42273, 48.76465], [-125.4258, 48.76442], [-125.42878, 48.7642], [-125.4317, 48.76398], [-125.43484, 48.76374], [-125.43803, 48.76351], [-125.44118, 48.76327], [-125.44439, 48.76303], [-125.4475, 48.7628], [-125.45186, 48.76209], [-125.45505, 48.76137], [-125.45833, 48.76064], [-125.46164, 48.7599], [-125.46496, 48.75916], [-125.46823, 48.75843], [-125.47252, 48.75768], [-125.47594, 48.75718], [-125.47959, 48.75665], [-125.48325, 48.75611], [-125.48691, 48.75558], [-125.49059, 48.75504], [-125.49571, 48.75446], [-125.49952, 48.7539], [-125.50348, 48.75333], [-125.50762, 48.75272], [-125.51183, 48.75211], [-125.51596, 48.75151], [-125.52222, 48.75095], [-125.52688, 48.75054], [-125.53162, 48.75013], [-125.53633, 48.74971], [-125.54115, 48.74929], [-125.54586, 48.74888], [-125.55267, 48.74832], [-125.55783, 48.74776], [-125.56292, 48.7472], [-125.56818, 48.74662], [-125.57304, 48.74609], [-125.57764, 48.74558], [-125.5851, 48.7451], [-125.59079, 48.74451], [-125.59668, 48.74389], [-125.60265, 48.74327], [-125.60847, 48.74266], [-125.61436, 48.74204], [-125.62261, 48.74204], [-125.62838, 48.74092], [-125.63421, 48.73978], [-125.63999, 48.73865], [-125.64579, 48.73752], [-125.65162, 48.73638], [-125.65751, 48.7369], [-125.66219, 48.73574], [-125.66694, 48.73455], [-125.67176, 48.73335], [-125.67653, 48.73216], [-125.68132, 48.73097], [-125.68628, 48.72973], [-125.69127, 48.72849], [-125.69661, 48.72716], [-125.70209, 48.72579], [-125.70807, 48.7243], [-125.71444, 48.72271], [-125.72076, 48.72113], [-125.72696, 48.71959], [-125.73282, 48.71813], [-125.7385, 48.71671], [-125.74392, 48.71536], [-125.74908, 48.71407], [-125.75431, 48.71277], [-125.75953, 48.71147], [-125.76298, 48.70975], [-125.76478, 48.70831], [-125.7665, 48.70695], [-125.76811, 48.70567], [-125.76965, 48.70445], [-125.77114, 48.70326], [-125.77252, 48.70217], [-125.77372, 48.70121], [-125.77481, 48.70035], [-125.77586, 48.69951], [-125.77692, 48.69867], [-125.77798, 48.69782], [-125.77907, 48.69696], [-125.78019, 48.69607], [-125.78126, 48.69522], [-125.78229, 48.6944], [-125.78324, 48.69365], [-125.78413, 48.69294], [-125.78503, 48.69222], [-125.78592, 48.69152], [-125.78649, 48.6898], [-125.78718, 48.68889], [-125.7878, 48.68809], [-125.78843, 48.68726], [-125.78905, 48.68646], [-125.78958, 48.68577], [-125.79009, 48.6851], [-125.7906, 48.68444], [-125.7911, 48.68379], [-125.79159, 48.68314], [-125.79211, 48.68247], [-125.79262, 48.68181], [-125.79312, 48.68115], [-125.79362, 48.6805], [-125.79412, 48.67985], [-125.79463, 48.67918], [-125.79515, 48.67851], [-125.79566, 48.67785], [-125.79615, 48.6772], [-125.79662, 48.67659], [-125.79807, 48.67521], [-125.79916, 48.67465], [-125.80013, 48.67415], [-125.80115, 48.67362], [-125.80224, 48.67306], [-125.80332, 48.67251], [-125.8044, 48.67195], [-125.80549, 48.67139], [-125.80657, 48.67083], [-125.80766, 48.67027], [-125.80875, 48.66971], [-125.80983, 48.66916], [-125.81092, 48.66859], [-125.81199, 48.66804], [-125.81309, 48.66748], [-125.81418, 48.66691], [-125.81526, 48.66636], [-125.81638, 48.66578], [-125.81753, 48.66519], [-125.81863, 48.66462], [-125.82066, 48.66318], [-125.8221, 48.66253], [-125.82356, 48.66188], [-125.82499, 48.66124], [-125.8264, 48.6606], [-125.82782, 48.65997], [-125.8293, 48.6593], [-125.8308, 48.65863], [-125.83223, 48.65799], [-125.83362, 48.65737], [-125.83507, 48.65672], [-125.83653, 48.65606], [-125.83798, 48.65541], [-125.8394, 48.65478], [-125.84087, 48.65412], [-125.84233, 48.65346], [-125.84375, 48.65282], [-125.84518, 48.65218], [-125.84671, 48.6515], [-125.84823, 48.65082], [-125.85159, 48.6502], [-125.85354, 48.64981], [-125.85544, 48.64942], [-125.85735, 48.64904], [-125.85934, 48.64864], [-125.86134, 48.64823], [-125.86332, 48.64784], [-125.86528, 48.64744], [-125.86732, 48.64703], [-125.86938, 48.64661], [-125.87149, 48.64619], [-125.87358, 48.64577], [-125.87573, 48.64533], [-125.8779, 48.6449], [-125.88005, 48.64446], [-125.88215, 48.64404], [-125.8843, 48.64361], [-125.88649, 48.64317], [-125.88877, 48.64271], [-125.891, 48.64226], [-125.89524, 48.64253], [-125.89786, 48.64229], [-125.90054, 48.64206], [-125.90325, 48.64182], [-125.90601, 48.64157], [-125.90872, 48.64133], [-125.91151, 48.64109], [-125.91439, 48.64083], [-125.91734, 48.64057], [-125.92024, 48.64031], [-125.92317, 48.64006], [-125.92607, 48.6398], [-125.92908, 48.63953], [-125.93213, 48.63926], [-125.93529, 48.63898], [-125.93857, 48.63869], [-125.94188, 48.6384], [-125.94507, 48.63812], [-125.94831, 48.63783], [-125.95161, 48.63754], [-125.9561, 48.63664], [-125.95942, 48.63578], [-125.96276, 48.63493], [-125.96612, 48.63406], [-125.96957, 48.63318], [-125.97298, 48.6323], [-125.97834, 48.63111], [-125.98186, 48.63041], [-125.98551, 48.62969], [-125.98917, 48.62897], [-125.99286, 48.62824], [-125.99645, 48.62753], [-126.00158, 48.62636], [-126.00525, 48.62571], [-126.00908, 48.62502], [-126.0129, 48.62434], [-126.01672, 48.62366], [-126.0205, 48.62298], [-126.02561, 48.62218], [-126.02961, 48.62155], [-126.03337, 48.62096], [-126.03707, 48.62038], [-126.04078, 48.61979], [-126.04446, 48.61921], [-126.05, 48.61864], [-126.05378, 48.61818], [-126.05755, 48.61772], [-126.06138, 48.61725], [-126.06523, 48.61679], [-126.06914, 48.61631], [-126.07488, 48.61716], [-126.0787, 48.61687], [-126.08258, 48.61657], [-126.08648, 48.61627], [-126.09045, 48.61596], [-126.09449, 48.61565], [-126.09872, 48.61592], [-126.10192, 48.61556], [-126.10522, 48.61518], [-126.10858, 48.6148], [-126.11203, 48.61441], [-126.11538, 48.61404], [-126.1186, 48.61348], [-126.12164, 48.61272], [-126.12463, 48.61198], [-126.12766, 48.61123], [-126.1308, 48.61045], [-126.134, 48.60965], [-126.13693, 48.6083], [-126.14001, 48.60717], [-126.14323, 48.60599], [-126.14647, 48.6048], [-126.14992, 48.60354], [-126.15342, 48.60226], [-126.15771, 48.59972], [-126.16223, 48.59816], [-126.17145, 48.59499], [-126.18378, 48.59074], [-126.19977, 48.58523], [-126.21845, 48.5788], [-126.2384, 48.57117], [-126.2595, 48.56476], [-126.27849, 48.55898], [-126.29629, 48.55357], [-126.31499, 48.54788], [-126.3341, 48.54207], [-126.36106, 48.53451], [-126.39042, 48.52858], [-126.41971, 48.52267], [-126.44886, 48.51678], [-126.47828, 48.51084], [-126.50764, 48.50491], [-126.50001, 48.50528], [-126.46797, 48.51127], [-126.43541, 48.51736], [-126.40328, 48.52337], [-126.37136, 48.52934], [-126.33908, 48.53538], [-126.33343, 48.53233], [-126.34321, 48.52705]]}, "properties": {"deployment": "dfo-eva035-20250501", "glider": "eva035", "group": "svi_shelf", "segment": 0, "n_points": 404, "deployment_start": "2025-05-01", "deployment_month": "2025-05", "segment_start": "2025-05-01T19:00", "segment_end": "2025-05-05T07:21", "segment_month": "2025-05", "epoch_days": 432, "segment_epoch_days": 432}}, {"type": "Feature", "geometry": {"type": "LineString", "coordinates": [[-126.3673, 48.47376], [-126.39334, 48.46466], [-126.41877, 48.45577], [-126.44387, 48.447], [-126.46964, 48.43799], [-126.49547, 48.42896], [-126.49203, 48.41723], [-126.4659, 48.40377], [-126.44048, 48.39068], [-126.41518, 48.37764], [-126.3894, 48.36436], [-126.36371, 48.35112], [-126.33861, 48.33522], [-126.31476, 48.32189], [-126.29039, 48.30828], [-126.26618, 48.29475], [-126.24251, 48.28153], [-126.21872, 48.26824], [-126.19487, 48.25281], [-126.17252, 48.23742], [-126.15032, 48.22212], [-126.12841, 48.20703], [-126.10821, 48.19311], [-126.08868, 48.17965], [-126.06514, 48.16648], [-126.04045, 48.15678], [-126.01313, 48.15628], [-125.98666, 48.16671], [-125.96422, 48.17556], [-125.94466, 48.18327], [-125.92557, 48.1908], [-125.90683, 48.19819], [-125.88887, 48.20257], [-125.87433, 48.20911], [-125.86151, 48.21488], [-125.85001, 48.22005], [-125.83957, 48.22476], [-125.83028, 48.22894], [-125.82054, 48.23321], [-125.81163, 48.2368], [-125.80397, 48.2399], [-125.79727, 48.2426], [-125.79067, 48.24526], [-125.7844, 48.24779], [-125.77711, 48.25051], [-125.77041, 48.25357], [-125.76473, 48.25617], [-125.75982, 48.25841], [-125.75404, 48.26105], [-125.74775, 48.26393], [-125.74012, 48.26611], [-125.73547, 48.26874], [-125.73159, 48.27093], [-125.72825, 48.27282], [-125.72338, 48.27558], [-125.71749, 48.27891], [-125.71072, 48.28039], [-125.70558, 48.28219], [-125.70093, 48.28382], [-125.69682, 48.28526], [-125.69267, 48.28672], [-125.68856, 48.28816], [-125.68457, 48.28956], [-125.68053, 48.29098], [-125.67641, 48.29243], [-125.67226, 48.29388], [-125.66808, 48.29535], [-125.66397, 48.29679], [-125.65997, 48.2982], [-125.65585, 48.29964], [-125.65174, 48.30108], [-125.64782, 48.30246], [-125.64391, 48.30383], [-125.64004, 48.30519], [-125.6361, 48.30657], [-125.63218, 48.30795], [-125.62526, 48.30879], [-125.62107, 48.30998], [-125.61683, 48.31118], [-125.61274, 48.31234], [-125.60857, 48.31352], [-125.60448, 48.31468], [-125.60027, 48.31587], [-125.59598, 48.31708], [-125.5918, 48.31827], [-125.58759, 48.31946], [-125.5834, 48.32064], [-125.57927, 48.32181], [-125.5751, 48.32299], [-125.57099, 48.32416], [-125.56689, 48.32532], [-125.56262, 48.32653], [-125.5584, 48.32772], [-125.55415, 48.32892], [-125.54986, 48.33014], [-125.54574, 48.3313], [-125.54127, 48.33207], [-125.53819, 48.33334], [-125.53499, 48.33467], [-125.53182, 48.33598], [-125.52872, 48.33727], [-125.52553, 48.33859], [-125.52226, 48.33994], [-125.51905, 48.34127], [-125.51577, 48.34263], [-125.51248, 48.344], [-125.50917, 48.34537], [-125.5059, 48.34672], [-125.50272, 48.34804], [-125.49957, 48.34934], [-125.4964, 48.35065], [-125.49324, 48.35197], [-125.4901, 48.35327], [-125.48698, 48.35456], [-125.48384, 48.35586], [-125.48073, 48.35715], [-125.4783, 48.35961], [-125.47627, 48.36153], [-125.47431, 48.36338], [-125.47235, 48.36523], [-125.47031, 48.36715], [-125.46831, 48.36904], [-125.46632, 48.37092], [-125.46428, 48.37285], [-125.46251, 48.37452], [-125.46093, 48.37601], [-125.45902, 48.37782], [-125.45697, 48.37975], [-125.45499, 48.38162], [-125.45303, 48.38347], [-125.45094, 48.38544], [-125.44874, 48.38752], [-125.44654, 48.3896], [-125.44433, 48.39168], [-125.44205, 48.39384], [-125.4398, 48.39597], [-125.43654, 48.39883], [-125.43383, 48.40102], [-125.43126, 48.4031], [-125.42876, 48.40511], [-125.42623, 48.40715], [-125.4237, 48.40919], [-125.42118, 48.41123], [-125.41861, 48.4133], [-125.41577, 48.41559], [-125.4128, 48.418], [-125.40985, 48.42037], [-125.40685, 48.4228], [-125.40379, 48.42526], [-125.40069, 48.42776], [-125.39751, 48.43033], [-125.3944, 48.43284], [-125.3914, 48.43526], [-125.38841, 48.43767], [-125.3854, 48.4401], [-125.38237, 48.44255], [-125.37746, 48.44519], [-125.37345, 48.44676], [-125.36963, 48.44826], [-125.36586, 48.44974], [-125.36203, 48.45125], [-125.35821, 48.45275], [-125.35435, 48.45426], [-125.35046, 48.45579], [-125.34665, 48.45728], [-125.34284, 48.45878], [-125.33908, 48.46026], [-125.33535, 48.46172], [-125.33161, 48.46319], [-125.32791, 48.46464], [-125.3241, 48.46614], [-125.32022, 48.46766], [-125.31654, 48.4691], [-125.31285, 48.47055], [-125.30996, 48.47169], [-125.30793, 48.47249], [-125.3049, 48.47369], [-125.30345, 48.47503], [-125.30222, 48.47616], [-125.30109, 48.47721], [-125.29947, 48.4787], [-125.29743, 48.48059], [-125.29537, 48.48249], [-125.29336, 48.48435], [-125.29189, 48.48571], [-125.29085, 48.48667], [-125.28927, 48.48813], [-125.28725, 48.49], [-125.28529, 48.49181], [-125.28336, 48.49359], [-125.28161, 48.49521], [-125.28006, 48.49664], [-125.2783, 48.49826], [-125.27635, 48.50006], [-125.27435, 48.50192], [-125.27242, 48.5037], [-125.27174, 48.50448], [-125.26963, 48.50638], [-125.26751, 48.50828], [-125.26539, 48.51019], [-125.2636, 48.5118], [-125.26199, 48.51325], [-125.2601, 48.51494], [-125.25811, 48.51673], [-125.25606, 48.51858], [-125.25397, 48.52045], [-125.25202, 48.5222], [-125.25019, 48.52385], [-125.24835, 48.5255], [-125.24654, 48.52713], [-125.24477, 48.52871], [-125.24305, 48.53026], [-125.24144, 48.5317], [-125.23986, 48.53312], [-125.23825, 48.53457], [-125.23664, 48.53602], [-125.23475, 48.53777], [-125.23269, 48.5387], [-125.2306, 48.53964], [-125.22847, 48.5406], [-125.22621, 48.54162], [-125.22394, 48.54264], [-125.22164, 48.54367], [-125.21913, 48.5448], [-125.21677, 48.54587], [-125.21458, 48.54685], [-125.21244, 48.54782], [-125.21034, 48.54876], [-125.20831, 48.54968], [-125.20632, 48.55058], [-125.20422, 48.55152], [-125.20219, 48.55243], [-125.20025, 48.55331], [-125.19828, 48.5542], [-125.19629, 48.55509], [-125.19434, 48.55597], [-125.19245, 48.55717], [-125.1914, 48.55817], [-125.19036, 48.55915], [-125.18933, 48.56013], [-125.18828, 48.56111], [-125.18725, 48.56209], [-125.18621, 48.56307], [-125.1852, 48.56403], [-125.18421, 48.56497], [-125.18319, 48.56593], [-125.18216, 48.56691], [-125.18113, 48.56788], [-125.18009, 48.56887], [-125.17906, 48.56984], [-125.17804, 48.5708], [-125.17701, 48.57178], [-125.17595, 48.57278], [-125.17491, 48.57376], [-125.17389, 48.57473], [-125.1729, 48.57567], [-125.17189, 48.57705], [-125.17126, 48.57824], [-125.17065, 48.5794], [-125.17004, 48.58055], [-125.1694, 48.58175], [-125.16877, 48.58294], [-125.16814, 48.58414], [-125.16746, 48.58541], [-125.16677, 48.58672], [-125.16611, 48.58798], [-125.16542, 48.58927], [-125.16473, 48.59058], [-125.16405, 48.59186], [-125.16335, 48.59317], [-125.16265, 48.5945], [-125.16196, 48.5958], [-125.16127, 48.59711], [-125.16056, 48.59845], [-125.15988, 48.59973], [-125.15922, 48.60098], [-125.15822, 48.60323], [-125.15661, 48.60472], [-125.15504, 48.60618], [-125.15354, 48.60757], [-125.15213, 48.60887], [-125.15076, 48.61014], [-125.14941, 48.61139], [-125.14812, 48.61259], [-125.14676, 48.61384], [-125.14553, 48.61498], [-125.14424, 48.61618], [-125.14308, 48.61725], [-125.14065, 48.61877], [-125.13826, 48.61968], [-125.1358, 48.62062], [-125.13335, 48.62155], [-125.13098, 48.62246], [-125.12864, 48.62334], [-125.12627, 48.62425], [-125.12394, 48.62514], [-125.12167, 48.626], [-125.11944, 48.62685], [-125.11724, 48.62769], [-125.1151, 48.62851], [-125.11124, 48.6296], [-125.10842, 48.63034], [-125.10548, 48.63111], [-125.10263, 48.63185], [-125.09995, 48.63255], [-125.09731, 48.63323], [-125.09466, 48.63393], [-125.09208, 48.6346], [-125.08963, 48.63524], [-125.08723, 48.63586], [-125.08512, 48.63642], [-125.08326, 48.6369], [-125.08158, 48.63783], [-125.08197, 48.63858], [-125.08237, 48.63934], [-125.08277, 48.6401], [-125.08315, 48.64083], [-125.08353, 48.64155], [-125.08391, 48.64227], [-125.08427, 48.64296], [-125.08464, 48.64368], [-125.08501, 48.64438], [-125.08537, 48.64505], [-125.08571, 48.64571], [-125.0854, 48.64645], [-125.08567, 48.64705], [-125.08594, 48.64766], [-125.08622, 48.64828], [-125.0865, 48.64889], [-125.08677, 48.6495], [-125.08705, 48.65011], [-125.08731, 48.65071], [-125.08759, 48.65132], [-125.08786, 48.65192], [-125.08813, 48.65253], [-125.0884, 48.65312], [-125.08855, 48.6536], [-125.08903, 48.65406], [-125.08949, 48.65451], [-125.08994, 48.65495], [-125.09041, 48.6554], [-125.09089, 48.65586], [-125.09136, 48.65632], [-125.09184, 48.65678], [-125.09232, 48.65724], [-125.09279, 48.6577], [-125.09326, 48.65815], [-125.09372, 48.6586], [-125.09418, 48.65883], [-125.09479, 48.65928], [-125.09541, 48.65974], [-125.09601, 48.66019], [-125.09663, 48.66065], [-125.09724, 48.6611], [-125.09784, 48.66155], [-125.09844, 48.66199], [-125.09902, 48.66242], [-125.0996, 48.66285], [-125.10016, 48.66327], [-125.1007, 48.66367], [-125.10155, 48.66407], [-125.10221, 48.66453], [-125.10287, 48.665], [-125.10352, 48.66545], [-125.10418, 48.66592], [-125.10485, 48.66639], [-125.10552, 48.66687], [-125.10618, 48.66733], [-125.10684, 48.6678], [-125.10753, 48.66828], [-125.1082, 48.66875], [-125.10884, 48.6692], [-125.10997, 48.67004], [-125.11088, 48.67054], [-125.11181, 48.67105], [-125.11275, 48.67157], [-125.11365, 48.67207], [-125.11453, 48.67256], [-125.11546, 48.67307], [-125.11638, 48.67358], [-125.11721, 48.67404], [-125.11806, 48.67451], [-125.11894, 48.675], [-125.11975, 48.67545], [-125.12036, 48.67593], [-125.12123, 48.67649], [-125.12215, 48.6771], [-125.12307, 48.6777], [-125.124, 48.67831], [-125.12494, 48.67893], [-125.12584, 48.67952], [-125.12673, 48.68011], [-125.12763, 48.68069], [-125.12849, 48.68126], [-125.12937, 48.68184], [-125.13024, 48.6824], [-125.13168, 48.68329], [-125.13275, 48.68389], [-125.13379, 48.68448], [-125.13481, 48.68506], [-125.13586, 48.68565], [-125.13688, 48.68623], [-125.13793, 48.68683], [-125.13898, 48.68743], [-125.14001, 48.68801], [-125.14104, 48.68859], [-125.14204, 48.68916], [-125.14301, 48.68971], [-125.14445, 48.69038], [-125.14542, 48.6909], [-125.14643, 48.69145], [-125.14745, 48.69201], [-125.1485, 48.69258], [-125.14956, 48.69315], [-125.15063, 48.69374], [-125.15169, 48.69432], [-125.15272, 48.69488], [-125.15376, 48.69545], [-125.15485, 48.69604], [-125.1559, 48.69661], [-125.15756, 48.69759], [-125.15867, 48.69823], [-125.15977, 48.69886], [-125.16085, 48.69947], [-125.16194, 48.70009], [-125.16301, 48.7007], [-125.16408, 48.70132], [-125.16515, 48.70192], [-125.1662, 48.70252], [-125.16721, 48.7031], [-125.16824, 48.70369], [-125.16925, 48.70426], [-125.17064, 48.70496], [-125.17189, 48.70552], [-125.173, 48.70601], [-125.17412, 48.70651], [-125.17525, 48.70701], [-125.17637, 48.70751], [-125.17751, 48.70801], [-125.17866, 48.70852], [-125.17985, 48.70905], [-125.18105, 48.70959], [-125.18229, 48.71014], [-125.1835, 48.71068], [-125.1848, 48.71114], [-125.18564, 48.71146], [-125.18684, 48.71192], [-125.18808, 48.71239], [-125.18929, 48.71285], [-125.1905, 48.71332], [-125.19172, 48.71378], [-125.19295, 48.71425], [-125.19419, 48.71473], [-125.19541, 48.7152], [-125.19664, 48.71566], [-125.19782, 48.71612], [-125.19934, 48.71644], [-125.20075, 48.71693], [-125.20203, 48.71738], [-125.20328, 48.71782], [-125.20451, 48.71825], [-125.20573, 48.71867], [-125.20697, 48.7191], [-125.20823, 48.71954], [-125.20946, 48.71997], [-125.21068, 48.7204], [-125.21193, 48.72083], [-125.21319, 48.72127], [-125.21498, 48.72159], [-125.21628, 48.72209], [-125.21738, 48.7225], [-125.21845, 48.72291], [-125.2196, 48.72334], [-125.22078, 48.72379], [-125.22193, 48.72423], [-125.22306, 48.72466], [-125.22424, 48.72511], [-125.22544, 48.72556], [-125.22666, 48.72603], [-125.22783, 48.72647], [-125.22942, 48.72696], [-125.23055, 48.72739], [-125.23153, 48.72777], [-125.23238, 48.7281], [-125.23344, 48.72851], [-125.23461, 48.72897], [-125.23575, 48.7294], [-125.23689, 48.72984], [-125.23803, 48.73029], [-125.23917, 48.73073], [-125.24033, 48.73118], [-125.24142, 48.7316], [-125.24257, 48.73132], [-125.24359, 48.73161], [-125.24459, 48.73189], [-125.24556, 48.73217], [-125.24727, 48.73253], [-125.24822, 48.73294], [-125.24913, 48.73333], [-125.25003, 48.73372], [-125.25139, 48.734], [-125.2525, 48.73443], [-125.25344, 48.73479], [-125.25433, 48.73513], [-125.25591, 48.73544], [-125.25689, 48.73581], [-125.25784, 48.73617], [-125.25876, 48.73651], [-125.26038, 48.73677], [-125.26124, 48.73707], [-125.26216, 48.73738], [-125.26306, 48.7377], [-125.26466, 48.73802], [-125.26572, 48.7385], [-125.26666, 48.73893], [-125.26756, 48.73935], [-125.27009, 48.73906], [-125.27108, 48.73961], [-125.27194, 48.74009], [-125.27277, 48.74056], [-125.2746, 48.74105], [-125.27562, 48.74167], [-125.27648, 48.74218], [-125.27731, 48.74268], [-125.27924, 48.74333], [-125.28036, 48.74395], [-125.28135, 48.7445], [-125.28233, 48.74505], [-125.28612, 48.74567], [-125.28963, 48.74631], [-125.29219, 48.74678], [-125.29467, 48.74724], [-125.29738, 48.74774], [-125.30029, 48.74827], [-125.30326, 48.74881], [-125.30623, 48.74936], [-125.30913, 48.74989], [-125.31202, 48.75042], [-125.31488, 48.75094], [-125.31773, 48.75146], [-125.32065, 48.752], [-125.32354, 48.75253], [-125.32584, 48.75295], [-125.32765, 48.75328], [-125.33005, 48.75372], [-125.33292, 48.75425], [-125.33582, 48.75478], [-125.33869, 48.75531], [-125.34352, 48.75654], [-125.34676, 48.75709], [-125.35008, 48.75766], [-125.35338, 48.75822], [-125.35666, 48.75878], [-125.3598, 48.75932], [-125.36293, 48.75985], [-125.36621, 48.76041], [-125.36965, 48.761], [-125.37305, 48.76158], [-125.37632, 48.76214], [-125.37966, 48.76271], [-125.38323, 48.76332], [-125.38661, 48.76389], [-125.39007, 48.76448], [-125.39354, 48.76507], [-125.39702, 48.76567], [-125.40053, 48.76627], [-125.40413, 48.76688], [-125.40766, 48.76749], [-125.41259, 48.76824], [-125.41599, 48.76812], [-125.41914, 48.76801], [-125.42232, 48.7679], [-125.4256, 48.76778], [-125.42888, 48.76767], [-125.43201, 48.76756], [-125.43505, 48.76745], [-125.4382, 48.76734], [-125.44152, 48.76722], [-125.44483, 48.76711], [-125.44813, 48.76699], [-125.45147, 48.76687], [-125.45479, 48.76676], [-125.45825, 48.76664], [-125.46173, 48.76651], [-125.46517, 48.76639], [-125.46857, 48.76627], [-125.47207, 48.76615], [-125.47556, 48.76603], [-125.47899, 48.7655], [-125.48153, 48.7646], [-125.48405, 48.76369], [-125.48662, 48.76278], [-125.48924, 48.76184], [-125.49183, 48.76092], [-125.49446, 48.75952], [-125.49662, 48.75829], [-125.49883, 48.75702], [-125.50108, 48.75574], [-125.50333, 48.75446], [-125.50553, 48.75321], [-125.50809, 48.75154], [-125.51062, 48.75028], [-125.51321, 48.74899], [-125.51583, 48.74769], [-125.51846, 48.74638], [-125.52105, 48.74509], [-125.52413, 48.7434], [-125.52699, 48.74233], [-125.52996, 48.74122], [-125.53301, 48.74008], [-125.53615, 48.7389], [-125.53924, 48.73775], [-125.54309, 48.73628], [-125.5464, 48.73546], [-125.54983, 48.73463], [-125.55333, 48.73377], [-125.55689, 48.7329], [-125.56048, 48.73202], [-125.56522, 48.73089], [-125.56872, 48.73029], [-125.57215, 48.7297], [-125.57549, 48.72912], [-125.57881, 48.72855], [-125.58221, 48.72796], [-125.58684, 48.72751], [-125.59078, 48.72729], [-125.59542, 48.72703], [-125.60077, 48.72672], [-125.60606, 48.72643], [-125.61127, 48.72613], [-125.61746, 48.72605], [-125.62254, 48.7262], [-125.6276, 48.72636], [-125.63252, 48.72651], [-125.63725, 48.72666], [-125.64186, 48.7268], [-125.64721, 48.72649], [-125.65195, 48.72575], [-125.65666, 48.72502], [-125.66137, 48.72429], [-125.66607, 48.72355], [-125.67067, 48.72284], [-125.67526, 48.72212], [-125.67982, 48.72141], [-125.68445, 48.72069], [-125.68903, 48.71998], [-125.69365, 48.71926], [-125.69834, 48.71853], [-125.7032, 48.71778], [-125.70813, 48.71701], [-125.7131, 48.71624], [-125.71815, 48.71545], [-125.72122, 48.71497], [-125.72241, 48.71479], [-125.72566, 48.71428], [-125.73085, 48.71348], [-125.73677, 48.71201], [-125.74182, 48.71067], [-125.74663, 48.70939], [-125.75116, 48.70819], [-125.7556, 48.70702], [-125.75991, 48.70588], [-125.76415, 48.70476], [-125.76833, 48.70365], [-125.77237, 48.70258], [-125.77623, 48.70156], [-125.77964, 48.70065], [-125.7826, 48.69987], [-125.7854, 48.69913], [-125.78802, 48.69844], [-125.79035, 48.69782], [-125.79241, 48.69727], [-125.79436, 48.69676], [-125.79625, 48.69626], [-125.79808, 48.69577], [-125.79983, 48.69531], [-125.80343, 48.69476], [-125.8058, 48.69474], [-125.808, 48.69473], [-125.81016, 48.69472], [-125.81228, 48.69471], [-125.81437, 48.69469], [-125.81645, 48.69468], [-125.81856, 48.69467], [-125.82068, 48.69466], [-125.82277, 48.69465], [-125.82492, 48.69464], [-125.82706, 48.69462], [-125.82921, 48.69461], [-125.83137, 48.6946], [-125.83357, 48.69459], [-125.8357, 48.69457], [-125.83783, 48.69456], [-125.83992, 48.69455], [-125.84207, 48.69454], [-125.84421, 48.69453], [-125.84824, 48.6949], [-125.85072, 48.6951], [-125.85295, 48.69529], [-125.85522, 48.69548], [-125.85752, 48.69567], [-125.85981, 48.69587], [-125.86211, 48.69606], [-125.86443, 48.69625], [-125.8668, 48.69645], [-125.86919, 48.69665], [-125.87159, 48.69685], [-125.87393, 48.69705], [-125.8763, 48.69725], [-125.87867, 48.69744], [-125.88099, 48.69764], [-125.88333, 48.69784], [-125.88574, 48.69804], [-125.88819, 48.69824], [-125.89076, 48.69846], [-125.89327, 48.69867], [-125.89761, 48.6996], [-125.89967, 48.69994], [-125.90171, 48.70027], [-125.90373, 48.7006], [-125.9058, 48.70094], [-125.90789, 48.70128], [-125.90998, 48.70162], [-125.91207, 48.70197], [-125.91418, 48.70231], [-125.91628, 48.70265], [-125.91844, 48.70301], [-125.92062, 48.70336], [-125.92288, 48.70373], [-125.92514, 48.7041], [-125.92735, 48.70447], [-125.92958, 48.70483], [-125.93189, 48.70521], [-125.9342, 48.70559], [-125.93647, 48.70596], [-125.93872, 48.70633], [-125.94207, 48.70813], [-125.9435, 48.7083], [-125.94477, 48.70845], [-125.94608, 48.7086], [-125.94745, 48.70876], [-125.94879, 48.70892], [-125.95009, 48.70907], [-125.95142, 48.70923], [-125.95277, 48.70938], [-125.95414, 48.70954], [-125.9555, 48.7097], [-125.95684, 48.70986], [-125.95819, 48.71002], [-125.95956, 48.71018], [-125.96095, 48.71034], [-125.96232, 48.7105], [-125.96374, 48.71067], [-125.96515, 48.71083], [-125.96651, 48.71099], [-125.96789, 48.71116], [-125.96917, 48.71223], [-125.96959, 48.71194], [-125.96999, 48.71167], [-125.97038, 48.71141], [-125.97077, 48.71114], [-125.97116, 48.71087], [-125.97154, 48.71061], [-125.97193, 48.71034], [-125.97232, 48.71008], [-125.9727, 48.70982], [-125.9731, 48.70955], [-125.97351, 48.70927], [-125.97376, 48.70909], [-125.97389, 48.70901], [-125.97417, 48.70882], [-125.97456, 48.70855], [-125.97495, 48.70828], [-125.97535, 48.70801], [-125.97575, 48.70774], [-125.97615, 48.70746], [-125.97628, 48.70754], [-125.97617, 48.70691], [-125.97606, 48.70629], [-125.97595, 48.70567], [-125.97584, 48.70504], [-125.97573, 48.70441], [-125.97562, 48.70378], [-125.9755, 48.70315], [-125.97539, 48.70252], [-125.97528, 48.70189], [-125.97517, 48.70125], [-125.97505, 48.70062], [-125.97494, 48.69998], [-125.97483, 48.69934], [-125.97471, 48.69871], [-125.9746, 48.69806], [-125.97448, 48.69742], [-125.97437, 48.69678], [-125.97426, 48.69615], [-125.97415, 48.69551], [-125.97395, 48.69528], [-125.97364, 48.69422], [-125.97332, 48.69315], [-125.97302, 48.69209], [-125.97271, 48.69104], [-125.9724, 48.68999], [-125.97209, 48.68894], [-125.97179, 48.68788], [-125.97147, 48.6868], [-125.97115, 48.6857], [-125.97082, 48.68459], [-125.9705, 48.68347], [-125.97017, 48.68234], [-125.96984, 48.68123], [-125.96952, 48.68011], [-125.96919, 48.67901], [-125.96886, 48.67788], [-125.96853, 48.67673], [-125.96819, 48.67558], [-125.96786, 48.67445], [-125.96835, 48.67387], [-125.96984, 48.67344], [-125.97136, 48.67299], [-125.97289, 48.67254], [-125.97443, 48.67209], [-125.97594, 48.67164], [-125.97775, 48.67129], [-125.97936, 48.67073], [-125.981, 48.67016], [-125.98264, 48.66958], [-125.98432, 48.669], [-125.98602, 48.6684], [-125.98763, 48.66781], [-125.98944, 48.66719], [-125.99128, 48.66655], [-125.99311, 48.66592], [-125.99497, 48.66528], [-125.99684, 48.66463], [-125.99908, 48.66366], [-126.0012, 48.66281], [-126.00333, 48.66196], [-126.00544, 48.66112], [-126.00759, 48.66026], [-126.00974, 48.6594], [-126.01233, 48.65781], [-126.01453, 48.65678], [-126.01677, 48.65573], [-126.01901, 48.65468], [-126.02135, 48.65358], [-126.02369, 48.65249], [-126.02661, 48.65037], [-126.02916, 48.64924], [-126.03175, 48.64811], [-126.03436, 48.64695], [-126.03699, 48.64579], [-126.03962, 48.64463], [-126.04294, 48.64253], [-126.04583, 48.64127], [-126.04879, 48.63999], [-126.05182, 48.63869], [-126.05488, 48.63737], [-126.05792, 48.63605], [-126.06175, 48.63377], [-126.06495, 48.63263], [-126.0682, 48.63146], [-126.0715, 48.63029], [-126.07487, 48.62908], [-126.07826, 48.62787], [-126.08288, 48.62564], [-126.08633, 48.62464], [-126.0899, 48.62361], [-126.09342, 48.62259], [-126.09698, 48.62156], [-126.10051, 48.62054], [-126.10511, 48.61876], [-126.10854, 48.61793], [-126.11192, 48.61711], [-126.11532, 48.61629], [-126.11888, 48.61543], [-126.1225, 48.61456], [-126.12675, 48.61348], [-126.13039, 48.61291], [-126.13407, 48.61232], [-126.13773, 48.61174], [-126.14142, 48.61116], [-126.1452, 48.61056], [-126.14928, 48.60958], [-126.15357, 48.60859], [-126.16013, 48.60709], [-126.16857, 48.60516], [-126.1779, 48.60301], [-126.18794, 48.60071], [-126.20029, 48.59683], [-126.21418, 48.59268], [-126.23167, 48.58747], [-126.25119, 48.58164], [-126.2747, 48.57463], [-126.30125, 48.56671], [-126.32869, 48.55736], [-126.35535, 48.5483], [-126.35874, 48.53476], [-126.34334, 48.51954], [-126.32911, 48.50548], [-126.31585, 48.49238], [-126.30336, 48.48004], [-126.29155, 48.46837], [-126.28115, 48.45456], [-126.27029, 48.44332], [-126.25919, 48.43183], [-126.2478, 48.42005], [-126.23518, 48.40698], [-126.2217, 48.39303], [-126.20883, 48.37852], [-126.19623, 48.36503], [-126.18485, 48.35285], [-126.17434, 48.3416], [-126.1647, 48.33128], [-126.15581, 48.32176], [-126.15147, 48.3155], [-126.15211, 48.31457], [-126.15876, 48.30494], [-126.17008, 48.28857], [-126.18313, 48.26968], [-126.19739, 48.24903], [-126.21234, 48.22651], [-126.22624, 48.20473], [-126.24004, 48.18312], [-126.25383, 48.16152], [-126.26771, 48.13979], [-126.2815, 48.11818]]}, "properties": {"deployment": "dfo-eva035-20250501", "glider": "eva035", "group": "svi_shelf", "segment": 1, "n_points": 926, "deployment_start": "2025-05-01", "deployment_month": "2025-05", "segment_start": "2025-05-05T14:31", "segment_end": "2025-05-14T16:45", "segment_month": "2025-05", "epoch_days": 432, "segment_epoch_days": 436}}, {"type": "Feature", "geometry": {"type": "LineString", "coordinates": [[-126.38829, 48.13313], [-126.36117, 48.13498], [-126.3346, 48.13679], [-126.30768, 48.13863], [-126.28021, 48.1405], [-126.25289, 48.14236], [-126.22567, 48.14899], [-126.20075, 48.15908], [-126.17589, 48.16914], [-126.15093, 48.17924], [-126.12698, 48.18892], [-126.10367, 48.19836], [-126.08026, 48.20747], [-126.05741, 48.21649], [-126.03557, 48.22511], [-126.01458, 48.23339], [-125.99505, 48.2411], [-125.97699, 48.24823], [-125.95928, 48.25306], [-125.94339, 48.25579], [-125.92758, 48.25851], [-125.91165, 48.26124], [-125.89597, 48.26393], [-125.88064, 48.26657], [-125.86423, 48.26817], [-125.84952, 48.269], [-125.83792, 48.26966], [-125.829, 48.27017], [-125.82097, 48.27062], [-125.81374, 48.27103], [-125.80554, 48.27059], [-125.79968, 48.2706], [-125.79399, 48.27061], [-125.78843, 48.27062], [-125.78286, 48.27063], [-125.7773, 48.27064], [-125.7705, 48.27042], [-125.7653, 48.27069], [-125.76006, 48.27096], [-125.75481, 48.27124], [-125.7495, 48.27151], [-125.74438, 48.27178], [-125.73822, 48.27167], [-125.73374, 48.27289], [-125.72734, 48.27462], [-125.71935, 48.27678], [-125.71282, 48.27855], [-125.7077, 48.27993], [-125.70203, 48.28041], [-125.69775, 48.28107], [-125.69323, 48.28176], [-125.68886, 48.28243], [-125.68468, 48.28307], [-125.68033, 48.28374], [-125.6759, 48.28441], [-125.6716, 48.28507], [-125.66737, 48.28572], [-125.66296, 48.28639], [-125.65858, 48.28706], [-125.65434, 48.28771], [-125.65019, 48.28835], [-125.6461, 48.28897], [-125.64191, 48.28962], [-125.63775, 48.29025], [-125.63376, 48.29086], [-125.62975, 48.29148], [-125.62551, 48.29213], [-125.62132, 48.29277], [-125.61603, 48.29373], [-125.61229, 48.29496], [-125.60874, 48.29612], [-125.60521, 48.29728], [-125.6017, 48.29844], [-125.59818, 48.29959], [-125.59485, 48.30069], [-125.59181, 48.30169], [-125.58853, 48.30277], [-125.58504, 48.30391], [-125.58169, 48.30501], [-125.57834, 48.30612], [-125.57484, 48.30727], [-125.57136, 48.30841], [-125.56797, 48.30953], [-125.56456, 48.31064], [-125.56103, 48.3118], [-125.55753, 48.31296], [-125.55401, 48.31411], [-125.55049, 48.31527], [-125.54631, 48.3168], [-125.54384, 48.31844], [-125.54128, 48.32014], [-125.53876, 48.32181], [-125.53623, 48.32348], [-125.53368, 48.32517], [-125.53118, 48.32683], [-125.52865, 48.32851], [-125.52603, 48.33024], [-125.52341, 48.33198], [-125.52079, 48.33371], [-125.51816, 48.33546], [-125.51547, 48.33724], [-125.51277, 48.33903], [-125.51007, 48.34082], [-125.50735, 48.34262], [-125.50462, 48.34443], [-125.50191, 48.34623], [-125.49924, 48.348], [-125.49666, 48.3497], [-125.49464, 48.35229], [-125.49154, 48.35485], [-125.48854, 48.35734], [-125.48561, 48.35976], [-125.48276, 48.36212], [-125.47993, 48.36446], [-125.47714, 48.36677], [-125.47438, 48.36906], [-125.47158, 48.37137], [-125.46882, 48.37366], [-125.46615, 48.37587], [-125.46348, 48.37808], [-125.46071, 48.38037], [-125.45794, 48.38267], [-125.45521, 48.38493], [-125.4525, 48.38717], [-125.44963, 48.38954], [-125.44669, 48.39197], [-125.44368, 48.39446], [-125.44066, 48.39697], [-125.43495, 48.39968], [-125.431, 48.40161], [-125.42679, 48.40368], [-125.42238, 48.40584], [-125.4179, 48.40804], [-125.41359, 48.41015], [-125.40888, 48.41246], [-125.40377, 48.41496], [-125.39884, 48.41737], [-125.39404, 48.41973], [-125.38899, 48.4222], [-125.38406, 48.42462], [-125.38002, 48.4266], [-125.37672, 48.42822], [-125.37244, 48.43032], [-125.36747, 48.43275], [-125.36234, 48.43526], [-125.3572, 48.43778], [-125.35213, 48.44027], [-125.34713, 48.44272], [-125.34, 48.44527], [-125.33432, 48.4473], [-125.32945, 48.44904], [-125.32457, 48.45079], [-125.32026, 48.45233], [-125.31651, 48.45367], [-125.31218, 48.45522], [-125.30729, 48.45696], [-125.30225, 48.45877], [-125.29729, 48.46054], [-125.29252, 48.46225], [-125.28778, 48.46394], [-125.28311, 48.46561], [-125.27844, 48.46728], [-125.27377, 48.46895], [-125.26919, 48.47059], [-125.26458, 48.47223], [-125.25996, 48.47389], [-125.25707, 48.47492], [-125.25544, 48.4755], [-125.25315, 48.47802], [-125.25234, 48.48051], [-125.2515, 48.48309], [-125.25065, 48.48568], [-125.24981, 48.48825], [-125.24899, 48.49077], [-125.24819, 48.49322], [-125.24738, 48.49568], [-125.24657, 48.49815], [-125.24581, 48.5005], [-125.24502, 48.50291], [-125.24425, 48.50528], [-125.24348, 48.50761], [-125.24273, 48.50992], [-125.24198, 48.51222], [-125.24123, 48.51449], [-125.24049, 48.51677], [-125.23977, 48.51898], [-125.23899, 48.52135], [-125.23828, 48.52354], [-125.23877, 48.52695], [-125.23785, 48.52872], [-125.23696, 48.53044], [-125.2361, 48.53209], [-125.23523, 48.53376], [-125.23436, 48.53542], [-125.23351, 48.53706], [-125.23267, 48.53867], [-125.23183, 48.54029], [-125.23096, 48.54195], [-125.23021, 48.54339], [-125.22955, 48.54466], [-125.22871, 48.54627], [-125.22775, 48.54812], [-125.22674, 48.55005], [-125.22573, 48.552], [-125.22473, 48.55392], [-125.22375, 48.5558], [-125.22295, 48.55734], [-125.22231, 48.55856], [-125.22099, 48.5608], [-125.21993, 48.56212], [-125.21893, 48.56335], [-125.21795, 48.56457], [-125.21704, 48.5657], [-125.21618, 48.56675], [-125.21523, 48.56794], [-125.21423, 48.56918], [-125.2132, 48.57045], [-125.21216, 48.57174], [-125.21109, 48.57306], [-125.21002, 48.57439], [-125.20894, 48.57573], [-125.20788, 48.57704], [-125.20683, 48.57834], [-125.20578, 48.57965], [-125.2047, 48.58097], [-125.20364, 48.58229], [-125.20261, 48.58357], [-125.20157, 48.58486], [-125.2001, 48.58637], [-125.19926, 48.58743], [-125.19839, 48.58855], [-125.19749, 48.5897], [-125.19657, 48.59087], [-125.19563, 48.59208], [-125.19469, 48.59327], [-125.19377, 48.59445], [-125.19285, 48.59563], [-125.19193, 48.59681], [-125.191, 48.598], [-125.19007, 48.59918], [-125.18917, 48.60033], [-125.18828, 48.60146], [-125.1874, 48.60259], [-125.18652, 48.60372], [-125.18563, 48.60485], [-125.18475, 48.60598], [-125.18386, 48.60711], [-125.183, 48.60822], [-125.18237, 48.60987], [-125.18136, 48.61156], [-125.18033, 48.61331], [-125.1793, 48.61504], [-125.17828, 48.61675], [-125.17728, 48.61845], [-125.17624, 48.6202], [-125.17524, 48.62187], [-125.17423, 48.62359], [-125.17321, 48.62529], [-125.1722, 48.62701], [-125.17121, 48.62867], [-125.1706, 48.63102], [-125.16935, 48.63243], [-125.16805, 48.63387], [-125.16678, 48.6353], [-125.16547, 48.63676], [-125.16415, 48.63824], [-125.16283, 48.63971], [-125.16154, 48.64115], [-125.16028, 48.64256], [-125.15899, 48.64401], [-125.15771, 48.64543], [-125.15649, 48.6468], [-125.15518, 48.64805], [-125.15357, 48.6485], [-125.15201, 48.64895], [-125.15053, 48.64937], [-125.14907, 48.64978], [-125.14764, 48.65019], [-125.14619, 48.6506], [-125.14474, 48.65101], [-125.14314, 48.65147], [-125.14172, 48.65187], [-125.14015, 48.65231], [-125.13871, 48.65272], [-125.13912, 48.65381], [-125.14025, 48.65476], [-125.14143, 48.65576], [-125.14262, 48.65676], [-125.14377, 48.65773], [-125.1449, 48.65868], [-125.14618, 48.65976], [-125.14727, 48.66068], [-125.14841, 48.66165], [-125.14956, 48.66261], [-125.1507, 48.66357], [-125.15183, 48.66452], [-125.15298, 48.66549], [-125.15411, 48.66644], [-125.15521, 48.66737], [-125.15632, 48.6683], [-125.15745, 48.66925], [-125.1586, 48.67022], [-125.1599, 48.67132], [-125.16094, 48.6722], [-125.16224, 48.67337], [-125.16298, 48.67399], [-125.16372, 48.67462], [-125.16446, 48.67524], [-125.16527, 48.67593], [-125.166, 48.67655], [-125.16678, 48.67721], [-125.16756, 48.67787], [-125.16836, 48.67854], [-125.16914, 48.6792], [-125.16991, 48.67986], [-125.17069, 48.68052], [-125.17148, 48.68118], [-125.17233, 48.6819], [-125.17317, 48.68262], [-125.17392, 48.68325], [-125.17475, 48.68395], [-125.17547, 48.68456], [-125.17619, 48.68517], [-125.17688, 48.68575], [-125.17772, 48.68659], [-125.17836, 48.68708], [-125.1791, 48.68764], [-125.17973, 48.68812], [-125.18038, 48.68861], [-125.18104, 48.68911], [-125.18168, 48.6896], [-125.1822, 48.68999], [-125.18281, 48.69045], [-125.18342, 48.69092], [-125.184, 48.69135], [-125.18454, 48.69177], [-125.18502, 48.69213], [-125.18544, 48.69245], [-125.18589, 48.69279], [-125.1863, 48.6931], [-125.18668, 48.69339], [-125.18709, 48.6937], [-125.1875, 48.69401], [-125.18788, 48.6943], [-125.18844, 48.69473], [-125.18879, 48.69497], [-125.18919, 48.69524], [-125.18962, 48.69552], [-125.19001, 48.69579], [-125.19037, 48.69603], [-125.19072, 48.69627], [-125.19107, 48.6965], [-125.19145, 48.69676], [-125.19182, 48.697], [-125.19217, 48.69724], [-125.19253, 48.69748], [-125.19297, 48.69778], [-125.19348, 48.69812], [-125.19405, 48.6985], [-125.19466, 48.69891], [-125.19532, 48.69935], [-125.196, 48.69981], [-125.19673, 48.7003], [-125.19746, 48.70079], [-125.19849, 48.70148], [-125.19996, 48.7022], [-125.20137, 48.70289], [-125.20278, 48.70358], [-125.20418, 48.70427], [-125.20553, 48.70493], [-125.20695, 48.70563], [-125.20833, 48.7063], [-125.20976, 48.707], [-125.21119, 48.7077], [-125.21273, 48.70846], [-125.21412, 48.70914], [-125.21568, 48.70991], [-125.21712, 48.71061], [-125.21865, 48.71136], [-125.22004, 48.71205], [-125.22149, 48.71276], [-125.22293, 48.71346], [-125.22439, 48.71417], [-125.2258, 48.71487], [-125.22814, 48.71609], [-125.22984, 48.71706], [-125.23155, 48.71804], [-125.23327, 48.71902], [-125.23509, 48.72007], [-125.23676, 48.72102], [-125.23862, 48.72209], [-125.24029, 48.72305], [-125.24219, 48.72413], [-125.24384, 48.72508], [-125.24551, 48.72603], [-125.24718, 48.72699], [-125.24901, 48.72804], [-125.25063, 48.72897], [-125.25225, 48.72989], [-125.25385, 48.73081], [-125.25559, 48.73181], [-125.25714, 48.73269], [-125.25869, 48.73358], [-125.26019, 48.73444], [-125.26098, 48.73543], [-125.26155, 48.73651], [-125.26216, 48.73765], [-125.26265, 48.73859], [-125.26316, 48.73955], [-125.26365, 48.74048], [-125.26414, 48.74141], [-125.26463, 48.74233], [-125.26513, 48.74326], [-125.26562, 48.7442], [-125.2661, 48.74511], [-125.26657, 48.746], [-125.26744, 48.74742], [-125.26792, 48.74829], [-125.26843, 48.7492], [-125.26894, 48.75013], [-125.26957, 48.75125], [-125.27009, 48.75219], [-125.27062, 48.75314], [-125.27115, 48.75409], [-125.2717, 48.75509], [-125.27229, 48.75614], [-125.27291, 48.75726], [-125.27353, 48.75837], [-125.27453, 48.75983], [-125.2749, 48.7607], [-125.27531, 48.76167], [-125.27571, 48.76262], [-125.27644, 48.76422], [-125.27668, 48.76535], [-125.27694, 48.76661], [-125.27722, 48.76791], [-125.27801, 48.76965], [-125.27802, 48.77092], [-125.27803, 48.77229], [-125.27804, 48.77363], [-125.27814, 48.77489], [-125.27749, 48.77606], [-125.27685, 48.77721], [-125.2762, 48.77837], [-125.27535, 48.77999], [-125.27467, 48.78105], [-125.27392, 48.7822], [-125.27317, 48.78335], [-125.27238, 48.78468], [-125.27164, 48.78573], [-125.27086, 48.78681], [-125.27008, 48.78791], [-125.26942, 48.78911], [-125.26851, 48.79037], [-125.2676, 48.79162], [-125.26667, 48.79291], [-125.26616, 48.7947], [-125.26525, 48.79641], [-125.26426, 48.79823], [-125.26323, 48.80016], [-125.2632, 48.8023], [-125.26356, 48.80416], [-125.26392, 48.80594], [-125.26426, 48.80767], [-125.26475, 48.80983], [-125.26467, 48.81156], [-125.26459, 48.81318], [-125.26451, 48.81478], [-125.26445, 48.81691], [-125.26391, 48.81869], [-125.26341, 48.82039], [-125.26291, 48.82207], [-125.26237, 48.82426], [-125.26187, 48.8262], [-125.26138, 48.82808], [-125.26088, 48.82998], [-125.26, 48.83231], [-125.25949, 48.83421], [-125.25901, 48.83604], [-125.25854, 48.83781], [-125.25822, 48.83997], [-125.25784, 48.84179], [-125.25748, 48.8435], [-125.25714, 48.84516], [-125.25585, 48.84711], [-125.25415, 48.84852], [-125.25271, 48.84972], [-125.25127, 48.85092], [-125.24984, 48.85211], [-125.24845, 48.85326], [-125.24623, 48.85476], [-125.24442, 48.85589], [-125.24279, 48.85692], [-125.24116, 48.85794], [-125.23953, 48.85896], [-125.23793, 48.85997], [-125.23562, 48.8613], [-125.23405, 48.86251], [-125.23258, 48.86364], [-125.23111, 48.86477], [-125.22965, 48.8659], [-125.22819, 48.86702], [-125.22594, 48.86824], [-125.22449, 48.8694], [-125.22315, 48.87048], [-125.2218, 48.87157], [-125.22043, 48.87267], [-125.21909, 48.87374], [-125.21698, 48.87478], [-125.21501, 48.87555], [-125.21317, 48.87627], [-125.21134, 48.87699], [-125.2095, 48.87771], [-125.20765, 48.87843], [-125.20559, 48.87933], [-125.2038, 48.88008], [-125.20209, 48.88078], [-125.2004, 48.88149], [-125.1987, 48.88219], [-125.19701, 48.88289], [-125.1948, 48.8837], [-125.19296, 48.88429], [-125.19125, 48.88484], [-125.18953, 48.88539], [-125.1878, 48.88594], [-125.18608, 48.88649], [-125.18623, 48.88644], [-125.1885, 48.88581], [-125.19055, 48.88524], [-125.1926, 48.88468], [-125.19467, 48.88411], [-125.19672, 48.88355], [-125.19923, 48.88287], [-125.20151, 48.88217], [-125.20361, 48.88152], [-125.20569, 48.88089], [-125.20779, 48.88024], [-125.20989, 48.8796], [-125.21067, 48.87928], [-125.20905, 48.87952], [-125.20753, 48.87975], [-125.20601, 48.87998], [-125.20449, 48.88021], [-125.20298, 48.88043], [-125.20113, 48.88177], [-125.19956, 48.88225], [-125.19806, 48.88271], [-125.19657, 48.88317], [-125.19509, 48.88363], [-125.19362, 48.88408], [-125.19189, 48.88469], [-125.19027, 48.8851], [-125.18876, 48.88548], [-125.18729, 48.88586], [-125.1858, 48.88624], [-125.1843, 48.88662], [-125.18475, 48.88648], [-125.18713, 48.88576], [-125.18932, 48.8851], [-125.19149, 48.88444], [-125.19366, 48.88378], [-125.19583, 48.88312], [-125.19867, 48.88228], [-125.20105, 48.88155], [-125.20317, 48.8809], [-125.2053, 48.88024], [-125.20745, 48.87958], [-125.20957, 48.87893], [-125.21073, 48.87869], [-125.20909, 48.87917], [-125.2075, 48.87962], [-125.20584, 48.8801], [-125.20417, 48.88058], [-125.20253, 48.88105], [-125.20056, 48.88178], [-125.19868, 48.88233], [-125.19691, 48.88285], [-125.19514, 48.88337], [-125.19338, 48.88388], [-125.19162, 48.8844], [-125.18965, 48.88509], [-125.18783, 48.88569], [-125.18609, 48.88626], [-125.18437, 48.88682], [-125.18264, 48.88739], [-125.18092, 48.88795], [-125.18104, 48.88795], [-125.18299, 48.88729], [-125.18478, 48.88668], [-125.18659, 48.88607], [-125.18839, 48.88546], [-125.19018, 48.88485], [-125.19267, 48.88413], [-125.19457, 48.88366], [-125.19633, 48.88322], [-125.1981, 48.88277], [-125.19988, 48.88233], [-125.20166, 48.88188], [-125.20201, 48.88195], [-125.20007, 48.88249], [-125.19815, 48.88303], [-125.19608, 48.88361], [-125.194, 48.88419], [-125.19195, 48.88476], [-125.18961, 48.8854], [-125.18745, 48.88598], [-125.18546, 48.88651], [-125.1835, 48.88704], [-125.18154, 48.88757], [-125.17959, 48.88809], [-125.17976, 48.88812], [-125.18178, 48.8877], [-125.18364, 48.88731], [-125.18553, 48.88691], [-125.18746, 48.88651], [-125.18935, 48.88611], [-125.19198, 48.88535], [-125.19389, 48.8846], [-125.19567, 48.88391], [-125.19746, 48.88321], [-125.19928, 48.8825], [-125.20108, 48.8818], [-125.20151, 48.8816], [-125.19954, 48.88209], [-125.19775, 48.88254], [-125.19596, 48.88299], [-125.19414, 48.88344], [-125.19233, 48.88389]]}, "properties": {"deployment": "dfo-eva035-20250501", "glider": "eva035", "group": "svi_shelf", "segment": 2, "n_points": 628, "deployment_start": "2025-05-01", "deployment_month": "2025-05", "segment_start": "2025-05-16T18:52", "segment_end": "2025-05-21T16:07", "segment_month": "2025-05", "epoch_days": 432, "segment_epoch_days": 447}}, {"type": "Feature", "geometry": {"type": "LineString", "coordinates": [[-125.22597, 48.86998], [-125.22678, 48.86969], [-125.2274, 48.86927], [-125.22912, 48.86874], [-125.23063, 48.86785], [-125.23258, 48.86684], [-125.23406, 48.86586], [-125.23709, 48.86408], [-125.23865, 48.86305], [-125.23991, 48.86221], [-125.24118, 48.86137], [-125.24403, 48.85995], [-125.24562, 48.85878], [-125.24694, 48.85781], [-125.24827, 48.85683], [-125.25023, 48.85471], [-125.25087, 48.85292], [-125.25139, 48.85143], [-125.25194, 48.84989], [-125.25326, 48.84798], [-125.25444, 48.84638], [-125.25544, 48.84503], [-125.25649, 48.8436], [-125.25801, 48.84125], [-125.25961, 48.83937], [-125.2611, 48.83761], [-125.26267, 48.83575], [-125.26326, 48.83238], [-125.26356, 48.83014], [-125.26382, 48.82813], [-125.26409, 48.82609], [-125.26408, 48.82364], [-125.26376, 48.82203], [-125.26348, 48.82057], [-125.26317, 48.81901], [-125.26279, 48.81706], [-125.26232, 48.81563], [-125.2619, 48.81436], [-125.26148, 48.81305], [-125.26134, 48.81186], [-125.26129, 48.81081], [-125.26124, 48.80972], [-125.26119, 48.80864], [-125.26119, 48.80751], [-125.26113, 48.80652], [-125.26107, 48.80562], [-125.26101, 48.80471], [-125.2616, 48.80391], [-125.26217, 48.80313], [-125.26269, 48.80244], [-125.26323, 48.80171], [-125.26405, 48.80077], [-125.26449, 48.79962], [-125.26494, 48.79844], [-125.26542, 48.79719], [-125.26616, 48.7957], [-125.26669, 48.7942], [-125.26715, 48.79291], [-125.26759, 48.79166], [-125.26836, 48.78983], [-125.26893, 48.78831], [-125.26941, 48.787], [-125.2699, 48.78568], [-125.27256, 48.78456], [-125.27566, 48.78387], [-125.27784, 48.78338], [-125.27999, 48.7829], [-125.28212, 48.78242], [-125.28423, 48.78195], [-125.28632, 48.78148], [-125.28838, 48.78102], [-125.29049, 48.78055], [-125.29262, 48.78007], [-125.29473, 48.7796], [-125.29681, 48.77913], [-125.2989, 48.77867], [-125.30101, 48.7782], [-125.30308, 48.77773], [-125.30511, 48.77728], [-125.30718, 48.77682], [-125.30924, 48.77635], [-125.31135, 48.77588], [-125.31355, 48.77539], [-125.31675, 48.77492], [-125.31954, 48.77458], [-125.32234, 48.77424], [-125.32514, 48.7739], [-125.32802, 48.77355], [-125.33087, 48.7732], [-125.33367, 48.77286], [-125.3365, 48.77252], [-125.3393, 48.77218], [-125.34209, 48.77184], [-125.34498, 48.77149], [-125.34787, 48.77114], [-125.3507, 48.7708], [-125.35361, 48.77045], [-125.35662, 48.77008], [-125.35962, 48.76972], [-125.36259, 48.76936], [-125.36557, 48.769], [-125.36854, 48.76863], [-125.37167, 48.76826], [-125.37613, 48.76806], [-125.37918, 48.76806], [-125.38262, 48.76807], [-125.38642, 48.76808], [-125.39027, 48.76809], [-125.39415, 48.7681], [-125.39808, 48.76811], [-125.40196, 48.76812], [-125.40585, 48.76813], [-125.40981, 48.76814], [-125.41377, 48.76814], [-125.41769, 48.76815], [-125.42127, 48.76816], [-125.42447, 48.76817], [-125.42805, 48.76818], [-125.43197, 48.76819], [-125.43594, 48.7682], [-125.43996, 48.76821], [-125.44405, 48.76822], [-125.44819, 48.76823], [-125.45597, 48.76802], [-125.46008, 48.76791], [-125.46421, 48.7678], [-125.46836, 48.76769], [-125.47257, 48.76758], [-125.47694, 48.76746], [-125.48274, 48.76747], [-125.48678, 48.7674], [-125.49083, 48.76733], [-125.49493, 48.76725], [-125.49908, 48.76718], [-125.50329, 48.76711], [-125.50911, 48.76704], [-125.51354, 48.76683], [-125.51805, 48.76661], [-125.52252, 48.76639], [-125.52697, 48.76618], [-125.53165, 48.76596], [-125.53694, 48.7656], [-125.54104, 48.76483], [-125.54524, 48.76405], [-125.54949, 48.76325], [-125.55381, 48.76244], [-125.55823, 48.76162], [-125.56263, 48.7605], [-125.56649, 48.75938], [-125.57036, 48.75826], [-125.57424, 48.75713], [-125.57814, 48.756], [-125.58209, 48.75485], [-125.58601, 48.75319], [-125.58937, 48.75174], [-125.59271, 48.75029], [-125.59606, 48.74884], [-125.59946, 48.74736], [-125.603, 48.74583], [-125.60502, 48.74384], [-125.60692, 48.7424], [-125.6084, 48.74128], [-125.60984, 48.74018], [-125.61161, 48.73884], [-125.61366, 48.73729], [-125.61606, 48.73514], [-125.61822, 48.73334], [-125.62011, 48.73178], [-125.62176, 48.73041], [-125.62347, 48.729], [-125.6252, 48.72756], [-125.62701, 48.72614], [-125.62864, 48.72529], [-125.63022, 48.72446], [-125.63173, 48.72367], [-125.63382, 48.72258], [-125.63638, 48.72124], [-125.63936, 48.72056], [-125.64215, 48.72063], [-125.64495, 48.72069], [-125.64771, 48.72076], [-125.65051, 48.72083], [-125.65328, 48.7209], [-125.65666, 48.7197], [-125.65956, 48.71804], [-125.66233, 48.71646], [-125.66524, 48.71479], [-125.66833, 48.71302], [-125.67136, 48.71128], [-125.67422, 48.70965], [-125.67698, 48.70806], [-125.67972, 48.7065], [-125.6824, 48.70496], [-125.68505, 48.70344], [-125.68767, 48.70194], [-125.6903, 48.70043], [-125.69293, 48.69893], [-125.69547, 48.69747], [-125.69795, 48.69605], [-125.70048, 48.6946], [-125.70297, 48.69317], [-125.70541, 48.69178], [-125.70785, 48.69038], [-125.71141, 48.68932], [-125.7155, 48.6882], [-125.71931, 48.68717], [-125.72301, 48.68616], [-125.72676, 48.68514], [-125.73053, 48.68411], [-125.73434, 48.68307], [-125.73809, 48.68205], [-125.74181, 48.68103], [-125.74548, 48.68003], [-125.74905, 48.67906], [-125.75261, 48.67809], [-125.75627, 48.67709], [-125.75987, 48.67611], [-125.76332, 48.67517], [-125.76663, 48.67427], [-125.76918, 48.67358], [-125.77095, 48.67309], [-125.77264, 48.67263], [-125.77425, 48.67219], [-125.77732, 48.67081], [-125.77953, 48.67034], [-125.78185, 48.66984], [-125.78423, 48.66933], [-125.78649, 48.66884], [-125.78864, 48.66839], [-125.79079, 48.66792], [-125.79297, 48.66746], [-125.79516, 48.66699], [-125.79727, 48.66654], [-125.79942, 48.66607], [-125.80166, 48.66559], [-125.80389, 48.66512], [-125.80613, 48.66463], [-125.80846, 48.66414], [-125.81081, 48.66363], [-125.81326, 48.66311], [-125.81571, 48.66258], [-125.81811, 48.66207], [-125.82069, 48.66151], [-125.82532, 48.66051], [-125.82811, 48.66031], [-125.83075, 48.66012], [-125.83342, 48.65992], [-125.83607, 48.65973], [-125.83866, 48.65955], [-125.84124, 48.65936], [-125.8438, 48.65917], [-125.84641, 48.65899], [-125.84901, 48.6588], [-125.85163, 48.65861], [-125.85438, 48.65841], [-125.85726, 48.6582], [-125.85997, 48.65801], [-125.86265, 48.65782], [-125.86544, 48.65761], [-125.86832, 48.65741], [-125.87115, 48.6572], [-125.87399, 48.657], [-125.87696, 48.65678], [-125.88189, 48.65697], [-125.88477, 48.65718], [-125.88743, 48.65737], [-125.89012, 48.65757], [-125.89292, 48.65777], [-125.89574, 48.65798], [-125.89865, 48.65819], [-125.90154, 48.6584], [-125.90448, 48.65862], [-125.9075, 48.65884], [-125.9106, 48.65907], [-125.91377, 48.6593], [-125.91701, 48.65953], [-125.92021, 48.65977], [-125.92338, 48.66], [-125.92657, 48.66023], [-125.92982, 48.66047], [-125.93308, 48.66071], [-125.93642, 48.66095], [-125.93993, 48.66121], [-125.9502, 48.66434], [-125.95194, 48.66426], [-125.95358, 48.66419], [-125.95522, 48.66412], [-125.95687, 48.66405], [-125.95848, 48.66398], [-125.96012, 48.66391], [-125.96181, 48.66383], [-125.96354, 48.66376], [-125.96523, 48.66368], [-125.96697, 48.66361], [-125.96873, 48.66353], [-125.97047, 48.66345], [-125.97221, 48.66338], [-125.97397, 48.6633], [-125.97574, 48.66322], [-125.97688, 48.66317], [-125.9775, 48.66315], [-125.97878, 48.66309], [-125.98059, 48.66301], [-125.98139, 48.66394], [-125.98109, 48.66294], [-125.98081, 48.66201], [-125.98054, 48.66109], [-125.98032, 48.66037], [-125.98015, 48.65982], [-125.97995, 48.65912], [-125.97971, 48.65832], [-125.97948, 48.65757], [-125.97927, 48.65685], [-125.97911, 48.65633], [-125.979, 48.65597], [-125.9788, 48.6553], [-125.97853, 48.65439], [-125.97825, 48.65345], [-125.97797, 48.65252], [-125.97769, 48.65157], [-125.9774, 48.65063], [-125.97712, 48.64969], [-125.97684, 48.64873], [-125.97525, 48.64706], [-125.97403, 48.64527], [-125.97279, 48.64347], [-125.97158, 48.64169], [-125.97037, 48.63991], [-125.96916, 48.63815], [-125.96795, 48.63637], [-125.96674, 48.6346], [-125.96555, 48.63285], [-125.96434, 48.63109], [-125.96313, 48.62931], [-125.96193, 48.62755], [-125.96071, 48.62576], [-125.95949, 48.62398], [-125.95829, 48.62223], [-125.95712, 48.62051], [-125.95593, 48.61877], [-125.95474, 48.61703], [-125.95355, 48.61529], [-125.95239, 48.61359], [-125.95081, 48.61119], [-125.95091, 48.60931], [-125.95102, 48.60744], [-125.95113, 48.60555], [-125.95124, 48.60361], [-125.95135, 48.6017], [-125.95146, 48.59976], [-125.95157, 48.59783], [-125.95168, 48.59585], [-125.95179, 48.59394], [-125.95189, 48.59209], [-125.952, 48.59021], [-125.95211, 48.58831], [-125.95222, 48.58642], [-125.95232, 48.58455], [-125.95243, 48.58267], [-125.95254, 48.58079], [-125.95264, 48.57896], [-125.95274, 48.57714], [-125.95285, 48.57533], [-125.95316, 48.57231], [-125.95424, 48.57012], [-125.95529, 48.568], [-125.95635, 48.56586], [-125.95742, 48.56369], [-125.9585, 48.56151], [-125.95957, 48.55933], [-125.96065, 48.55715], [-125.96171, 48.555], [-125.96277, 48.55285], [-125.96384, 48.55069], [-125.96494, 48.54847], [-125.9661, 48.54611], [-125.96731, 48.54366], [-125.96851, 48.54124], [-125.96969, 48.53885], [-125.97094, 48.53632], [-125.97222, 48.53372], [-125.97352, 48.53109], [-125.97483, 48.52844], [-125.97635, 48.52498], [-125.9784, 48.52252], [-125.98048, 48.52002], [-125.98256, 48.51754], [-125.98466, 48.51502], [-125.9868, 48.51246], [-125.98896, 48.50987], [-125.99113, 48.50728], [-125.99329, 48.50468], [-125.99551, 48.50202], [-125.99705, 48.50018], [-125.99806, 48.49897], [-125.99986, 48.49682], [-126.00224, 48.49397], [-126.00455, 48.4912], [-126.00683, 48.48847], [-126.00914, 48.4857], [-126.01157, 48.4828], [-126.01413, 48.47973], [-126.0168, 48.47653], [-126.02008, 48.47351], [-126.02326, 48.47133], [-126.02656, 48.46905], [-126.02988, 48.46678], [-126.03321, 48.46449], [-126.03659, 48.46217], [-126.04007, 48.45978], [-126.04362, 48.45735], [-126.04708, 48.45497], [-126.05052, 48.45261], [-126.05408, 48.45016], [-126.05769, 48.44768], [-126.06134, 48.44517], [-126.06504, 48.44264], [-126.06892, 48.43997], [-126.0728, 48.43731], [-126.07662, 48.43468], [-126.08056, 48.43198], [-126.08476, 48.42909], [-126.08911, 48.42611], [-126.09248, 48.42413], [-126.09703, 48.42292], [-126.10156, 48.42172], [-126.10621, 48.42049], [-126.11116, 48.41918], [-126.11639, 48.41779], [-126.1209, 48.41603], [-126.12674, 48.4142], [-126.13261, 48.41236], [-126.13879, 48.41043], [-126.14553, 48.40831], [-126.15261, 48.4061], [-126.16127, 48.40416], [-126.17141, 48.40286], [-126.18531, 48.40107], [-126.20222, 48.3989], [-126.22483, 48.396], [-126.25171, 48.39255], [-126.28102, 48.38862], [-126.31179, 48.38469], [-126.31405, 48.37495], [-126.29357, 48.36199], [-126.27332, 48.34918], [-126.25295, 48.33629], [-126.23273, 48.3235], [-126.21237, 48.31062], [-126.1907, 48.29659], [-126.16937, 48.28383], [-126.14835, 48.27126], [-126.1271, 48.25855], [-126.10583, 48.24583], [-126.08474, 48.23321], [-126.06453, 48.21779], [-126.04574, 48.2023], [-126.02526, 48.18542], [-126.00371, 48.16765], [-125.98227, 48.14997], [-125.96079, 48.13227], [-125.96352, 48.12748], [-125.9867, 48.13452], [-125.98, 48.14291], [-125.94833, 48.15245], [-125.92092, 48.16071], [-125.89611, 48.16819], [-125.87289, 48.17518], [-125.85161, 48.18159], [-125.83055, 48.18855], [-125.81117, 48.19656], [-125.79537, 48.20309], [-125.78284, 48.20827], [-125.76972, 48.21369], [-125.75603, 48.21935], [-125.7438, 48.2246], [-125.73511, 48.23042], [-125.72562, 48.23677], [-125.7155, 48.24355], [-125.70791, 48.24863], [-125.7024, 48.25233], [-125.69641, 48.25492], [-125.692, 48.2586], [-125.68883, 48.26126], [-125.68665, 48.26308], [-125.68465, 48.26475], [-125.68285, 48.26626], [-125.67829, 48.26707], [-125.67313, 48.26775], [-125.66835, 48.26839], [-125.66361, 48.26902], [-125.65863, 48.26968], [-125.65356, 48.27036], [-125.64836, 48.27105], [-125.6432, 48.27174], [-125.63812, 48.27241], [-125.63311, 48.27308], [-125.62824, 48.27372], [-125.62344, 48.27436], [-125.6186, 48.27501], [-125.6138, 48.27564], [-125.60917, 48.27626], [-125.60461, 48.27687], [-125.59994, 48.27749], [-125.59535, 48.2781], [-125.59063, 48.27873], [-125.5858, 48.27937], [-125.58018, 48.27975], [-125.576, 48.2809], [-125.57218, 48.28196], [-125.56838, 48.283], [-125.56453, 48.28407], [-125.56078, 48.2851], [-125.55689, 48.28618], [-125.55303, 48.28724], [-125.54924, 48.28828], [-125.54538, 48.28935], [-125.54154, 48.29041], [-125.53778, 48.29144], [-125.5341, 48.29246], [-125.53042, 48.29348], [-125.52668, 48.29451], [-125.52297, 48.29553], [-125.51931, 48.29654], [-125.51563, 48.29756], [-125.51192, 48.29858], [-125.50814, 48.29962], [-125.50363, 48.29998], [-125.50086, 48.30176], [-125.49817, 48.30349], [-125.49547, 48.30523], [-125.49274, 48.30699], [-125.49007, 48.3087], [-125.48744, 48.3104], [-125.48481, 48.3121], [-125.48215, 48.31381], [-125.4795, 48.31551], [-125.47684, 48.31722], [-125.47417, 48.31894], [-125.47151, 48.32066], [-125.46884, 48.32237], [-125.46624, 48.32405], [-125.46364, 48.32572], [-125.46092, 48.32747], [-125.4582, 48.32923], [-125.45554, 48.33094], [-125.45278, 48.33271], [-125.44945, 48.33424], [-125.44691, 48.33619], [-125.4441, 48.33835], [-125.44112, 48.34065], [-125.43813, 48.34295], [-125.43514, 48.34524], [-125.43223, 48.34748], [-125.42928, 48.34975], [-125.42624, 48.35208], [-125.42326, 48.35438], [-125.42021, 48.35672], [-125.41702, 48.35917], [-125.41323, 48.36209], [-125.40902, 48.36533], [-125.4048, 48.36858], [-125.40063, 48.37178], [-125.39671, 48.37479], [-125.39304, 48.37762], [-125.38941, 48.38041], [-125.38579, 48.38319], [-125.38209, 48.38585], [-125.37976, 48.38872], [-125.37747, 48.39153], [-125.37514, 48.3944], [-125.37279, 48.39729], [-125.37044, 48.40017], [-125.36803, 48.40314], [-125.36561, 48.40611], [-125.36318, 48.4091], [-125.36072, 48.41212], [-125.35817, 48.41526], [-125.35554, 48.4185], [-125.3529, 48.42174], [-125.35021, 48.42504], [-125.34746, 48.42842], [-125.34468, 48.43184], [-125.34195, 48.4352], [-125.33926, 48.4385], [-125.33674, 48.4416], [-125.33434, 48.44455], [-125.33109, 48.44813], [-125.32927, 48.45048], [-125.3275, 48.45274], [-125.32575, 48.45499], [-125.32394, 48.4573], [-125.32218, 48.45956], [-125.321, 48.46107], [-125.32029, 48.46198], [-125.31937, 48.46316], [-125.31826, 48.46459], [-125.31681, 48.46644], [-125.31509, 48.46865], [-125.31332, 48.47091], [-125.31155, 48.47318], [-125.30984, 48.47537], [-125.30815, 48.47754], [-125.3064, 48.47978], [-125.30469, 48.48198], [-125.30301, 48.48413], [-125.30131, 48.48631], [-125.30079, 48.48959], [-125.29942, 48.49203], [-125.29805, 48.49449], [-125.29668, 48.49693], [-125.29556, 48.49894], [-125.29463, 48.5006], [-125.2935, 48.50261], [-125.29219, 48.50496], [-125.2909, 48.50726], [-125.28962, 48.50954], [-125.28837, 48.51178], [-125.28713, 48.514], [-125.28582, 48.51633], [-125.28454, 48.51863], [-125.28337, 48.52072], [-125.28225, 48.52271], [-125.28116, 48.52466], [-125.2801, 48.52655], [-125.27907, 48.52841], [-125.27805, 48.53022], [-125.27649, 48.53235], [-125.27491, 48.53373], [-125.27335, 48.5351], [-125.27178, 48.53647], [-125.27023, 48.53783], [-125.26868, 48.53919], [-125.26712, 48.54055], [-125.26557, 48.54191], [-125.264, 48.54328], [-125.26244, 48.54465], [-125.26094, 48.54597], [-125.25945, 48.54727], [-125.25793, 48.54859], [-125.25642, 48.54992], [-125.25493, 48.55122], [-125.25346, 48.55251], [-125.25197, 48.55381], [-125.25047, 48.55512], [-125.24896, 48.55645], [-125.24741, 48.55781], [-125.24574, 48.55935], [-125.24441, 48.56052], [-125.24308, 48.56169], [-125.24173, 48.56287], [-125.24035, 48.56408], [-125.23893, 48.56533], [-125.23743, 48.56665], [-125.23589, 48.568], [-125.2343, 48.5694], [-125.23267, 48.57083], [-125.23121, 48.57211], [-125.22987, 48.57329], [-125.22853, 48.57446], [-125.22724, 48.5756], [-125.22598, 48.57671], [-125.2247, 48.57783], [-125.22335, 48.57902], [-125.22203, 48.58018], [-125.22075, 48.5813], [-125.21943, 48.58246], [-125.21896, 48.58297], [-125.21674, 48.58417], [-125.21469, 48.58529], [-125.21262, 48.58642], [-125.21039, 48.58763], [-125.20813, 48.58886], [-125.20587, 48.59009], [-125.2036, 48.59132], [-125.20131, 48.59256], [-125.19908, 48.59378], [-125.19687, 48.59498], [-125.19465, 48.59619], [-125.19286, 48.59717], [-125.19143, 48.59794], [-125.18963, 48.59892], [-125.18754, 48.60006], [-125.18541, 48.60122], [-125.18326, 48.60239], [-125.1811, 48.60356], [-125.1789, 48.60476], [-125.17575, 48.60616], [-125.17223, 48.60718], [-125.1689, 48.60815], [-125.16579, 48.60906], [-125.16275, 48.60994], [-125.15972, 48.61082], [-125.15663, 48.61172], [-125.15354, 48.61262], [-125.15051, 48.6135], [-125.14754, 48.61436], [-125.14462, 48.61521], [-125.1416, 48.61609], [-125.13776, 48.61684], [-125.1342, 48.61744], [-125.13081, 48.61802], [-125.12743, 48.61859], [-125.12416, 48.61915], [-125.12102, 48.61968], [-125.11776, 48.62024], [-125.11455, 48.62078], [-125.11136, 48.62132], [-125.10818, 48.62186], [-125.10502, 48.6224], [-125.10177, 48.62295], [-125.09589, 48.62271], [-125.09292, 48.62334], [-125.09015, 48.62393], [-125.08739, 48.62452], [-125.08465, 48.6251], [-125.08196, 48.62568], [-125.07932, 48.62624], [-125.07674, 48.62679], [-125.07419, 48.62733], [-125.07167, 48.62787], [-125.06924, 48.62839], [-125.06673, 48.62893], [-125.06627, 48.62945], [-125.06774, 48.63007], [-125.06921, 48.63068], [-125.07064, 48.63129], [-125.07201, 48.63186], [-125.07334, 48.63242], [-125.07471, 48.633], [-125.07609, 48.63358], [-125.07744, 48.63414], [-125.07875, 48.63469], [-125.08003, 48.63523], [-125.08132, 48.63577], [-125.0828, 48.6363], [-125.08407, 48.63682], [-125.08542, 48.63737], [-125.08678, 48.63794], [-125.08813, 48.63849], [-125.08951, 48.63906], [-125.0911, 48.63972], [-125.09276, 48.6404], [-125.09443, 48.64109], [-125.0961, 48.64178], [-125.09779, 48.64248], [-125.09957, 48.64321], [-125.10226, 48.64406], [-125.10451, 48.64499], [-125.10673, 48.6459], [-125.10894, 48.64681], [-125.11104, 48.64768], [-125.11307, 48.64852], [-125.11508, 48.64934], [-125.11703, 48.65015], [-125.1191, 48.651], [-125.12119, 48.65186], [-125.12329, 48.65273], [-125.12554, 48.65365], [-125.12871, 48.65461], [-125.13134, 48.65576], [-125.13375, 48.65682], [-125.13619, 48.65789], [-125.1386, 48.65896], [-125.141, 48.66001], [-125.14344, 48.66109], [-125.14581, 48.66213], [-125.14812, 48.66314], [-125.15045, 48.66417], [-125.15283, 48.66522], [-125.15533, 48.66632], [-125.1585, 48.66787], [-125.1609, 48.66918], [-125.16319, 48.67042], [-125.16547, 48.67166], [-125.1678, 48.67293], [-125.17014, 48.67421], [-125.1725, 48.67549], [-125.17485, 48.67677], [-125.17721, 48.67806], [-125.17955, 48.67933], [-125.18181, 48.68056], [-125.18412, 48.68182], [-125.18973, 48.68378], [-125.19179, 48.68517], [-125.19387, 48.68657], [-125.19593, 48.68796], [-125.19786, 48.68926], [-125.19969, 48.69049], [-125.20174, 48.69188], [-125.20389, 48.69333], [-125.20604, 48.69478], [-125.20816, 48.69621], [-125.21027, 48.69762], [-125.2125, 48.69913], [-125.2158, 48.70121], [-125.21787, 48.70258], [-125.21991, 48.70393], [-125.22197, 48.7053], [-125.22401, 48.70666], [-125.22607, 48.70802], [-125.22791, 48.70924], [-125.2296, 48.71036], [-125.23153, 48.71165], [-125.2336, 48.71302], [-125.23567, 48.71439], [-125.23784, 48.71583], [-125.24033, 48.71785], [-125.24209, 48.71905], [-125.2439, 48.72028], [-125.24572, 48.72152], [-125.24756, 48.72276], [-125.24934, 48.72397], [-125.2511, 48.72517], [-125.25284, 48.72635], [-125.25449, 48.72747], [-125.25604, 48.72853], [-125.2576, 48.72958], [-125.25929, 48.73073], [-125.26097, 48.73213], [-125.2621, 48.73291], [-125.26323, 48.73369], [-125.2644, 48.7345], [-125.26614, 48.73513], [-125.26795, 48.73531], [-125.26959, 48.73548], [-125.2711, 48.73563], [-125.27257, 48.73578], [-125.27401, 48.73593], [-125.2754, 48.73607], [-125.27677, 48.73621], [-125.27816, 48.73635], [-125.27957, 48.73649], [-125.28102, 48.73664], [-125.28245, 48.73678], [-125.2839, 48.73693], [-125.28536, 48.73708], [-125.28685, 48.73723], [-125.28834, 48.73738], [-125.28981, 48.73753], [-125.29129, 48.73768], [-125.29284, 48.73784], [-125.29453, 48.73801], [-125.29703, 48.7384], [-125.29975, 48.73869], [-125.3023, 48.73895], [-125.30491, 48.73923], [-125.30755, 48.73951], [-125.3102, 48.73979], [-125.31304, 48.74009], [-125.31612, 48.74041], [-125.31944, 48.74076], [-125.32288, 48.74112], [-125.32614, 48.74147], [-125.32922, 48.74179], [-125.33232, 48.74212], [-125.33537, 48.74244], [-125.33818, 48.74274], [-125.34078, 48.74301], [-125.34362, 48.74331], [-125.34659, 48.74363], [-125.34951, 48.74393], [-125.35253, 48.74425], [-125.35599, 48.74483], [-125.35891, 48.7452], [-125.36165, 48.74555], [-125.36441, 48.7459], [-125.36715, 48.74625], [-125.36989, 48.7466], [-125.37263, 48.74695], [-125.37536, 48.74729], [-125.37811, 48.74764], [-125.38084, 48.74799], [-125.38361, 48.74834], [-125.38643, 48.7487], [-125.38912, 48.74904], [-125.39165, 48.74936], [-125.39413, 48.74968], [-125.39665, 48.75], [-125.39926, 48.75033], [-125.40189, 48.75067], [-125.4046, 48.75101], [-125.40739, 48.75137], [-125.41079, 48.75185], [-125.41372, 48.75223], [-125.41649, 48.75258], [-125.41927, 48.75293], [-125.42198, 48.75328], [-125.42471, 48.75363], [-125.42748, 48.75398], [-125.43023, 48.75433], [-125.43304, 48.75469], [-125.43582, 48.75504], [-125.43853, 48.75539], [-125.44126, 48.75573], [-125.44412, 48.7561], [-125.447, 48.75646], [-125.44987, 48.75683], [-125.45269, 48.75719], [-125.45555, 48.75755], [-125.45843, 48.75792], [-125.46134, 48.75829], [-125.46422, 48.75866], [-125.46783, 48.75826], [-125.47044, 48.75739], [-125.47312, 48.75649], [-125.47577, 48.75561], [-125.47843, 48.75472], [-125.48117, 48.75381], [-125.4839, 48.7529], [-125.48657, 48.75201], [-125.48934, 48.75109], [-125.49219, 48.75014], [-125.49513, 48.74916], [-125.49805, 48.74819], [-125.50096, 48.74722], [-125.50388, 48.74625], [-125.50688, 48.74525], [-125.50997, 48.74422], [-125.51303, 48.7432], [-125.5162, 48.74215], [-125.51945, 48.74107], [-125.52279, 48.73995], [-125.52705, 48.73862], [-125.53083, 48.73792], [-125.53468, 48.7372], [-125.53859, 48.73648], [-125.54241, 48.73577], [-125.54627, 48.73505], [-125.55032, 48.7343], [-125.55441, 48.73354], [-125.55853, 48.73277], [-125.56272, 48.73199], [-125.56682, 48.73123], [-125.57079, 48.73049], [-125.57455, 48.72979], [-125.5782, 48.72911], [-125.58174, 48.72845], [-125.58518, 48.72781], [-125.589, 48.7271], [-125.593, 48.72636], [-125.59699, 48.72562], [-125.60111, 48.72485], [-125.60684, 48.72391], [-125.61186, 48.72296], [-125.61683, 48.72201], [-125.62165, 48.72109], [-125.62679, 48.72011], [-125.63227, 48.71906], [-125.63801, 48.71797], [-125.64397, 48.71683], [-125.65022, 48.71563], [-125.65678, 48.71438], [-125.66266, 48.71326], [-125.66787, 48.71227], [-125.67321, 48.71125], [-125.6786, 48.71022], [-125.68374, 48.70924], [-125.68868, 48.70829], [-125.69374, 48.70733], [-125.69881, 48.70636], [-125.70379, 48.70541], [-125.7088, 48.70445], [-125.71492, 48.70362], [-125.71911, 48.7022], [-125.72314, 48.70083], [-125.72712, 48.69949], [-125.73105, 48.69816], [-125.73495, 48.69684], [-125.73886, 48.69552], [-125.74275, 48.6942], [-125.74668, 48.69287], [-125.7505, 48.69157], [-125.75426, 48.6903], [-125.75806, 48.68902], [-125.76187, 48.68773], [-125.76564, 48.68645], [-125.76925, 48.68523], [-125.77267, 48.68407], [-125.77551, 48.68311], [-125.77783, 48.68233], [-125.77984, 48.68165], [-125.78149, 48.68109], [-125.78377, 48.68053], [-125.78517, 48.68021], [-125.78642, 48.67992], [-125.78767, 48.67963], [-125.78894, 48.67934], [-125.7902, 48.67905], [-125.79144, 48.67876], [-125.79264, 48.67848], [-125.7939, 48.67819], [-125.79516, 48.6779], [-125.79645, 48.6776], [-125.79773, 48.6773], [-125.799, 48.67701], [-125.80027, 48.67672], [-125.80152, 48.67643], [-125.80279, 48.67613], [-125.80408, 48.67584], [-125.80536, 48.67554], [-125.80671, 48.67523], [-125.80811, 48.6749], [-125.80881, 48.67445], [-125.81001, 48.67404], [-125.81109, 48.67367], [-125.81217, 48.67331], [-125.81322, 48.67295], [-125.81424, 48.6726], [-125.81529, 48.67224], [-125.81635, 48.67187], [-125.81742, 48.67151], [-125.81849, 48.67114], [-125.81957, 48.67077], [-125.82062, 48.67041], [-125.82173, 48.67003], [-125.82286, 48.66964], [-125.82399, 48.66926], [-125.82514, 48.66886], [-125.82627, 48.66848], [-125.82739, 48.66809], [-125.82855, 48.6677], [-125.82969, 48.66731], [-125.8301, 48.66629], [-125.8313, 48.66573], [-125.83226, 48.66527], [-125.8332, 48.66483], [-125.83425, 48.66434], [-125.83534, 48.66383], [-125.83644, 48.66331], [-125.83749, 48.66282], [-125.83853, 48.66233], [-125.83957, 48.66184], [-125.84061, 48.66136], [-125.84162, 48.66088], [-125.84263, 48.66041], [-125.8436, 48.65995], [-125.84459, 48.65949], [-125.84558, 48.65902], [-125.84658, 48.65855], [-125.8476, 48.65808], [-125.84863, 48.65759], [-125.84963, 48.65712], [-125.85104, 48.65616], [-125.85213, 48.65547], [-125.85309, 48.65487], [-125.85405, 48.65426], [-125.85502, 48.65365], [-125.85596, 48.65305], [-125.85693, 48.65244], [-125.8579, 48.65183], [-125.85888, 48.65121], [-125.85987, 48.65059], [-125.86088, 48.64995], [-125.8619, 48.64931], [-125.86296, 48.64864], [-125.86403, 48.64797], [-125.86509, 48.6473], [-125.86616, 48.64662], [-125.86728, 48.64592], [-125.8684, 48.64521], [-125.86955, 48.64448], [-125.87076, 48.64372], [-125.87234, 48.64232], [-125.87347, 48.64113], [-125.87452, 48.64002], [-125.87559, 48.6389], [-125.87664, 48.63779], [-125.87768, 48.63668], [-125.87877, 48.63554], [-125.87983, 48.63443], [-125.8809, 48.63329], [-125.88198, 48.63215], [-125.88307, 48.631], [-125.88416, 48.62985], [-125.88526, 48.62869], [-125.88636, 48.62753], [-125.88746, 48.62637], [-125.88853, 48.62524], [-125.88962, 48.62409], [-125.89072, 48.62293], [-125.89184, 48.62174], [-125.89295, 48.62058], [-125.89431, 48.61833], [-125.89579, 48.6167], [-125.89715, 48.61519], [-125.89852, 48.61367], [-125.89991, 48.61213], [-125.90131, 48.61058], [-125.90272, 48.60902], [-125.90412, 48.60747], [-125.90554, 48.6059], [-125.90695, 48.60434], [-125.90839, 48.60275], [-125.90983, 48.60115], [-125.91126, 48.59956], [-125.91268, 48.598], [-125.9141, 48.59642], [-125.91554, 48.59483], [-125.91703, 48.59318], [-125.91855, 48.5915], [-125.92004, 48.58984], [-125.92156, 48.58817], [-125.92354, 48.58591], [-125.9259, 48.58413], [-125.92798, 48.58257], [-125.93003, 48.58102], [-125.93207, 48.57949], [-125.9341, 48.57797], [-125.93622, 48.57637], [-125.93839, 48.57473], [-125.94055, 48.57311], [-125.94269, 48.5715], [-125.94489, 48.56985], [-125.94709, 48.5682], [-125.94935, 48.56649], [-125.95167, 48.56475], [-125.95394, 48.56304], [-125.95619, 48.56134], [-125.95852, 48.55959], [-125.9609, 48.5578], [-125.96331, 48.55599], [-125.96582, 48.5541], [-125.96871, 48.55132], [-125.97139, 48.54948], [-125.97395, 48.54771], [-125.97657, 48.54592], [-125.97919, 48.54411], [-125.98176, 48.54234], [-125.98437, 48.54055], [-125.98701, 48.53874], [-125.98973, 48.53687], [-125.99251, 48.53496], [-125.99532, 48.53303], [-125.9981, 48.53112], [-126.00093, 48.52917], [-126.00385, 48.52716], [-126.00685, 48.5251], [-126.00983, 48.52305], [-126.01286, 48.52097], [-126.01595, 48.51885], [-126.01918, 48.51662], [-126.02254, 48.51432], [-126.02573, 48.5109], [-126.02877, 48.50868], [-126.03182, 48.50646], [-126.03492, 48.5042], [-126.03807, 48.5019], [-126.04128, 48.49957], [-126.04453, 48.4972], [-126.04784, 48.49478], [-126.05123, 48.49231], [-126.05465, 48.48981], [-126.05815, 48.48726], [-126.06164, 48.48471], [-126.06523, 48.4821], [-126.06892, 48.47941], [-126.0727, 48.47666], [-126.07655, 48.47385], [-126.08063, 48.47087], [-126.08474, 48.46788], [-126.08891, 48.46484], [-126.09327, 48.46166], [-126.09805, 48.45821], [-126.10266, 48.45548], [-126.1072, 48.4528], [-126.11184, 48.45006], [-126.11661, 48.44723], [-126.12153, 48.44432], [-126.12668, 48.44128], [-126.13191, 48.43818], [-126.13746, 48.4349], [-126.14323, 48.43149], [-126.14938, 48.42785], [-126.15591, 48.42399], [-126.16297, 48.41982], [-126.17041, 48.41542], [-126.17931, 48.41015], [-126.18948, 48.40414], [-126.20555, 48.39464], [-126.22606, 48.38251], [-126.24794, 48.36957], [-126.26527, 48.35932], [-126.25312, 48.31942], [-126.28213, 48.31375], [-126.31177, 48.30795], [-126.34221, 48.302], [-126.37248, 48.29608], [-126.40262, 48.29019], [-126.43555, 48.28443], [-126.47085, 48.27947], [-126.5062, 48.27451], [-126.54088, 48.26965], [-126.57555, 48.26478], [-126.6103, 48.2599], [-126.6196, 48.24883], [-126.60236, 48.23244], [-126.58516, 48.21609], [-126.56791, 48.1997], [-126.55073, 48.18337], [-126.53361, 48.1671], [-126.51498, 48.16638], [-126.50975, 48.18446], [-126.50586, 48.20125], [-126.50866, 48.21754], [-126.52775, 48.23555]]}, "properties": {"deployment": "dfo-eva035-20250527", "glider": "eva035", "group": "svi_shelf", "segment": 0, "n_points": 1206, "deployment_start": "2025-05-27", "deployment_month": "2025-05", "segment_start": "2025-05-27T20:35", "segment_end": "2025-06-11T08:47", "segment_month": "2025-06", "epoch_days": 458, "segment_epoch_days": 458}}, {"type": "Feature", "geometry": {"type": "LineString", "coordinates": [[-126.35252, 48.21809], [-126.32437, 48.21421], [-126.29717, 48.21045], [-126.27089, 48.20683], [-126.24339, 48.20304], [-126.21522, 48.19915], [-126.18609, 48.19373], [-126.15805, 48.18827], [-126.13064, 48.18293], [-126.10403, 48.17775], [-126.07642, 48.17237], [-126.04799, 48.16683], [-126.01757, 48.17156], [-125.9913, 48.18535], [-125.96727, 48.19797], [-125.94499, 48.20968], [-125.92661, 48.21933], [-125.91108, 48.22749], [-125.89466, 48.23214], [-125.88163, 48.23616], [-125.86998, 48.23975], [-125.85935, 48.24302], [-125.84978, 48.24597], [-125.84115, 48.24863], [-125.83232, 48.25055], [-125.82525, 48.25212], [-125.8188, 48.25355], [-125.81297, 48.25485], [-125.80732, 48.2561], [-125.80206, 48.25727], [-125.79646, 48.25801], [-125.7917, 48.259], [-125.78723, 48.25993], [-125.78293, 48.26083], [-125.77842, 48.26177], [-125.77371, 48.26275], [-125.76839, 48.26318], [-125.76431, 48.2642], [-125.76035, 48.26519], [-125.75635, 48.26618], [-125.75225, 48.2672], [-125.74811, 48.26823], [-125.7437, 48.26924], [-125.74029, 48.27061], [-125.73689, 48.27198], [-125.73371, 48.27326], [-125.73052, 48.27455], [-125.72725, 48.27586], [-125.72131, 48.2777], [-125.71352, 48.28107], [-125.70769, 48.2836], [-125.70336, 48.28547], [-125.69911, 48.28731], [-125.69473, 48.28921], [-125.69039, 48.29109], [-125.68631, 48.29286], [-125.68222, 48.29463], [-125.67817, 48.29639], [-125.67409, 48.29815], [-125.67009, 48.29989], [-125.66624, 48.30155], [-125.66238, 48.30323], [-125.65846, 48.30492], [-125.6546, 48.30659], [-125.65078, 48.30825], [-125.64699, 48.30989], [-125.6434, 48.31145], [-125.63976, 48.31302], [-125.63329, 48.31447], [-125.62776, 48.31594], [-125.62203, 48.31747], [-125.61628, 48.319], [-125.61047, 48.32055], [-125.6046, 48.32211], [-125.59887, 48.32364], [-125.59326, 48.32513], [-125.58742, 48.32668], [-125.58144, 48.32828], [-125.57567, 48.32981], [-125.56996, 48.33134], [-125.56412, 48.33289], [-125.55832, 48.33443], [-125.55255, 48.33597], [-125.54676, 48.33751], [-125.5411, 48.33902], [-125.5356, 48.34049], [-125.52998, 48.34198], [-125.52419, 48.34352], [-125.51684, 48.34487], [-125.5123, 48.34612], [-125.50796, 48.34732], [-125.50354, 48.34855], [-125.49917, 48.34975], [-125.4949, 48.35094], [-125.49059, 48.35213], [-125.48626, 48.35333], [-125.48198, 48.35451], [-125.47765, 48.35571], [-125.47313, 48.35696], [-125.46886, 48.35814], [-125.46455, 48.35934], [-125.46016, 48.36055], [-125.45597, 48.36171], [-125.45187, 48.36284], [-125.4475, 48.36405], [-125.443, 48.3653], [-125.43845, 48.36656], [-125.43392, 48.36781], [-125.42822, 48.3694], [-125.42584, 48.37181], [-125.42315, 48.37453], [-125.42031, 48.37741], [-125.41769, 48.38006], [-125.41509, 48.38269], [-125.41253, 48.38527], [-125.40993, 48.38791], [-125.40729, 48.39058], [-125.40459, 48.39331], [-125.4019, 48.39603], [-125.3993, 48.39866], [-125.39663, 48.40137], [-125.39402, 48.40401], [-125.3914, 48.40666], [-125.38884, 48.40925], [-125.38622, 48.4119], [-125.38359, 48.41456], [-125.38104, 48.41715], [-125.37849, 48.41972], [-125.3757, 48.42239], [-125.37324, 48.42482], [-125.37083, 48.42719], [-125.3684, 48.42958], [-125.36599, 48.43196], [-125.36357, 48.43433], [-125.36108, 48.43679], [-125.35859, 48.43924], [-125.35611, 48.44168], [-125.35364, 48.44411], [-125.35119, 48.44653], [-125.34875, 48.44893], [-125.34636, 48.45128], [-125.34397, 48.45364], [-125.34156, 48.45601], [-125.33916, 48.45837], [-125.33678, 48.46071], [-125.33442, 48.46304], [-125.33206, 48.46537], [-125.32967, 48.46772], [-125.32799, 48.47087], [-125.32707, 48.47327], [-125.32614, 48.47567], [-125.32521, 48.47807], [-125.3243, 48.48042], [-125.3234, 48.48275], [-125.32249, 48.4851], [-125.32159, 48.48743], [-125.32068, 48.48979], [-125.31978, 48.49212], [-125.31891, 48.49436], [-125.31806, 48.49656], [-125.3172, 48.49877], [-125.31635, 48.50097], [-125.31552, 48.50313], [-125.3147, 48.50526], [-125.31389, 48.50735], [-125.31308, 48.50944], [-125.31225, 48.51157], [-125.3114, 48.51377], [-125.30995, 48.51625], [-125.30735, 48.51829], [-125.30476, 48.52032], [-125.3022, 48.52233], [-125.29983, 48.52419], [-125.29762, 48.52592], [-125.29542, 48.52765], [-125.29324, 48.52935], [-125.29104, 48.53108], [-125.28891, 48.53275], [-125.28768, 48.53372], [-125.28719, 48.5341], [-125.28588, 48.53513], [-125.28383, 48.53673], [-125.28176, 48.53835], [-125.27972, 48.53995], [-125.27782, 48.54144], [-125.27598, 48.54289], [-125.27397, 48.54446], [-125.27191, 48.54608], [-125.26808, 48.54818], [-125.26401, 48.54947], [-125.26005, 48.55074], [-125.25621, 48.55196], [-125.25239, 48.55318], [-125.24855, 48.5544], [-125.2446, 48.55566], [-125.24066, 48.55692], [-125.23668, 48.55818], [-125.23265, 48.55947], [-125.22828, 48.56086], [-125.2236, 48.56235], [-125.21956, 48.56364], [-125.21613, 48.56473], [-125.21266, 48.56584], [-125.20914, 48.56696], [-125.20564, 48.56807], [-125.20212, 48.5692], [-125.19842, 48.57037], [-125.19462, 48.57159], [-125.19016, 48.57318], [-125.18723, 48.57423], [-125.18433, 48.57527], [-125.18146, 48.5763], [-125.17853, 48.57736], [-125.17563, 48.5784], [-125.17273, 48.57944], [-125.16986, 48.58047], [-125.16685, 48.58156], [-125.16356, 48.58274], [-125.16014, 48.58397], [-125.15685, 48.58515], [-125.15371, 48.58628], [-125.15061, 48.58739], [-125.14747, 48.58852], [-125.14436, 48.58964], [-125.14122, 48.59077], [-125.13796, 48.59194], [-125.13465, 48.59313], [-125.13144, 48.59428], [-125.13025, 48.59563], [-125.12915, 48.5974], [-125.12813, 48.59903], [-125.12718, 48.60055], [-125.12623, 48.60207], [-125.12529, 48.60358], [-125.12433, 48.6051], [-125.12338, 48.60662], [-125.12248, 48.60806], [-125.12158, 48.6095], [-125.12066, 48.61097], [-125.1197, 48.61251], [-125.12245, 48.61459], [-125.12223, 48.61611], [-125.12201, 48.61754], [-125.12181, 48.61893], [-125.1216, 48.62032], [-125.12139, 48.6217], [-125.12119, 48.62307], [-125.12099, 48.62442], [-125.12079, 48.62578], [-125.12058, 48.62714], [-125.12038, 48.62852], [-125.12017, 48.62993], [-125.12074, 48.63159], [-125.12023, 48.63262], [-125.11974, 48.63362], [-125.11927, 48.63458], [-125.1188, 48.63553], [-125.11834, 48.63647], [-125.11789, 48.63737], [-125.11744, 48.63829], [-125.11699, 48.63921], [-125.11655, 48.64011], [-125.11612, 48.64098], [-125.11568, 48.64186], [-125.11584, 48.64307], [-125.11539, 48.64393], [-125.11497, 48.64473], [-125.11454, 48.64554], [-125.11411, 48.64636], [-125.11371, 48.64713], [-125.11333, 48.64786], [-125.11295, 48.64858], [-125.11258, 48.64928], [-125.11222, 48.64997], [-125.11185, 48.65067], [-125.11148, 48.65139], [-125.1117, 48.65184], [-125.11138, 48.65223], [-125.11109, 48.65259], [-125.1108, 48.65294], [-125.11051, 48.65329], [-125.11023, 48.65364], [-125.10996, 48.65397], [-125.10969, 48.65429], [-125.10941, 48.65464], [-125.10913, 48.65499], [-125.10884, 48.65534], [-125.10854, 48.65571], [-125.11056, 48.65689], [-125.11332, 48.65821], [-125.11585, 48.65941], [-125.11854, 48.66069], [-125.12123, 48.66197], [-125.12379, 48.66319], [-125.12629, 48.66438], [-125.12889, 48.66561], [-125.13147, 48.66684], [-125.13382, 48.66796], [-125.13627, 48.66913], [-125.13895, 48.6704], [-125.1432, 48.67229], [-125.14613, 48.6737], [-125.14869, 48.67493], [-125.15121, 48.67615], [-125.15365, 48.67732], [-125.15604, 48.67848], [-125.15848, 48.67965], [-125.161, 48.68087], [-125.16336, 48.682], [-125.16554, 48.68305], [-125.16839, 48.68443], [-125.1712, 48.68578], [-125.17495, 48.68755], [-125.17769, 48.68903], [-125.17998, 48.69027], [-125.18221, 48.69149], [-125.18434, 48.69264], [-125.1863, 48.69371], [-125.18793, 48.69459], [-125.18938, 48.69538], [-125.19096, 48.69624], [-125.19257, 48.69711], [-125.19482, 48.69833], [-125.1976, 48.69984], [-125.20172, 48.70185], [-125.20499, 48.70354], [-125.20781, 48.70498], [-125.21054, 48.70639], [-125.21324, 48.70777], [-125.21586, 48.70912], [-125.21857, 48.71051], [-125.22142, 48.71198], [-125.22429, 48.71345], [-125.22705, 48.71487], [-125.22987, 48.71632], [-125.23284, 48.71784], [-125.23953, 48.72058], [-125.24313, 48.72242], [-125.24624, 48.72401], [-125.24933, 48.72558], [-125.25243, 48.72716], [-125.25539, 48.72867], [-125.25845, 48.73023], [-125.26141, 48.73175], [-125.26426, 48.7332], [-125.26701, 48.7346], [-125.26942, 48.73583], [-125.27183, 48.73706], [-125.27491, 48.73909], [-125.27638, 48.74085], [-125.27764, 48.74235], [-125.27901, 48.744], [-125.2806, 48.74613], [-125.28118, 48.74771], [-125.28192, 48.74973], [-125.2828, 48.75215], [-125.28436, 48.75527], [-125.2846, 48.75772], [-125.28482, 48.76002], [-125.28505, 48.76239], [-125.28543, 48.76521], [-125.28509, 48.76749], [-125.28477, 48.7697], [-125.28442, 48.77203], [-125.28405, 48.77469], [-125.28296, 48.77661], [-125.28196, 48.77837], [-125.28092, 48.7802], [-125.28019, 48.78261], [-125.2794, 48.78463], [-125.27869, 48.78647], [-125.27795, 48.78838], [-125.27731, 48.79085], [-125.2759, 48.79258], [-125.27462, 48.79415], [-125.27329, 48.79579], [-125.27199, 48.7983], [-125.27023, 48.7994], [-125.2684, 48.80055], [-125.26634, 48.80184], [-125.2654, 48.80583], [-125.26499, 48.80797], [-125.2646, 48.80996], [-125.26418, 48.8121], [-125.26339, 48.81474], [-125.26295, 48.81693], [-125.26254, 48.81893], [-125.26212, 48.821], [-125.26162, 48.82348], [-125.26164, 48.82577], [-125.26165, 48.828], [-125.26166, 48.83031], [-125.26088, 48.83286], [-125.25982, 48.83515], [-125.25884, 48.83726], [-125.25785, 48.83939], [-125.25654, 48.84202], [-125.25615, 48.84328], [-125.25564, 48.8449], [-125.25499, 48.84695], [-125.25293, 48.84884], [-125.25078, 48.85015], [-125.24882, 48.85136], [-125.24682, 48.85258], [-125.24369, 48.85374], [-125.24189, 48.85485], [-125.2402, 48.85588], [-125.23845, 48.85695], [-125.23648, 48.85808], [-125.2351, 48.85909], [-125.2338, 48.86003], [-125.23245, 48.861], [-125.23092, 48.86213], [-125.22973, 48.86315], [-125.22863, 48.8641], [-125.2275, 48.86507], [-125.22628, 48.86602], [-125.2253, 48.86705], [-125.22441, 48.86801], [-125.22346, 48.86901], [-125.22223, 48.86994], [-125.22121, 48.87077], [-125.22023, 48.87158], [-125.2192, 48.87241], [-125.21781, 48.87306], [-125.21612, 48.8734], [-125.21454, 48.87372], [-125.2129, 48.87405], [-125.21117, 48.87444], [-125.20956, 48.87486], [-125.20808, 48.87525], [-125.20655, 48.87565], [-125.20494, 48.87594], [-125.20324, 48.87618], [-125.20167, 48.8764], [-125.20005, 48.87663], [-125.19819, 48.87702], [-125.19624, 48.87758], [-125.1945, 48.87809], [-125.19268, 48.87862], [-125.191, 48.87928], [-125.18929, 48.87994], [-125.18769, 48.88056], [-125.18598, 48.88122], [-125.18442, 48.88212], [-125.18283, 48.88294], [-125.18136, 48.8837], [-125.17977, 48.88452], [-125.18044, 48.88437], [-125.18233, 48.88385], [-125.18406, 48.88338], [-125.18593, 48.88287], [-125.18864, 48.8822], [-125.19087, 48.88159], [-125.1929, 48.88105], [-125.19501, 48.88048], [-125.1979, 48.87983], [-125.20023, 48.87952], [-125.20237, 48.87924], [-125.2046, 48.87894], [-125.20469, 48.87908], [-125.20249, 48.87952], [-125.20046, 48.87992], [-125.19835, 48.88034], [-125.1962, 48.88092], [-125.19383, 48.88148], [-125.19164, 48.88201], [-125.18933, 48.88256], [-125.18733, 48.88331], [-125.18514, 48.88414], [-125.18313, 48.88491], [-125.18099, 48.88573], [-125.18199, 48.88545], [-125.18368, 48.88476], [-125.18524, 48.88411], [-125.18688, 48.88345], [-125.18948, 48.88265], [-125.19136, 48.88215], [-125.19307, 48.8817], [-125.19485, 48.88123], [-125.19742, 48.88079], [-125.19935, 48.88065], [-125.20104, 48.88051], [-125.20275, 48.88038], [-125.20289, 48.88058], [-125.20079, 48.88093], [-125.19962, 48.88112], [-125.19892, 48.88124], [-125.19759, 48.88156], [-125.19528, 48.8822], [-125.19319, 48.88277], [-125.191, 48.88337], [-125.18928, 48.88392], [-125.18709, 48.88468], [-125.18504, 48.88538], [-125.18292, 48.88612], [-125.18345, 48.88588], [-125.18538, 48.88532], [-125.18718, 48.8848], [-125.18905, 48.88426], [-125.19183, 48.88353], [-125.19389, 48.88291], [-125.1958, 48.88233], [-125.19782, 48.88173], [-125.20066, 48.88087], [-125.20276, 48.88031], [-125.2047, 48.87981], [-125.20672, 48.87928], [-125.2071, 48.87911], [-125.205, 48.87963], [-125.20308, 48.88011], [-125.20105, 48.88061], [-125.19982, 48.88095], [-125.19845, 48.88126], [-125.19693, 48.8816], [-125.19509, 48.88201], [-125.19366, 48.88238], [-125.19173, 48.88284], [-125.18996, 48.88327], [-125.18807, 48.88373], [-125.18677, 48.88429], [-125.18493, 48.88488], [-125.18321, 48.88544], [-125.18137, 48.88604], [-125.18251, 48.88577], [-125.18466, 48.88507], [-125.18662, 48.88444], [-125.18868, 48.88378], [-125.19158, 48.88298], [-125.19379, 48.88233], [-125.19579, 48.88175], [-125.19788, 48.88113], [-125.19877, 48.88079], [-125.1969, 48.88118], [-125.19517, 48.88154], [-125.19336, 48.88192], [-125.19149, 48.88243], [-125.18969, 48.88294], [-125.18805, 48.88342], [-125.18628, 48.88392], [-125.1848, 48.88422], [-125.18331, 48.88491], [-125.18192, 48.88555], [-125.18043, 48.88624], [-125.1813, 48.8859], [-125.18328, 48.88537], [-125.18508, 48.88489], [-125.18704, 48.88437], [-125.18961, 48.88367], [-125.19181, 48.88323], [-125.19378, 48.88283], [-125.19589, 48.88241]]}, "properties": {"deployment": "dfo-eva035-20250527", "glider": "eva035", "group": "svi_shelf", "segment": 1, "n_points": 552, "deployment_start": "2025-05-27", "deployment_month": "2025-05", "segment_start": "2025-06-12T03:56", "segment_end": "2025-06-16T18:11", "segment_month": "2025-06", "epoch_days": 458, "segment_epoch_days": 474}}, {"type": "Feature", "geometry": {"type": "LineString", "coordinates": [[-125.21946, 48.87732], [-125.22054, 48.8767], [-125.22216, 48.87566], [-125.22373, 48.87484], [-125.2256, 48.87391], [-125.22731, 48.87306], [-125.2291, 48.87217], [-125.23054, 48.87108], [-125.23233, 48.87014], [-125.23396, 48.86928], [-125.23569, 48.86837], [-125.23741, 48.8671], [-125.2392, 48.86617], [-125.24084, 48.86532], [-125.2426, 48.86442], [-125.24432, 48.86322], [-125.24599, 48.8621], [-125.24751, 48.86108], [-125.2491, 48.86001], [-125.24993, 48.85851], [-125.25136, 48.8572], [-125.25264, 48.85602], [-125.25403, 48.85474], [-125.2537, 48.85314], [-125.25465, 48.85165], [-125.25551, 48.85029], [-125.25641, 48.84886], [-125.25688, 48.84719], [-125.25735, 48.84572], [-125.2578, 48.8443], [-125.25828, 48.84281], [-125.25868, 48.84112], [-125.25924, 48.8396], [-125.25979, 48.83812], [-125.26034, 48.83665], [-125.26116, 48.83463], [-125.26174, 48.83286], [-125.26229, 48.83119], [-125.26286, 48.82945], [-125.26331, 48.82726], [-125.26337, 48.82532], [-125.26343, 48.82356], [-125.26349, 48.82175], [-125.2634, 48.81933], [-125.26311, 48.81731], [-125.26285, 48.81551], [-125.26258, 48.81361], [-125.26246, 48.81048], [-125.26233, 48.80838], [-125.26222, 48.80649], [-125.26211, 48.80452], [-125.26268, 48.801], [-125.26367, 48.79862], [-125.26462, 48.79637], [-125.2656, 48.79403], [-125.26643, 48.79129], [-125.26707, 48.78936], [-125.26764, 48.78762], [-125.26823, 48.78583], [-125.26992, 48.78362], [-125.27226, 48.78301], [-125.27442, 48.78245], [-125.27662, 48.78189], [-125.27883, 48.78131], [-125.281, 48.78075], [-125.28314, 48.7802], [-125.28527, 48.77965], [-125.28745, 48.77909], [-125.2896, 48.77853], [-125.29172, 48.77798], [-125.29382, 48.77744], [-125.29594, 48.77689], [-125.29804, 48.77635], [-125.30016, 48.7758], [-125.30224, 48.77526], [-125.30428, 48.77474], [-125.30632, 48.77421], [-125.30846, 48.77366], [-125.31056, 48.77311], [-125.31384, 48.77224], [-125.31646, 48.77213], [-125.31887, 48.77203], [-125.3213, 48.77192], [-125.32372, 48.77182], [-125.32612, 48.77172], [-125.32854, 48.77162], [-125.33094, 48.77152], [-125.33338, 48.77142], [-125.33584, 48.77132], [-125.33831, 48.77122], [-125.34079, 48.77111], [-125.34334, 48.77101], [-125.34585, 48.7709], [-125.34835, 48.7708], [-125.35099, 48.77069], [-125.35373, 48.77057], [-125.35632, 48.77046], [-125.35884, 48.77036], [-125.36148, 48.77025], [-125.36507, 48.77007], [-125.36839, 48.77023], [-125.37149, 48.77038], [-125.37458, 48.77052], [-125.37766, 48.77066], [-125.38072, 48.77081], [-125.38382, 48.77095], [-125.38691, 48.7711], [-125.39002, 48.77124], [-125.39315, 48.77139], [-125.39634, 48.77154], [-125.39953, 48.77169], [-125.4027, 48.77184], [-125.40589, 48.77199], [-125.40908, 48.77214], [-125.41227, 48.77229], [-125.41553, 48.77244], [-125.41881, 48.77259], [-125.42208, 48.77275], [-125.42546, 48.7729], [-125.43004, 48.77349], [-125.43362, 48.77335], [-125.43695, 48.77322], [-125.44025, 48.7731], [-125.44359, 48.77297], [-125.44696, 48.77284], [-125.45036, 48.77271], [-125.45382, 48.77258], [-125.45735, 48.77244], [-125.46087, 48.77231], [-125.46437, 48.77217], [-125.46783, 48.77204], [-125.47139, 48.7719], [-125.475, 48.77177], [-125.4786, 48.77163], [-125.48218, 48.77149], [-125.48577, 48.77135], [-125.48941, 48.77121], [-125.49313, 48.77107], [-125.49684, 48.77093], [-125.50137, 48.77045], [-125.50469, 48.76955], [-125.50783, 48.7687], [-125.51102, 48.76783], [-125.51427, 48.76695], [-125.51753, 48.76606], [-125.52081, 48.76518], [-125.5241, 48.76428], [-125.5275, 48.76336], [-125.53096, 48.76242], [-125.53446, 48.76147], [-125.538, 48.76051], [-125.54157, 48.75954], [-125.54516, 48.75857], [-125.54883, 48.75757], [-125.55255, 48.75657], [-125.5563, 48.75555], [-125.56007, 48.75453], [-125.56387, 48.75349], [-125.56784, 48.75242], [-125.57301, 48.75025], [-125.57661, 48.74911], [-125.57998, 48.74805], [-125.58341, 48.74696], [-125.58693, 48.74585], [-125.59042, 48.74475], [-125.59394, 48.74363], [-125.59747, 48.74251], [-125.60074, 48.74148], [-125.60374, 48.74053], [-125.60711, 48.73947], [-125.61079, 48.7383], [-125.61454, 48.73712], [-125.61833, 48.73592], [-125.62213, 48.73472], [-125.62596, 48.73351], [-125.62924, 48.73247], [-125.63208, 48.73157], [-125.63554, 48.73048], [-125.63947, 48.72923], [-125.64342, 48.7272], [-125.64653, 48.72523], [-125.64954, 48.72333], [-125.6526, 48.72139], [-125.65562, 48.71947], [-125.65866, 48.71755], [-125.66168, 48.71564], [-125.6647, 48.71372], [-125.66774, 48.7118], [-125.67078, 48.70987], [-125.67374, 48.708], [-125.67659, 48.70619], [-125.67939, 48.70442], [-125.68215, 48.70267], [-125.6849, 48.70093], [-125.68763, 48.69921], [-125.68969, 48.6979], [-125.69114, 48.69698], [-125.69324, 48.69565], [-125.69585, 48.69399], [-125.7, 48.6912], [-125.70358, 48.68943], [-125.70688, 48.68779], [-125.71011, 48.68619], [-125.71333, 48.6846], [-125.71653, 48.68302], [-125.71969, 48.68145], [-125.72282, 48.6799], [-125.72591, 48.67837], [-125.72898, 48.67685], [-125.73191, 48.6754], [-125.73474, 48.674], [-125.73771, 48.67253], [-125.74074, 48.67103], [-125.74369, 48.66957], [-125.74653, 48.66816], [-125.74873, 48.66707], [-125.75041, 48.66624], [-125.75191, 48.6655], [-125.75328, 48.66482], [-125.75591, 48.66348], [-125.75799, 48.66253], [-125.75976, 48.66171], [-125.76154, 48.66089], [-125.76329, 48.66008], [-125.76504, 48.65928], [-125.76685, 48.65845], [-125.76862, 48.65763], [-125.77037, 48.65682], [-125.77212, 48.65602], [-125.7739, 48.6552], [-125.77576, 48.65434], [-125.77766, 48.65347], [-125.77949, 48.65262], [-125.78132, 48.65178], [-125.78315, 48.65094], [-125.78496, 48.6501], [-125.78676, 48.64927], [-125.78816, 48.64863], [-125.78926, 48.64812], [-125.79217, 48.64715], [-125.79456, 48.64634], [-125.79663, 48.64565], [-125.79856, 48.645], [-125.8005, 48.64434], [-125.80259, 48.64364], [-125.80476, 48.6429], [-125.80686, 48.6422], [-125.80893, 48.6415], [-125.81112, 48.64076], [-125.81345, 48.63997], [-125.81568, 48.63922], [-125.81788, 48.63848], [-125.82007, 48.63774], [-125.82231, 48.63699], [-125.82456, 48.63623], [-125.82683, 48.63546], [-125.82915, 48.63468], [-125.83159, 48.63386], [-125.83401, 48.63304], [-125.8378, 48.63175], [-125.8405, 48.63105], [-125.84291, 48.63042], [-125.84534, 48.62979], [-125.84789, 48.62913], [-125.85042, 48.62847], [-125.85303, 48.62779], [-125.85563, 48.62712], [-125.85813, 48.62647], [-125.86066, 48.62581], [-125.86327, 48.62513], [-125.86593, 48.62444], [-125.86869, 48.62372], [-125.87142, 48.62301], [-125.87413, 48.62231], [-125.87686, 48.6216], [-125.87959, 48.62089], [-125.88232, 48.62018], [-125.88513, 48.61945], [-125.88795, 48.61872], [-125.89254, 48.61713], [-125.89536, 48.61649], [-125.89797, 48.61589], [-125.90057, 48.61529], [-125.90315, 48.6147], [-125.90581, 48.61409], [-125.90855, 48.61346], [-125.91126, 48.61284], [-125.91396, 48.61222], [-125.91667, 48.6116], [-125.91936, 48.61098], [-125.9221, 48.61035], [-125.92496, 48.60969], [-125.92784, 48.60903], [-125.93075, 48.60837], [-125.93365, 48.6077], [-125.93651, 48.60705], [-125.93936, 48.60639], [-125.94233, 48.60571], [-125.94531, 48.60503], [-125.94854, 48.6038], [-125.95035, 48.60275], [-125.95209, 48.60173], [-125.95386, 48.6007], [-125.95567, 48.59965], [-125.95745, 48.59862], [-125.95919, 48.5976], [-125.96093, 48.59659], [-125.96269, 48.59557], [-125.96444, 48.59455], [-125.96621, 48.59351], [-125.968, 48.59247], [-125.96983, 48.59141], [-125.97166, 48.59034], [-125.97345, 48.5893], [-125.97525, 48.58825], [-125.9771, 48.58718], [-125.97889, 48.58613], [-125.9807, 48.58508], [-125.9826, 48.58397], [-125.98646, 48.58205], [-125.98786, 48.58047], [-125.98916, 48.57902], [-125.99046, 48.57756], [-125.99173, 48.57613], [-125.993, 48.57471], [-125.99429, 48.57327], [-125.9956, 48.5718], [-125.99695, 48.57028], [-125.99828, 48.56879], [-125.99958, 48.56734], [-126.00087, 48.56588], [-126.00222, 48.56438], [-126.00358, 48.56285], [-126.00498, 48.56128], [-126.00643, 48.55966], [-126.00787, 48.55805], [-126.00931, 48.55643], [-126.01078, 48.55478], [-126.01227, 48.55311], [-126.01413, 48.55115], [-126.01578, 48.54906], [-126.01737, 48.54705], [-126.01897, 48.54503], [-126.02057, 48.543], [-126.02217, 48.54098], [-126.02383, 48.53888], [-126.02552, 48.53675], [-126.02721, 48.53461], [-126.02893, 48.53244], [-126.03072, 48.53017], [-126.03252, 48.5279], [-126.03436, 48.52558], [-126.0362, 48.52325], [-126.03801, 48.52096], [-126.03986, 48.51862], [-126.04176, 48.51621], [-126.04365, 48.51383], [-126.04559, 48.51137], [-126.04762, 48.50881], [-126.05043, 48.50598], [-126.05388, 48.50327], [-126.05727, 48.50061], [-126.06066, 48.49794], [-126.0641, 48.49524], [-126.06759, 48.4925], [-126.07115, 48.4897], [-126.07475, 48.48688], [-126.07845, 48.48397], [-126.08228, 48.48096], [-126.08618, 48.4779], [-126.09015, 48.47478], [-126.09421, 48.47159], [-126.09835, 48.46833], [-126.10261, 48.46499], [-126.10699, 48.46155], [-126.11146, 48.45804], [-126.11603, 48.45445], [-126.12083, 48.45068], [-126.12584, 48.44674], [-126.13328, 48.44249], [-126.14079, 48.43989], [-126.14901, 48.43706], [-126.1577, 48.43405], [-126.1678, 48.43056], [-126.1791, 48.42666], [-126.19333, 48.42328], [-126.20854, 48.42083], [-126.22788, 48.4177], [-126.25056, 48.41404], [-126.27799, 48.40961], [-126.30913, 48.40458], [-126.31266, 48.39645], [-126.29408, 48.38597], [-126.27553, 48.37552], [-126.25699, 48.36506], [-126.24184, 48.35652], [-126.22959, 48.34961], [-126.21467, 48.33887], [-126.19912, 48.32686], [-126.18582, 48.31659], [-126.17402, 48.30747], [-126.16102, 48.29743], [-126.14703, 48.28662], [-126.12839, 48.27409], [-126.10863, 48.26058], [-126.09028, 48.24804], [-126.07305, 48.23626], [-126.05637, 48.22486], [-126.03983, 48.21356], [-126.02225, 48.20148], [-126.00563, 48.18834], [-125.99318, 48.17246], [-125.98677, 48.15462], [-125.98436, 48.13762], [-125.98329, 48.12132], [-125.9709, 48.12605], [-125.96688, 48.12269], [-125.96815, 48.12151]]}, "properties": {"deployment": "dfo-eva035-20250619", "glider": "eva035", "group": "svi_shelf", "segment": 0, "n_points": 418, "deployment_start": "2025-06-19", "deployment_month": "2025-06", "segment_start": "2025-06-19T20:04", "segment_end": "2025-06-25T19:13", "segment_month": "2025-06", "epoch_days": 481, "segment_epoch_days": 481}}, {"type": "Feature", "geometry": {"type": "LineString", "coordinates": [[-125.8308, 48.18452], [-125.81652, 48.1939], [-125.80438, 48.20187], [-125.79393, 48.20873], [-125.78425, 48.21509], [-125.77515, 48.22107], [-125.76598, 48.22783], [-125.75765, 48.23493], [-125.75127, 48.24037], [-125.74628, 48.24463], [-125.74099, 48.24913], [-125.73533, 48.25396], [-125.72782, 48.26188], [-125.72108, 48.27007], [-125.71613, 48.27609], [-125.71254, 48.28045], [-125.70953, 48.2841], [-125.70726, 48.28687], [-125.70137, 48.29063], [-125.6955, 48.29293], [-125.68965, 48.29522], [-125.68395, 48.29746], [-125.67842, 48.29963], [-125.67291, 48.30179], [-125.66746, 48.30393], [-125.66212, 48.30602], [-125.6568, 48.30811], [-125.65155, 48.31017], [-125.64635, 48.31221], [-125.64121, 48.31423], [-125.63592, 48.3163], [-125.63064, 48.31837], [-125.62564, 48.32033], [-125.62075, 48.32225], [-125.61572, 48.32422], [-125.61064, 48.32622], [-125.60555, 48.32821], [-125.6005, 48.33019], [-125.5924, 48.33163], [-125.58673, 48.33271], [-125.58101, 48.33379], [-125.57534, 48.33487], [-125.56979, 48.33593], [-125.56426, 48.33698], [-125.55875, 48.33803], [-125.55323, 48.33908], [-125.54771, 48.34013], [-125.54225, 48.34117], [-125.53685, 48.3422], [-125.53146, 48.34322], [-125.52596, 48.34427], [-125.52046, 48.34531], [-125.51509, 48.34634], [-125.50988, 48.34733], [-125.50464, 48.34832], [-125.49943, 48.34932], [-125.49413, 48.35032], [-125.48881, 48.35134], [-125.48325, 48.35229], [-125.48022, 48.35361], [-125.47716, 48.35494], [-125.47408, 48.35628], [-125.47107, 48.35759], [-125.46814, 48.35887], [-125.46516, 48.36017], [-125.46218, 48.36147], [-125.45926, 48.36274], [-125.45631, 48.36403], [-125.45338, 48.3653], [-125.45049, 48.36656], [-125.44747, 48.36788], [-125.44451, 48.36916], [-125.44173, 48.37038], [-125.43886, 48.37163], [-125.43594, 48.3729], [-125.43304, 48.37416], [-125.43008, 48.37545], [-125.42701, 48.37679], [-125.4241, 48.3796], [-125.42207, 48.38211], [-125.41986, 48.38487], [-125.41745, 48.38785], [-125.41507, 48.39081], [-125.41267, 48.39379], [-125.41032, 48.39671], [-125.408, 48.39959], [-125.40571, 48.40244], [-125.40345, 48.40524], [-125.40124, 48.40798], [-125.39906, 48.41069], [-125.39682, 48.41347], [-125.39461, 48.41622], [-125.39239, 48.41897], [-125.39021, 48.42168], [-125.38806, 48.42435], [-125.38592, 48.42701], [-125.38383, 48.4296], [-125.3817, 48.43225], [-125.37979, 48.43507], [-125.3784, 48.43731], [-125.37706, 48.43946], [-125.37575, 48.44157], [-125.37443, 48.4437], [-125.3731, 48.44585], [-125.37172, 48.44806], [-125.37035, 48.45027], [-125.36898, 48.45248], [-125.36759, 48.45471], [-125.3662, 48.45695], [-125.36485, 48.45913], [-125.3635, 48.4613], [-125.36215, 48.46347], [-125.36082, 48.46561], [-125.35948, 48.46777], [-125.35808, 48.47002], [-125.3567, 48.47224], [-125.35537, 48.47439], [-125.35401, 48.47658], [-125.35215, 48.47947], [-125.35045, 48.48174], [-125.3487, 48.48409], [-125.34698, 48.48639], [-125.34533, 48.48861], [-125.3437, 48.49079], [-125.34208, 48.49296], [-125.34046, 48.49513], [-125.33881, 48.49733], [-125.33718, 48.49952], [-125.3356, 48.50164], [-125.33404, 48.50372], [-125.33246, 48.50584], [-125.33085, 48.508], [-125.3297, 48.50953], [-125.32897, 48.51052], [-125.32775, 48.51216], [-125.32614, 48.51431], [-125.32456, 48.51642], [-125.32301, 48.51849], [-125.31917, 48.52074], [-125.31454, 48.52204], [-125.31011, 48.52329], [-125.30583, 48.52449], [-125.30179, 48.52562], [-125.29787, 48.52672], [-125.29394, 48.52783], [-125.29008, 48.52891], [-125.28638, 48.52995], [-125.28273, 48.53098], [-125.27885, 48.53206], [-125.27499, 48.53315], [-125.27126, 48.5342], [-125.26755, 48.53524], [-125.26385, 48.53628], [-125.26016, 48.53731], [-125.25647, 48.53835], [-125.25276, 48.53939], [-125.24909, 48.54042], [-125.24549, 48.54143], [-125.24092, 48.5426], [-125.23735, 48.54343], [-125.23375, 48.54426], [-125.23009, 48.5451], [-125.22598, 48.54605], [-125.22163, 48.54706], [-125.21755, 48.548], [-125.21384, 48.54885], [-125.21026, 48.54968], [-125.20678, 48.55048], [-125.20337, 48.55127], [-125.19992, 48.55206], [-125.19637, 48.55288], [-125.19283, 48.5537], [-125.1894, 48.55449], [-125.18601, 48.55527], [-125.18253, 48.55608], [-125.17902, 48.55689], [-125.17565, 48.55767], [-125.17217, 48.55847], [-125.16947, 48.56029], [-125.16863, 48.56174], [-125.16782, 48.56316], [-125.167, 48.56458], [-125.16619, 48.56599], [-125.16539, 48.56738], [-125.16477, 48.56846], [-125.16428, 48.56931], [-125.16364, 48.57043], [-125.16285, 48.57181], [-125.16205, 48.57319], [-125.16127, 48.57455], [-125.16049, 48.57592], [-125.1597, 48.57729], [-125.15885, 48.57877], [-125.15799, 48.58027], [-125.15712, 48.58178], [-125.15623, 48.58332], [-125.15534, 48.58488], [-125.15443, 48.58647], [-125.15527, 48.58834], [-125.1556, 48.58998], [-125.15596, 48.59181], [-125.15628, 48.59344], [-125.15662, 48.59515], [-125.15694, 48.59677], [-125.15728, 48.59848], [-125.15759, 48.60005], [-125.15791, 48.60164], [-125.15822, 48.60323], [-125.15855, 48.60488], [-125.15886, 48.60645], [-125.16139, 48.60843], [-125.16106, 48.60993], [-125.16072, 48.61149], [-125.1604, 48.61293], [-125.16007, 48.61444], [-125.15974, 48.61592], [-125.1594, 48.61745], [-125.15909, 48.61887], [-125.15876, 48.62033], [-125.15844, 48.62181], [-125.1581, 48.62335], [-125.15778, 48.62481], [-125.15682, 48.62707], [-125.15556, 48.62784], [-125.15437, 48.62857], [-125.15319, 48.6293], [-125.15199, 48.63003], [-125.15081, 48.63076], [-125.1496, 48.6315], [-125.14838, 48.63225], [-125.14716, 48.633], [-125.14595, 48.63374], [-125.14466, 48.63453], [-125.14342, 48.6353], [-125.14208, 48.63725], [-125.14094, 48.63792], [-125.13977, 48.63859], [-125.13858, 48.63929], [-125.13742, 48.63996], [-125.13629, 48.64061], [-125.13513, 48.64129], [-125.13404, 48.64192], [-125.13296, 48.64255], [-125.13195, 48.64314], [-125.13092, 48.64373], [-125.1299, 48.64433], [-125.12896, 48.64584], [-125.12846, 48.64692], [-125.12796, 48.64799], [-125.12747, 48.64905], [-125.12697, 48.65012], [-125.12647, 48.65118], [-125.12592, 48.65236], [-125.12544, 48.6534], [-125.12498, 48.65438], [-125.12455, 48.65532], [-125.12411, 48.65626], [-125.12366, 48.65722], [-125.12433, 48.6591], [-125.12426, 48.6597], [-125.12419, 48.66029], [-125.12412, 48.66088], [-125.12405, 48.66151], [-125.12398, 48.66217], [-125.12391, 48.66279], [-125.12384, 48.66339], [-125.12376, 48.66405], [-125.1237, 48.66459], [-125.12364, 48.66515], [-125.12357, 48.66573], [-125.1249, 48.66683], [-125.12518, 48.66724], [-125.12548, 48.66771], [-125.12578, 48.66816], [-125.12608, 48.66861], [-125.12634, 48.66902], [-125.12663, 48.66944], [-125.12691, 48.66987], [-125.12719, 48.6703], [-125.12747, 48.67072], [-125.12774, 48.67113], [-125.12801, 48.67155], [-125.13137, 48.6731], [-125.13434, 48.67445], [-125.13724, 48.67575], [-125.14012, 48.67705], [-125.14336, 48.67851], [-125.14608, 48.67974], [-125.14892, 48.68102], [-125.15184, 48.68234], [-125.15485, 48.6837], [-125.15792, 48.68509], [-125.16112, 48.68653], [-125.16414, 48.68789], [-125.16873, 48.6901], [-125.17126, 48.69148], [-125.17401, 48.693], [-125.17635, 48.69428], [-125.17884, 48.69565], [-125.18132, 48.69702], [-125.1836, 48.69827], [-125.18581, 48.69949], [-125.18832, 48.70086], [-125.19093, 48.7023], [-125.19382, 48.70389], [-125.19705, 48.70567], [-125.20177, 48.70835], [-125.20431, 48.70998], [-125.20706, 48.71175], [-125.2098, 48.71352], [-125.21278, 48.71544], [-125.2154, 48.71713], [-125.21811, 48.71888], [-125.22085, 48.72064], [-125.22363, 48.72243], [-125.22637, 48.72419], [-125.22919, 48.72601], [-125.23177, 48.72767], [-125.23591, 48.73048], [-125.23816, 48.73219], [-125.24023, 48.73377], [-125.24223, 48.73529], [-125.24424, 48.73682], [-125.24609, 48.73824], [-125.24781, 48.73955], [-125.24951, 48.74085], [-125.2513, 48.74221], [-125.25315, 48.74362], [-125.25502, 48.74505], [-125.25691, 48.74648], [-125.26053, 48.74904], [-125.26229, 48.75032], [-125.264, 48.75154], [-125.2658, 48.75284], [-125.2694, 48.75483], [-125.2712, 48.75581], [-125.27305, 48.75681], [-125.27509, 48.75792], [-125.27838, 48.75925], [-125.28083, 48.75963], [-125.28333, 48.76003], [-125.28619, 48.76048], [-125.28899, 48.76092], [-125.2917, 48.76135], [-125.29444, 48.76178], [-125.29714, 48.7622], [-125.29989, 48.76264], [-125.30265, 48.76307], [-125.30546, 48.76352], [-125.30822, 48.76395], [-125.311, 48.76439], [-125.31377, 48.76483], [-125.31658, 48.76527], [-125.31937, 48.76571], [-125.32222, 48.76616], [-125.32508, 48.76661], [-125.32789, 48.76705], [-125.33078, 48.76751], [-125.33445, 48.76726], [-125.33675, 48.76683], [-125.33906, 48.7664], [-125.34141, 48.76596], [-125.34375, 48.76553], [-125.34607, 48.7651], [-125.34843, 48.76466], [-125.3508, 48.76422], [-125.35324, 48.76377], [-125.35564, 48.76332], [-125.35805, 48.76287], [-125.3605, 48.76242], [-125.36296, 48.76196], [-125.36538, 48.76151], [-125.36789, 48.76105], [-125.37041, 48.76058], [-125.37295, 48.76011], [-125.37552, 48.75963], [-125.3781, 48.75915], [-125.38077, 48.75865], [-125.38407, 48.75781], [-125.3865, 48.75731], [-125.38888, 48.75681], [-125.39127, 48.75632], [-125.39361, 48.75583], [-125.39595, 48.75535], [-125.3983, 48.75486], [-125.40061, 48.75438], [-125.40291, 48.7539], [-125.40515, 48.75344], [-125.40743, 48.75297], [-125.40974, 48.75249], [-125.41216, 48.75199], [-125.41468, 48.75146], [-125.41728, 48.75093], [-125.41992, 48.75038], [-125.42254, 48.74984], [-125.42513, 48.7493], [-125.42773, 48.74876], [-125.43039, 48.74821], [-125.43377, 48.74791], [-125.43699, 48.74844], [-125.43999, 48.74893], [-125.44301, 48.74943], [-125.44606, 48.74993], [-125.44908, 48.75042], [-125.45209, 48.75092], [-125.45511, 48.75142], [-125.4579, 48.75188], [-125.46058, 48.75232], [-125.46364, 48.75282], [-125.46694, 48.75336], [-125.47023, 48.7539], [-125.47342, 48.75443], [-125.47658, 48.75495], [-125.47973, 48.75547], [-125.48288, 48.75599], [-125.48611, 48.75652], [-125.48934, 48.75705], [-125.49269, 48.7576], [-125.49771, 48.75739], [-125.50173, 48.75679], [-125.50545, 48.75623], [-125.50915, 48.75567], [-125.51296, 48.7551], [-125.51684, 48.75452], [-125.52085, 48.75392], [-125.52493, 48.75331], [-125.52853, 48.75276], [-125.53175, 48.75228], [-125.53552, 48.75171], [-125.53975, 48.75108], [-125.5441, 48.75043], [-125.54843, 48.74978], [-125.55281, 48.74912], [-125.55724, 48.74845], [-125.56173, 48.74778], [-125.56627, 48.7471], [-125.5709, 48.7464], [-125.57567, 48.74569], [-125.58211, 48.74446], [-125.58734, 48.74293], [-125.59232, 48.74147], [-125.59744, 48.73997], [-125.60272, 48.73842], [-125.60807, 48.73685], [-125.61345, 48.73528], [-125.6188, 48.73371], [-125.62414, 48.73214], [-125.62956, 48.73056], [-125.6352, 48.7289], [-125.64088, 48.72724], [-125.64599, 48.72574], [-125.65056, 48.7244], [-125.65512, 48.72307], [-125.6596, 48.72175], [-125.66466, 48.72027], [-125.67032, 48.71861], [-125.67551, 48.71709], [-125.68026, 48.7157], [-125.68642, 48.71405], [-125.69197, 48.71266], [-125.69662, 48.7115], [-125.70067, 48.71048], [-125.70454, 48.70951], [-125.70827, 48.70858], [-125.71262, 48.70749], [-125.71759, 48.70624], [-125.7225, 48.70501], [-125.72722, 48.70383], [-125.73184, 48.70267], [-125.73636, 48.70154], [-125.74083, 48.70042], [-125.74532, 48.69929], [-125.7497, 48.6982], [-125.75389, 48.69715], [-125.7581, 48.69609], [-125.76223, 48.69506], [-125.76626, 48.69405], [-125.77025, 48.69305], [-125.77661, 48.69173], [-125.77974, 48.69144], [-125.78225, 48.69121], [-125.78445, 48.69101], [-125.78645, 48.69083], [-125.78821, 48.69067], [-125.7899, 48.69051], [-125.79154, 48.69036], [-125.79316, 48.69021], [-125.79478, 48.69007], [-125.7964, 48.68992], [-125.79804, 48.68977], [-125.79966, 48.68962], [-125.80123, 48.68948], [-125.80281, 48.68933], [-125.80437, 48.68919], [-125.80592, 48.68905], [-125.80746, 48.68891], [-125.80906, 48.68876], [-125.81079, 48.6886], [-125.81271, 48.68821], [-125.81362, 48.68786], [-125.81437, 48.68758], [-125.81513, 48.68729], [-125.81591, 48.687], [-125.81669, 48.68671], [-125.81748, 48.68641], [-125.81827, 48.68611], [-125.81908, 48.6858], [-125.81985, 48.68551], [-125.82064, 48.68521], [-125.82144, 48.68491], [-125.82224, 48.68461], [-125.82304, 48.68431], [-125.82383, 48.68401], [-125.82461, 48.68372], [-125.82542, 48.68341], [-125.82621, 48.68312], [-125.82702, 48.68281], [-125.82789, 48.68248], [-125.82866, 48.68175], [-125.82902, 48.68098], [-125.82935, 48.68028], [-125.82967, 48.67959], [-125.82999, 48.6789], [-125.83032, 48.6782], [-125.83064, 48.67751], [-125.83096, 48.67683], [-125.83128, 48.67614], [-125.83161, 48.67544], [-125.83193, 48.67474], [-125.83225, 48.67405], [-125.83257, 48.67337], [-125.83289, 48.67269], [-125.83321, 48.672], [-125.83353, 48.67131], [-125.83385, 48.67062], [-125.83418, 48.66992], [-125.83451, 48.66922], [-125.83483, 48.66852], [-125.83484, 48.66695], [-125.83489, 48.66569], [-125.83493, 48.66454], [-125.83498, 48.66335], [-125.83502, 48.66216], [-125.83506, 48.661], [-125.8351, 48.65985], [-125.83515, 48.65869], [-125.83519, 48.65757], [-125.83523, 48.65647], [-125.83527, 48.65535], [-125.83531, 48.65424], [-125.83535, 48.6531], [-125.83539, 48.652], [-125.83543, 48.65093], [-125.83547, 48.64987], [-125.83551, 48.64876], [-125.83555, 48.64765], [-125.83559, 48.64653], [-125.83563, 48.64543], [-125.83481, 48.64272], [-125.83518, 48.64126], [-125.83551, 48.63993], [-125.83584, 48.63862], [-125.83618, 48.63728], [-125.83652, 48.63594], [-125.83686, 48.63458], [-125.8372, 48.63323], [-125.83755, 48.63187], [-125.83789, 48.63052], [-125.83823, 48.62916], [-125.83857, 48.62781], [-125.83891, 48.62646], [-125.83924, 48.62515], [-125.83958, 48.6238], [-125.83993, 48.62243], [-125.84028, 48.62103], [-125.84063, 48.61966], [-125.84097, 48.6183], [-125.84134, 48.61684], [-125.8415, 48.61416], [-125.84244, 48.61266], [-125.84328, 48.61131], [-125.84414, 48.60992], [-125.845, 48.60854], [-125.84584, 48.6072], [-125.8467, 48.60582], [-125.84754, 48.60446], [-125.84836, 48.60315], [-125.84918, 48.60183], [-125.85002, 48.60048], [-125.85087, 48.59911], [-125.85174, 48.59771], [-125.85263, 48.59628], [-125.85351, 48.59486], [-125.85435, 48.59352], [-125.85523, 48.5921], [-125.85613, 48.59065], [-125.85707, 48.58914], [-125.8581, 48.5875], [-125.86031, 48.58487], [-125.86239, 48.58329], [-125.86426, 48.58188], [-125.86611, 48.58047], [-125.86791, 48.57911], [-125.86962, 48.57781], [-125.8714, 48.57647], [-125.87319, 48.57511], [-125.875, 48.57374], [-125.87683, 48.57235], [-125.87863, 48.57099], [-125.88047, 48.5696], [-125.88229, 48.56822], [-125.88402, 48.56691], [-125.88585, 48.56553], [-125.88774, 48.56409], [-125.88961, 48.56268], [-125.89157, 48.56119], [-125.89345, 48.55976], [-125.89512, 48.5585], [-125.89809, 48.55603], [-125.90078, 48.55481], [-125.90338, 48.55364], [-125.90583, 48.55254], [-125.90865, 48.55127], [-125.9116, 48.54994], [-125.91436, 48.54869], [-125.91719, 48.54741], [-125.92001, 48.54614], [-125.92279, 48.54489], [-125.92563, 48.54361], [-125.92849, 48.54232], [-125.93137, 48.54102], [-125.93437, 48.53967], [-125.93732, 48.53834], [-125.94029, 48.537], [-125.94361, 48.5355], [-125.94688, 48.53402], [-125.95022, 48.53252], [-125.95357, 48.53101], [-125.95802, 48.52726], [-125.96085, 48.52464], [-125.96357, 48.52211], [-125.96634, 48.51954], [-125.96916, 48.51692], [-125.97203, 48.51426], [-125.97486, 48.51163], [-125.97769, 48.509], [-125.98064, 48.50627], [-125.98372, 48.5034], [-125.98705, 48.50032], [-125.99041, 48.4972], [-125.99386, 48.49399], [-125.99733, 48.49078], [-126.00082, 48.48753], [-126.00442, 48.4842], [-126.00802, 48.48085], [-126.01166, 48.47747], [-126.01541, 48.47399], [-126.0193, 48.47038], [-126.02406, 48.46553], [-126.02748, 48.46305], [-126.03086, 48.4606], [-126.03436, 48.45807], [-126.03786, 48.45553], [-126.04141, 48.45295], [-126.04503, 48.45033], [-126.04863, 48.44772], [-126.05231, 48.44505], [-126.05599, 48.44239], [-126.05973, 48.43967], [-126.06358, 48.43688], [-126.06743, 48.43409], [-126.07128, 48.4313], [-126.07528, 48.4284], [-126.07936, 48.42544], [-126.0836, 48.42237], [-126.08803, 48.41915], [-126.09269, 48.41578], [-126.09757, 48.41224], [-126.09877, 48.40337], [-126.10524, 48.4017], [-126.11192, 48.39997], [-126.11892, 48.39816], [-126.12637, 48.39623], [-126.13424, 48.3942], [-126.14379, 48.39246], [-126.15418, 48.39222], [-126.16589, 48.39196], [-126.17888, 48.39167], [-126.19725, 48.39126], [-126.22029, 48.39075], [-126.24612, 48.38993], [-126.27368, 48.38912], [-126.27395, 48.38162], [-126.25226, 48.36917], [-126.23095, 48.35693], [-126.20963, 48.34469], [-126.1911, 48.33406], [-126.17459, 48.32457], [-126.15768, 48.3127], [-126.1413, 48.30072], [-126.12081, 48.28573], [-126.09722, 48.26847], [-126.07354, 48.25115], [-126.05007, 48.23397], [-126.03706, 48.21219], [-126.02994, 48.19118], [-126.01405, 48.18351], [-125.98957, 48.18878], [-125.96886, 48.19325], [-125.95082, 48.19713], [-125.93398, 48.20076], [-125.91799, 48.20421], [-125.90327, 48.20752], [-125.88862, 48.21201], [-125.87533, 48.21608], [-125.86334, 48.21976], [-125.85236, 48.22313], [-125.84212, 48.22626]]}, "properties": {"deployment": "dfo-eva035-20250619", "glider": "eva035", "group": "svi_shelf", "segment": 1, "n_points": 718, "deployment_start": "2025-06-19", "deployment_month": "2025-06", "segment_start": "2025-06-26T08:15", "segment_end": "2025-07-02T16:51", "segment_month": "2025-06", "epoch_days": 481, "segment_epoch_days": 488}}, {"type": "Feature", "geometry": {"type": "LineString", "coordinates": [[-125.98897, 48.11242], [-126.03575, 48.10937]]}, "properties": {"deployment": "dfo-eva035-20250619", "glider": "eva035", "group": "svi_shelf", "segment": 2, "n_points": 2, "deployment_start": "2025-06-19", "deployment_month": "2025-06", "segment_start": "2025-07-03T10:06", "segment_end": "2025-07-03T20:46", "segment_month": "2025-07", "epoch_days": 481, "segment_epoch_days": 495}}, {"type": "Feature", "geometry": {"type": "LineString", "coordinates": [[-126.19105, 48.12166], [-126.1477, 48.1389]]}, "properties": {"deployment": "dfo-eva035-20250619", "glider": "eva035", "group": "svi_shelf", "segment": 3, "n_points": 2, "deployment_start": "2025-06-19", "deployment_month": "2025-06", "segment_start": "2025-07-04T18:02", "segment_end": "2025-07-05T04:41", "segment_month": "2025-07", "epoch_days": 481, "segment_epoch_days": 496}}, {"type": "Feature", "geometry": {"type": "LineString", "coordinates": [[-126.05659, 48.15204], [-126.03537, 48.16155], [-126.01399, 48.17113], [-125.99259, 48.18072], [-125.97382, 48.18914], [-125.9568, 48.19676], [-125.93964, 48.20371], [-125.92307, 48.21047], [-125.90913, 48.21615], [-125.89679, 48.22119], [-125.88516, 48.22594], [-125.87421, 48.2304], [-125.86282, 48.23373], [-125.85292, 48.23655], [-125.84421, 48.23903], [-125.83648, 48.24123], [-125.82927, 48.24328], [-125.82253, 48.24519], [-125.81551, 48.24602], [-125.80981, 48.2469], [-125.80434, 48.24775], [-125.79935, 48.24853], [-125.79453, 48.24928], [-125.78963, 48.25004], [-125.78381, 48.25051], [-125.77875, 48.25197], [-125.77394, 48.25335], [-125.76935, 48.25468], [-125.7646, 48.25604], [-125.75981, 48.25742], [-125.75388, 48.25887], [-125.74852, 48.26144], [-125.74368, 48.26377], [-125.7391, 48.26597], [-125.73493, 48.26798], [-125.73095, 48.26989], [-125.7269, 48.27174], [-125.7235, 48.27462], [-125.72028, 48.27736], [-125.71709, 48.28007], [-125.71434, 48.2824], [-125.71201, 48.28438], [-125.70912, 48.286], [-125.70631, 48.28748], [-125.70359, 48.28891], [-125.70086, 48.29035], [-125.69815, 48.29177], [-125.6955, 48.29317], [-125.69284, 48.29457], [-125.69019, 48.29597], [-125.68748, 48.29739], [-125.68477, 48.29882], [-125.6822, 48.30017], [-125.6797, 48.30149], [-125.67721, 48.3028], [-125.67475, 48.30409], [-125.67288, 48.30508], [-125.67156, 48.30577], [-125.66961, 48.3068], [-125.66716, 48.30809], [-125.66476, 48.30935], [-125.66235, 48.31062], [-125.65813, 48.31231], [-125.65444, 48.31391], [-125.65067, 48.31554], [-125.64684, 48.3172], [-125.64293, 48.31889], [-125.63912, 48.32053], [-125.63544, 48.32213], [-125.6318, 48.3237], [-125.62826, 48.32523], [-125.62472, 48.32676], [-125.62114, 48.32831], [-125.61755, 48.32987], [-125.61389, 48.33145], [-125.61022, 48.33303], [-125.60714, 48.33437], [-125.60467, 48.33544], [-125.60156, 48.33678], [-125.59789, 48.33837], [-125.59413, 48.33999], [-125.59032, 48.34164], [-125.5846, 48.34311], [-125.57952, 48.34418], [-125.57441, 48.34525], [-125.56937, 48.34632], [-125.56415, 48.34742], [-125.55898, 48.34851], [-125.55395, 48.34957], [-125.54887, 48.35064], [-125.54391, 48.35169], [-125.53908, 48.3527], [-125.53437, 48.3537], [-125.52967, 48.35469], [-125.52649, 48.35536], [-125.5247, 48.35574], [-125.52149, 48.35641], [-125.51691, 48.35738], [-125.51207, 48.3584], [-125.50725, 48.35942], [-125.50256, 48.3604], [-125.49783, 48.3614], [-125.4907, 48.36144], [-125.4867, 48.3625], [-125.48285, 48.36352], [-125.47898, 48.36455], [-125.47523, 48.36554], [-125.47154, 48.36652], [-125.46778, 48.36752], [-125.46391, 48.36854], [-125.46019, 48.36953], [-125.45653, 48.3705], [-125.45287, 48.37147], [-125.44927, 48.37243], [-125.44562, 48.37339], [-125.44204, 48.37434], [-125.43837, 48.37532], [-125.43461, 48.37632], [-125.43068, 48.37736], [-125.42673, 48.3784], [-125.42204, 48.37965], [-125.4165, 48.38112], [-125.41165, 48.38298], [-125.40918, 48.38585], [-125.40663, 48.38881], [-125.40399, 48.39188], [-125.40135, 48.39495], [-125.39872, 48.398], [-125.39616, 48.40098], [-125.39368, 48.40385], [-125.39124, 48.4067], [-125.38882, 48.4095], [-125.38635, 48.41237], [-125.38388, 48.41524], [-125.38149, 48.41802], [-125.37907, 48.42083], [-125.37661, 48.42369], [-125.3742, 48.42649], [-125.3718, 48.42928], [-125.36944, 48.43202], [-125.36715, 48.43468], [-125.36486, 48.43734], [-125.36233, 48.44003], [-125.36019, 48.44212], [-125.35804, 48.44421], [-125.35591, 48.44629], [-125.35378, 48.44837], [-125.35166, 48.45044], [-125.34956, 48.45248], [-125.34747, 48.45451], [-125.34537, 48.45656], [-125.34327, 48.45861], [-125.34115, 48.46068], [-125.33902, 48.46275], [-125.33693, 48.46479], [-125.33487, 48.4668], [-125.33364, 48.468], [-125.33308, 48.46854], [-125.3317, 48.46989], [-125.32968, 48.47185], [-125.32768, 48.47381], [-125.32562, 48.4758], [-125.32421, 48.47851], [-125.32312, 48.48072], [-125.32202, 48.48293], [-125.32094, 48.48511], [-125.31988, 48.48725], [-125.31882, 48.48937], [-125.31775, 48.49153], [-125.3167, 48.49365], [-125.31566, 48.49576], [-125.31462, 48.49784], [-125.31358, 48.49993], [-125.31256, 48.50199], [-125.31154, 48.50405], [-125.31053, 48.50608], [-125.30953, 48.50811], [-125.30856, 48.51007], [-125.30758, 48.51203], [-125.30658, 48.51405], [-125.3056, 48.51604], [-125.30464, 48.51796], [-125.30246, 48.5204], [-125.29908, 48.52196], [-125.29575, 48.5235], [-125.29256, 48.52497], [-125.28949, 48.52639], [-125.28657, 48.52774], [-125.28373, 48.52905], [-125.28092, 48.53034], [-125.27792, 48.53173], [-125.27492, 48.53311], [-125.27213, 48.5344], [-125.26933, 48.53569], [-125.2665, 48.537], [-125.26369, 48.53829], [-125.26093, 48.53956], [-125.25817, 48.54084], [-125.25534, 48.54214], [-125.25251, 48.54345], [-125.24975, 48.54472], [-125.24699, 48.54599], [-125.24239, 48.54736], [-125.23858, 48.54836], [-125.2347, 48.54938], [-125.23083, 48.55041], [-125.22652, 48.55154], [-125.22202, 48.55273], [-125.21817, 48.55374], [-125.21462, 48.55468], [-125.21106, 48.55562], [-125.20751, 48.55655], [-125.20392, 48.5575], [-125.20038, 48.55843], [-125.19688, 48.55936], [-125.19337, 48.56028], [-125.18985, 48.56121], [-125.1864, 48.56212], [-125.18288, 48.56305], [-125.17933, 48.56398], [-125.17574, 48.56493], [-125.17206, 48.5659], [-125.17021, 48.56566], [-125.16814, 48.56711], [-125.16623, 48.56845], [-125.16429, 48.56981], [-125.16232, 48.57118], [-125.16038, 48.57255], [-125.15837, 48.57395], [-125.15637, 48.57535], [-125.1544, 48.57673], [-125.15243, 48.57811], [-125.1504, 48.57953], [-125.14837, 48.58095], [-125.14636, 48.58236], [-125.14442, 48.58372], [-125.14247, 48.58509], [-125.14051, 48.58646], [-125.13862, 48.58779], [-125.13671, 48.58912], [-125.13453, 48.59065], [-125.13221, 48.59228], [-125.13226, 48.59346], [-125.13168, 48.59503], [-125.1311, 48.59661], [-125.13052, 48.59818], [-125.12995, 48.59971], [-125.1294, 48.60121], [-125.12885, 48.60271], [-125.1283, 48.60418], [-125.12774, 48.6057], [-125.12719, 48.6072], [-125.12664, 48.60867], [-125.12608, 48.61019], [-125.1267, 48.61137], [-125.12617, 48.61272], [-125.12568, 48.61395], [-125.1252, 48.6152], [-125.1247, 48.61647], [-125.12421, 48.61771], [-125.12376, 48.61888], [-125.1233, 48.62004], [-125.1228, 48.62133], [-125.12235, 48.62247], [-125.1219, 48.62361], [-125.12143, 48.62481], [-125.1214, 48.62579], [-125.12073, 48.62656], [-125.12005, 48.62735], [-125.11938, 48.62813], [-125.11869, 48.62892], [-125.118, 48.62972], [-125.11726, 48.63058], [-125.1166, 48.63134], [-125.11593, 48.63213], [-125.11528, 48.63288], [-125.11465, 48.63361], [-125.11399, 48.63437], [-125.11432, 48.6353], [-125.11359, 48.63576], [-125.11282, 48.63625], [-125.11207, 48.63673], [-125.11135, 48.63718], [-125.11065, 48.63762], [-125.10995, 48.63807], [-125.10926, 48.6385], [-125.10858, 48.63893], [-125.10791, 48.63936], [-125.10723, 48.63979], [-125.10654, 48.64022], [-125.10879, 48.64118], [-125.11162, 48.64206], [-125.11453, 48.64297], [-125.11743, 48.64387], [-125.12041, 48.6448], [-125.12342, 48.64573], [-125.12641, 48.64666], [-125.12945, 48.64761], [-125.13254, 48.64857], [-125.13558, 48.64952], [-125.13863, 48.65047], [-125.14171, 48.65142], [-125.14601, 48.65296], [-125.14872, 48.65409], [-125.15154, 48.65527], [-125.15435, 48.65645], [-125.15714, 48.65762], [-125.15995, 48.65879], [-125.16274, 48.65996], [-125.16552, 48.66112], [-125.16857, 48.6624], [-125.17128, 48.66353], [-125.17397, 48.66466], [-125.17678, 48.66583], [-125.18021, 48.66745], [-125.18289, 48.66886], [-125.18541, 48.67018], [-125.18788, 48.67148], [-125.19039, 48.6728], [-125.19289, 48.67412], [-125.19537, 48.67542], [-125.19788, 48.67674], [-125.20074, 48.67824], [-125.2033, 48.67959], [-125.20501, 48.68049], [-125.20608, 48.68105], [-125.20875, 48.6825], [-125.21104, 48.68393], [-125.2134, 48.6854], [-125.21577, 48.68688], [-125.21835, 48.68849], [-125.22066, 48.68993], [-125.22302, 48.6914], [-125.2254, 48.69288], [-125.22792, 48.69445], [-125.23026, 48.69592], [-125.2327, 48.69744], [-125.23524, 48.69902], [-125.23861, 48.70129], [-125.24099, 48.70291], [-125.24323, 48.70443], [-125.2454, 48.7059], [-125.24774, 48.70748], [-125.25026, 48.7092], [-125.25301, 48.71107], [-125.25573, 48.71291], [-125.25864, 48.71489], [-125.26174, 48.71699], [-125.26471, 48.71901], [-125.26773, 48.72105], [-125.27035, 48.72404], [-125.2713, 48.72639], [-125.27225, 48.72873], [-125.27317, 48.73099], [-125.274, 48.73304], [-125.27476, 48.73491], [-125.2754, 48.7365], [-125.27595, 48.73786], [-125.27646, 48.73912], [-125.27696, 48.74034], [-125.27745, 48.74155], [-125.27796, 48.74282], [-125.27822, 48.74464], [-125.27807, 48.7461], [-125.27794, 48.74738], [-125.27781, 48.74872], [-125.27767, 48.75059], [-125.27758, 48.75204], [-125.27749, 48.75343], [-125.2774, 48.75491], [-125.27755, 48.75792], [-125.27734, 48.75946], [-125.27714, 48.76103], [-125.27691, 48.76272], [-125.27661, 48.7653], [-125.27627, 48.76721], [-125.27595, 48.76905], [-125.2756, 48.77101], [-125.27478, 48.77374], [-125.27404, 48.77551], [-125.27326, 48.77734], [-125.27245, 48.77926], [-125.27102, 48.78176], [-125.27018, 48.78349], [-125.26929, 48.78534], [-125.26835, 48.78727], [-125.26724, 48.79019], [-125.2664, 48.79217], [-125.26545, 48.79444], [-125.26442, 48.7969], [-125.26368, 48.79983], [-125.26333, 48.80237], [-125.26301, 48.80462], [-125.26272, 48.8067], [-125.26194, 48.80974], [-125.26173, 48.81169], [-125.2615, 48.8137], [-125.26127, 48.81583], [-125.26025, 48.81853], [-125.26004, 48.82021], [-125.25982, 48.82194], [-125.25959, 48.82369], [-125.259, 48.826], [-125.25844, 48.8277], [-125.25784, 48.82951], [-125.25722, 48.83141], [-125.25692, 48.83395], [-125.25679, 48.83575], [-125.25666, 48.83756], [-125.25653, 48.83936]]}, "properties": {"deployment": "dfo-eva035-20250619", "glider": "eva035", "group": "svi_shelf", "segment": 4, "n_points": 410, "deployment_start": "2025-06-19", "deployment_month": "2025-06", "segment_start": "2025-07-05T10:29", "segment_end": "2025-07-08T21:31", "segment_month": "2025-07", "epoch_days": 481, "segment_epoch_days": 497}}, {"type": "Feature", "geometry": {"type": "LineString", "coordinates": [[-125.20426, 48.86248], [-125.20496, 48.86193], [-125.20612, 48.86168], [-125.20774, 48.86134], [-125.20975, 48.86097], [-125.21228, 48.86059], [-125.21435, 48.86031], [-125.21636, 48.86003], [-125.21836, 48.85976], [-125.22071, 48.85945], [-125.2229, 48.85911], [-125.22492, 48.85879], [-125.22703, 48.85847], [-125.22938, 48.85813], [-125.23143, 48.85789], [-125.23347, 48.85765], [-125.23561, 48.8574], [-125.23856, 48.85698], [-125.24059, 48.85673], [-125.24261, 48.85648], [-125.2447, 48.85622], [-125.24661, 48.85558], [-125.24871, 48.85504], [-125.25079, 48.85451], [-125.25301, 48.85394], [-125.25418, 48.85264], [-125.25461, 48.85124], [-125.25501, 48.84996], [-125.25542, 48.84864], [-125.25745, 48.84691], [-125.2581, 48.84552], [-125.25875, 48.84413], [-125.25942, 48.84271], [-125.25993, 48.84067], [-125.26022, 48.83918], [-125.26052, 48.83767], [-125.26083, 48.83609], [-125.26089, 48.8343], [-125.26089, 48.83278], [-125.26088, 48.83135], [-125.26087, 48.82984], [-125.26088, 48.82821], [-125.26083, 48.82675], [-125.26078, 48.82544], [-125.26072, 48.82414], [-125.2602, 48.82219], [-125.26024, 48.82074], [-125.26027, 48.81945], [-125.2603, 48.81813], [-125.25962, 48.81598], [-125.25962, 48.81474], [-125.25962, 48.8135], [-125.25962, 48.81223], [-125.25951, 48.81044], [-125.25963, 48.80925], [-125.25975, 48.80807], [-125.25987, 48.80687], [-125.2604, 48.80512], [-125.26102, 48.80394], [-125.26166, 48.80271], [-125.26233, 48.80142], [-125.26343, 48.79955], [-125.26436, 48.79825], [-125.26539, 48.79682], [-125.2665, 48.79527], [-125.26778, 48.79332], [-125.26851, 48.79196], [-125.26921, 48.79065], [-125.26991, 48.78935], [-125.27283, 48.78799], [-125.27552, 48.78768], [-125.27805, 48.7874], [-125.28056, 48.78711], [-125.28304, 48.78683], [-125.28549, 48.78656], [-125.28797, 48.78627], [-125.29044, 48.78599], [-125.29295, 48.78571], [-125.29542, 48.78543], [-125.29784, 48.78516], [-125.30029, 48.78488], [-125.30276, 48.7846], [-125.30521, 48.78432], [-125.30766, 48.78405], [-125.31013, 48.78377], [-125.31261, 48.78348], [-125.31508, 48.7832], [-125.31762, 48.78292], [-125.32023, 48.78262], [-125.32462, 48.78218], [-125.32757, 48.78193], [-125.33047, 48.78169], [-125.33339, 48.78145], [-125.33625, 48.78122], [-125.33911, 48.78098], [-125.34204, 48.78074], [-125.34496, 48.7805], [-125.34767, 48.78027], [-125.35021, 48.78006], [-125.35298, 48.77983], [-125.356, 48.77958], [-125.35911, 48.77933], [-125.36213, 48.77908], [-125.36509, 48.77883], [-125.36814, 48.77858], [-125.37122, 48.77832], [-125.3743, 48.77807], [-125.37752, 48.7778], [-125.38069, 48.77754], [-125.3858, 48.77754], [-125.38959, 48.77757], [-125.39333, 48.77759], [-125.39701, 48.77762], [-125.4007, 48.77765], [-125.40442, 48.77768], [-125.40815, 48.77771], [-125.41194, 48.77774], [-125.4157, 48.77777], [-125.41948, 48.77779], [-125.42337, 48.77782], [-125.42727, 48.77785], [-125.43122, 48.77788], [-125.43512, 48.77791], [-125.439, 48.77794], [-125.44297, 48.77797], [-125.44703, 48.77801], [-125.45104, 48.77804], [-125.45502, 48.77807], [-125.45903, 48.7781], [-125.46477, 48.77888], [-125.46766, 48.77865], [-125.47091, 48.77838], [-125.4745, 48.77808], [-125.4781, 48.77778], [-125.48175, 48.77748], [-125.485, 48.77721], [-125.48786, 48.77698], [-125.49124, 48.7767], [-125.49506, 48.77638], [-125.4989, 48.77606], [-125.50278, 48.77574], [-125.50676, 48.77542], [-125.51076, 48.77509], [-125.51478, 48.77475], [-125.51885, 48.77442], [-125.52238, 48.77413], [-125.52546, 48.77387], [-125.52856, 48.77362], [-125.53155, 48.77337], [-125.53475, 48.77449], [-125.53774, 48.77314], [-125.54081, 48.77176], [-125.54388, 48.77037], [-125.54703, 48.76895], [-125.55024, 48.76751], [-125.5535, 48.76604], [-125.55678, 48.76457], [-125.56014, 48.76305], [-125.56355, 48.76152], [-125.56694, 48.75999], [-125.57033, 48.75846], [-125.57376, 48.75692], [-125.57721, 48.75536], [-125.58062, 48.75383], [-125.58407, 48.75227], [-125.58761, 48.75068], [-125.59117, 48.74907], [-125.59478, 48.74745], [-125.59838, 48.74583], [-125.60059, 48.74333], [-125.60227, 48.74104], [-125.60393, 48.73877], [-125.6056, 48.73649], [-125.60732, 48.73414], [-125.60908, 48.73174], [-125.61094, 48.72921], [-125.61286, 48.72658], [-125.61486, 48.72384], [-125.61697, 48.72097], [-125.61895, 48.71827], [-125.62077, 48.71578], [-125.62211, 48.71395], [-125.62308, 48.71263], [-125.62436, 48.71088], [-125.62592, 48.70874], [-125.62747, 48.70662], [-125.62895, 48.70461], [-125.63012, 48.70301], [-125.63106, 48.70173], [-125.63168, 48.69938], [-125.63223, 48.699], [-125.6332, 48.69836], [-125.63456, 48.69744], [-125.63597, 48.69649], [-125.63743, 48.69551], [-125.63888, 48.69454], [-125.64037, 48.69354], [-125.642, 48.69244], [-125.64371, 48.69129], [-125.64548, 48.6901], [-125.64722, 48.68893], [-125.64887, 48.68782], [-125.65045, 48.68676], [-125.65205, 48.68569], [-125.65358, 48.68466], [-125.65505, 48.68367], [-125.65658, 48.68264], [-125.65808, 48.68163], [-125.65966, 48.68057], [-125.6622, 48.67929], [-125.6644, 48.67898], [-125.66653, 48.67867], [-125.66879, 48.67835], [-125.67161, 48.67794], [-125.67506, 48.67745], [-125.67827, 48.67699], [-125.68124, 48.67656], [-125.68357, 48.67623], [-125.68524, 48.67598], [-125.68767, 48.67564], [-125.69064, 48.67521], [-125.69362, 48.67478], [-125.69672, 48.67434], [-125.6997, 48.67391], [-125.70248, 48.67351], [-125.70507, 48.67314], [-125.70747, 48.67279], [-125.71017, 48.67241], [-125.71324, 48.67197], [-125.71783, 48.67115], [-125.72174, 48.6708], [-125.72552, 48.67045], [-125.72921, 48.67012], [-125.73297, 48.66978], [-125.73666, 48.66944], [-125.74024, 48.66912], [-125.74386, 48.66879], [-125.74752, 48.66846], [-125.75131, 48.66812], [-125.75414, 48.66786], [-125.75604, 48.66769], [-125.75782, 48.66753], [-125.75954, 48.66737], [-125.7613, 48.66721], [-125.76297, 48.66706], [-125.76461, 48.66691], [-125.76623, 48.66676], [-125.76784, 48.66662], [-125.76942, 48.66648], [-125.77209, 48.66612], [-125.77439, 48.6658], [-125.77639, 48.66552], [-125.77847, 48.66522], [-125.7806, 48.66492], [-125.78265, 48.66463], [-125.78472, 48.66434], [-125.78677, 48.66405], [-125.78889, 48.66375], [-125.79088, 48.66346], [-125.79281, 48.66319], [-125.7948, 48.66291], [-125.79686, 48.66262], [-125.79901, 48.66231], [-125.80123, 48.662], [-125.80338, 48.66169], [-125.80553, 48.66139], [-125.80773, 48.66108], [-125.80993, 48.66077], [-125.81207, 48.66046], [-125.81578, 48.66004], [-125.81848, 48.65989], [-125.82089, 48.65976], [-125.82325, 48.65963], [-125.82566, 48.6595], [-125.82802, 48.65938], [-125.83042, 48.65925], [-125.83281, 48.65912], [-125.83515, 48.65899], [-125.83741, 48.65887], [-125.83965, 48.65875], [-125.84201, 48.65862], [-125.84438, 48.65849], [-125.84674, 48.65837], [-125.84915, 48.65824], [-125.85151, 48.65811], [-125.85391, 48.65798], [-125.85627, 48.65785], [-125.85871, 48.65772], [-125.8612, 48.65759], [-125.86516, 48.65753], [-125.86749, 48.65765], [-125.86958, 48.65776], [-125.87165, 48.65787], [-125.87391, 48.65799], [-125.87619, 48.65811], [-125.87833, 48.65822], [-125.88044, 48.65833], [-125.88258, 48.65844], [-125.88477, 48.65856], [-125.88707, 48.65868], [-125.88937, 48.6588], [-125.89169, 48.65892], [-125.89399, 48.65904], [-125.89634, 48.65917], [-125.89873, 48.65929], [-125.90119, 48.65942], [-125.90361, 48.65955], [-125.90609, 48.65968], [-125.9088, 48.65982], [-125.91187, 48.66015], [-125.9134, 48.66], [-125.91472, 48.65986], [-125.91605, 48.65972], [-125.91743, 48.65957], [-125.91882, 48.65942], [-125.92017, 48.65928], [-125.92158, 48.65913], [-125.92304, 48.65897], [-125.92449, 48.65882], [-125.92592, 48.65867], [-125.92736, 48.65851], [-125.92886, 48.65835], [-125.93036, 48.65819], [-125.93188, 48.65803], [-125.93336, 48.65787], [-125.93488, 48.65771], [-125.93638, 48.65755], [-125.93782, 48.6574], [-125.93922, 48.65725], [-125.93997, 48.65674], [-125.93975, 48.65561], [-125.93956, 48.65464], [-125.93937, 48.65367], [-125.93919, 48.65272], [-125.939, 48.65176], [-125.93881, 48.65077], [-125.93862, 48.6498], [-125.93843, 48.64882], [-125.93824, 48.64785], [-125.93806, 48.64688], [-125.93786, 48.6459], [-125.93767, 48.64488], [-125.93747, 48.64386], [-125.93727, 48.64285], [-125.93708, 48.64186], [-125.93689, 48.64086], [-125.93669, 48.63985], [-125.93648, 48.63876], [-125.93626, 48.63766], [-125.93517, 48.63576], [-125.93425, 48.63365], [-125.93342, 48.63171], [-125.93259, 48.62979], [-125.93177, 48.62789], [-125.93095, 48.62601], [-125.93015, 48.62414], [-125.92933, 48.62225], [-125.9285, 48.62033], [-125.92768, 48.61845], [-125.92688, 48.61658], [-125.92606, 48.6147], [-125.92524, 48.6128], [-125.92443, 48.61092], [-125.92361, 48.60901], [-125.92279, 48.60713], [-125.92199, 48.60527], [-125.92117, 48.60337], [-125.92037, 48.60152], [-125.91958, 48.59971], [-125.91785, 48.5954], [-125.91805, 48.59326], [-125.91826, 48.5911], [-125.91847, 48.5889], [-125.91868, 48.58673], [-125.91889, 48.58459], [-125.91909, 48.5825], [-125.91928, 48.58052], [-125.91947, 48.57856], [-125.91967, 48.57656], [-125.91985, 48.57461], [-125.92004, 48.57272], [-125.92023, 48.57077], [-125.92041, 48.56885], [-125.92059, 48.56695], [-125.92078, 48.56503], [-125.92097, 48.56302], [-125.92117, 48.561], [-125.92137, 48.55898], [-125.92157, 48.55683], [-125.92201, 48.55389], [-125.92343, 48.55143], [-125.9247, 48.54924], [-125.92595, 48.54709], [-125.92722, 48.54489], [-125.92852, 48.54265], [-125.92984, 48.54037], [-125.93118, 48.53804], [-125.93257, 48.53564], [-125.934, 48.53319], [-125.93546, 48.53066], [-125.93695, 48.52809], [-125.93846, 48.52547], [-125.94002, 48.5228], [-125.9416, 48.52007], [-125.94321, 48.51728], [-125.94487, 48.51442], [-125.94652, 48.51156], [-125.94821, 48.50866], [-125.94995, 48.50565], [-125.95269, 48.50171], [-125.95601, 48.49915], [-125.95918, 48.4967], [-125.96241, 48.49421], [-125.96571, 48.49166], [-125.96897, 48.48915], [-125.97223, 48.48664], [-125.97559, 48.48404], [-125.97918, 48.48127], [-125.98286, 48.47843], [-125.9868, 48.4754], [-125.99061, 48.47246], [-125.99385, 48.46995], [-125.99668, 48.46777], [-126.00029, 48.46499], [-126.00444, 48.46179], [-126.00867, 48.45853], [-126.01297, 48.4552], [-126.01724, 48.45191], [-126.02161, 48.44854], [-126.02672, 48.44488], [-126.03166, 48.44219], [-126.03644, 48.43958], [-126.04117, 48.437], [-126.04595, 48.43439], [-126.05089, 48.43169], [-126.05677, 48.42818], [-126.06198, 48.42595], [-126.06699, 48.42382], [-126.07206, 48.42166], [-126.07754, 48.41932], [-126.08327, 48.41688], [-126.08964, 48.41402], [-126.09598, 48.41249], [-126.10262, 48.41089], [-126.10952, 48.40922], [-126.11679, 48.40747], [-126.12448, 48.40561], [-126.13327, 48.40368], [-126.14176, 48.40294], [-126.15061, 48.40216], [-126.1601, 48.40133], [-126.17134, 48.40034], [-126.18405, 48.39922], [-126.20434, 48.39698], [-126.22966, 48.39439], [-126.25894, 48.39139], [-126.29134, 48.38808], [-126.3245, 48.38468], [-126.35828, 48.38122], [-126.36429, 48.37345], [-126.34613, 48.36247], [-126.32809, 48.35158], [-126.30997, 48.34063], [-126.29191, 48.32971], [-126.27363, 48.31867], [-126.25224, 48.30695], [-126.22748, 48.29508], [-126.20269, 48.28319], [-126.17769, 48.27121], [-126.15259, 48.25917], [-126.12756, 48.24717], [-126.10784, 48.23158], [-126.09345, 48.21519], [-126.07955, 48.19935], [-126.06581, 48.18369], [-126.05171, 48.16763], [-126.03726, 48.15116]]}, "properties": {"deployment": "dfo-eva035-20250709", "glider": "eva035", "group": "svi_shelf", "segment": 0, "n_points": 477, "deployment_start": "2025-07-09", "deployment_month": "2025-07", "segment_start": "2025-07-09T22:47", "segment_end": "2025-07-14T09:33", "segment_month": "2025-07", "epoch_days": 501, "segment_epoch_days": 501}}, {"type": "Feature", "geometry": {"type": "LineString", "coordinates": [[-126.23978, 48.1829], [-126.21648, 48.18078], [-126.19326, 48.17867], [-126.17012, 48.17657], [-126.14677, 48.17444], [-126.12348, 48.17232], [-126.10178, 48.17682], [-126.08101, 48.18663], [-126.06053, 48.19631], [-126.04037, 48.20582], [-126.0217, 48.21464], [-126.00399, 48.22301], [-125.98528, 48.22858], [-125.96823, 48.23314], [-125.95153, 48.23761], [-125.935, 48.24202], [-125.91739, 48.24673], [-125.89896, 48.25166], [-125.88276, 48.25274], [-125.86848, 48.25425], [-125.85652, 48.25551], [-125.84629, 48.25658], [-125.83699, 48.25756], [-125.8283, 48.25848], [-125.82009, 48.25878], [-125.81379, 48.25979], [-125.80849, 48.26063], [-125.80398, 48.26136], [-125.7997, 48.26204], [-125.79545, 48.26272], [-125.7903, 48.26282], [-125.7856, 48.2639], [-125.78082, 48.265], [-125.77612, 48.26608], [-125.77177, 48.26708], [-125.76731, 48.2681], [-125.76253, 48.26802], [-125.75819, 48.2692], [-125.75403, 48.27032], [-125.74997, 48.27143], [-125.74596, 48.27252], [-125.74189, 48.27363], [-125.73703, 48.27516], [-125.73288, 48.27706], [-125.72803, 48.27928], [-125.72238, 48.28186], [-125.71733, 48.28417], [-125.71268, 48.2863], [-125.7071, 48.28823], [-125.70224, 48.28965], [-125.6973, 48.29109], [-125.69243, 48.29251], [-125.68812, 48.29376], [-125.68435, 48.29486], [-125.68028, 48.29604], [-125.67584, 48.29734], [-125.67158, 48.29858], [-125.66749, 48.29977], [-125.66331, 48.30098], [-125.65903, 48.30223], [-125.65467, 48.3035], [-125.65037, 48.30475], [-125.64611, 48.30599], [-125.64183, 48.30724], [-125.63765, 48.30845], [-125.63351, 48.30966], [-125.62927, 48.31089], [-125.62497, 48.31214], [-125.61972, 48.31308], [-125.61584, 48.31431], [-125.61212, 48.3155], [-125.60836, 48.31669], [-125.6046, 48.31789], [-125.60081, 48.31909], [-125.59699, 48.32031], [-125.59321, 48.32151], [-125.58932, 48.32274], [-125.58543, 48.32398], [-125.58196, 48.32508], [-125.57887, 48.32607], [-125.57542, 48.32716], [-125.57166, 48.32836], [-125.56787, 48.32956], [-125.56401, 48.33079], [-125.56019, 48.332], [-125.55638, 48.33321], [-125.55251, 48.33444], [-125.54858, 48.33569], [-125.54359, 48.3373], [-125.54011, 48.33897], [-125.53663, 48.34065], [-125.53313, 48.34234], [-125.52973, 48.34398], [-125.5263, 48.34563], [-125.52281, 48.34731], [-125.51933, 48.34898], [-125.51582, 48.35068], [-125.51239, 48.35233], [-125.50901, 48.35396], [-125.50567, 48.35557], [-125.5023, 48.35719], [-125.499, 48.35878], [-125.49567, 48.36039], [-125.49231, 48.36201], [-125.489, 48.3636], [-125.48572, 48.36518], [-125.48237, 48.3668], [-125.47894, 48.36845], [-125.47478, 48.37019], [-125.47249, 48.37159], [-125.47025, 48.37296], [-125.468, 48.37434], [-125.46572, 48.37573], [-125.46346, 48.37712], [-125.46117, 48.37852], [-125.45889, 48.37991], [-125.45661, 48.38131], [-125.4543, 48.38272], [-125.45186, 48.38422], [-125.44935, 48.38575], [-125.44675, 48.38734], [-125.44411, 48.38896], [-125.44148, 48.39057], [-125.4388, 48.39221], [-125.43605, 48.39389], [-125.43337, 48.39553], [-125.43084, 48.39708], [-125.42828, 48.39864], [-125.42755, 48.4008], [-125.42746, 48.40273], [-125.42737, 48.4047], [-125.42729, 48.40662], [-125.42721, 48.40848], [-125.42713, 48.41033], [-125.42705, 48.41221], [-125.42696, 48.41407], [-125.42688, 48.41596], [-125.4268, 48.41789], [-125.42671, 48.41991], [-125.42662, 48.42197], [-125.42652, 48.42416], [-125.42642, 48.42647], [-125.42632, 48.42878], [-125.42622, 48.43104], [-125.42612, 48.43327], [-125.42602, 48.43551], [-125.42592, 48.43779], [-125.42582, 48.44011], [-125.4243, 48.44214], [-125.42198, 48.44428], [-125.41969, 48.4464], [-125.41741, 48.44851], [-125.41512, 48.45063], [-125.41284, 48.45274], [-125.4105, 48.4549], [-125.40816, 48.45707], [-125.40584, 48.45921], [-125.4035, 48.46138], [-125.40118, 48.46353], [-125.39885, 48.46568], [-125.39649, 48.46786], [-125.39416, 48.47002], [-125.39179, 48.47221], [-125.38939, 48.47443], [-125.38702, 48.47662], [-125.38474, 48.47873], [-125.38252, 48.48078], [-125.38028, 48.48285], [-125.37583, 48.48548], [-125.3713, 48.48683], [-125.36679, 48.48817], [-125.36244, 48.48946], [-125.35817, 48.49073], [-125.3538, 48.49203], [-125.35097, 48.49287], [-125.34957, 48.49329], [-125.34855, 48.49359], [-125.34789, 48.49379], [-125.3452, 48.49459], [-125.34077, 48.49591], [-125.33796, 48.49674], [-125.33668, 48.49712], [-125.33383, 48.49797], [-125.32954, 48.49925], [-125.32521, 48.50053], [-125.32078, 48.50185], [-125.3164, 48.50315], [-125.31203, 48.50445], [-125.30644, 48.50588], [-125.30304, 48.50721], [-125.29972, 48.50851], [-125.29639, 48.50981], [-125.29307, 48.51111], [-125.28975, 48.51241], [-125.28645, 48.5137], [-125.28318, 48.51498], [-125.27981, 48.51629], [-125.2765, 48.51759], [-125.27343, 48.51879], [-125.27048, 48.51995], [-125.26757, 48.52108], [-125.26474, 48.52219], [-125.26192, 48.5233], [-125.25911, 48.5244], [-125.25631, 48.52549], [-125.25356, 48.52657], [-125.2507, 48.52768], [-125.24796, 48.52876], [-125.24575, 48.53025], [-125.24407, 48.53139], [-125.24241, 48.53252], [-125.24082, 48.53361], [-125.23919, 48.53472], [-125.23757, 48.53582], [-125.23601, 48.53689], [-125.23438, 48.538], [-125.23277, 48.53909], [-125.23121, 48.54015], [-125.22951, 48.54131], [-125.2278, 48.54248], [-125.22617, 48.54359], [-125.2245, 48.54473], [-125.22265, 48.54599], [-125.22072, 48.5473], [-125.2189, 48.54855], [-125.21711, 48.54977], [-125.21546, 48.55089], [-125.21395, 48.55192], [-125.21267, 48.55344], [-125.21114, 48.55436], [-125.20952, 48.55534], [-125.20796, 48.55627], [-125.20637, 48.55722], [-125.20477, 48.55818], [-125.2033, 48.55906], [-125.20179, 48.55997], [-125.20029, 48.56087], [-125.19884, 48.56174], [-125.1974, 48.5626], [-125.19604, 48.56341], [-125.19464, 48.56425], [-125.19326, 48.56508], [-125.19187, 48.56591], [-125.19035, 48.56682], [-125.1889, 48.5677], [-125.18743, 48.56857], [-125.18592, 48.56948], [-125.18441, 48.57038], [-125.18259, 48.57173], [-125.18225, 48.57291], [-125.18194, 48.57403], [-125.18162, 48.57514], [-125.1813, 48.57628], [-125.18097, 48.57746], [-125.18063, 48.57863], [-125.1803, 48.5798], [-125.17999, 48.58092], [-125.17968, 48.58199], [-125.17936, 48.58315], [-125.17903, 48.58432], [-125.17871, 48.58545], [-125.17839, 48.58658], [-125.17806, 48.58773], [-125.17774, 48.58887], [-125.17742, 48.59001], [-125.1771, 48.59115], [-125.17677, 48.59229], [-125.17645, 48.59345], [-125.17919, 48.5963], [-125.17989, 48.59775], [-125.18058, 48.59919], [-125.18124, 48.60057], [-125.1819, 48.60194], [-125.18255, 48.60328], [-125.1832, 48.60465], [-125.18386, 48.60601], [-125.1845, 48.60734], [-125.18513, 48.60865], [-125.18577, 48.60997], [-125.18642, 48.61133], [-125.18848, 48.61326], [-125.18921, 48.61463], [-125.18995, 48.616], [-125.19069, 48.61739], [-125.19146, 48.61883], [-125.19219, 48.62019], [-125.19294, 48.62159], [-125.19369, 48.62299], [-125.19444, 48.6244], [-125.1952, 48.62581], [-125.19594, 48.62719], [-125.19668, 48.62858], [-125.19843, 48.63052], [-125.19877, 48.63169], [-125.19911, 48.6329], [-125.19946, 48.63412], [-125.19981, 48.63533], [-125.20015, 48.63653], [-125.20051, 48.63777], [-125.20086, 48.639], [-125.20121, 48.64023], [-125.20156, 48.64145], [-125.2019, 48.64265], [-125.20226, 48.64388], [-125.20405, 48.64593], [-125.20382, 48.64698], [-125.2036, 48.64801], [-125.20338, 48.64902], [-125.20317, 48.64999], [-125.20296, 48.65094], [-125.20275, 48.65189], [-125.20255, 48.65283], [-125.20234, 48.6538], [-125.20213, 48.65475], [-125.20192, 48.65571], [-125.20173, 48.65661], [-125.20151, 48.65765], [-125.20071, 48.65815], [-125.19988, 48.65866], [-125.19907, 48.65916], [-125.19822, 48.65968], [-125.19738, 48.66021], [-125.19655, 48.66072], [-125.19572, 48.66123], [-125.19484, 48.66178], [-125.19397, 48.66232], [-125.19306, 48.66288], [-125.19221, 48.66341], [-125.19429, 48.66504], [-125.1963, 48.66651], [-125.19837, 48.66802], [-125.20041, 48.66951], [-125.20256, 48.67107], [-125.20469, 48.67262], [-125.20671, 48.6741], [-125.20877, 48.6756], [-125.21101, 48.67723], [-125.21321, 48.67884], [-125.21533, 48.68038], [-125.21753, 48.68198], [-125.22076, 48.68337], [-125.22242, 48.68471], [-125.22409, 48.68607], [-125.22581, 48.68746], [-125.22752, 48.68886], [-125.22921, 48.69023], [-125.23089, 48.6916], [-125.23257, 48.69296], [-125.23428, 48.69435], [-125.23598, 48.69573], [-125.23767, 48.69711], [-125.23944, 48.69854], [-125.24159, 48.69999], [-125.24286, 48.70123], [-125.24418, 48.70253], [-125.2455, 48.70383], [-125.2468, 48.70511], [-125.24812, 48.70641], [-125.24949, 48.70776], [-125.25084, 48.70909], [-125.25221, 48.71043], [-125.2536, 48.7118], [-125.25502, 48.71321], [-125.25653, 48.71469], [-125.25785, 48.71661], [-125.25884, 48.71789], [-125.25989, 48.71925], [-125.26086, 48.7205], [-125.26178, 48.7217], [-125.26268, 48.72285], [-125.26355, 48.72398], [-125.2644, 48.72508], [-125.26526, 48.72619], [-125.2661, 48.72727], [-125.26691, 48.72832], [-125.26775, 48.7294], [-125.26896, 48.7305], [-125.26996, 48.73131], [-125.27091, 48.73209], [-125.27188, 48.73287], [-125.27307, 48.73398], [-125.27398, 48.7346], [-125.27483, 48.73519], [-125.27563, 48.73575], [-125.27679, 48.73644], [-125.27762, 48.73689], [-125.27842, 48.73733], [-125.27925, 48.73778], [-125.28038, 48.73846], [-125.28108, 48.7389], [-125.28178, 48.73934], [-125.28252, 48.73981], [-125.28394, 48.74051], [-125.28476, 48.74108], [-125.28563, 48.74169], [-125.28655, 48.74232], [-125.28854, 48.74301], [-125.28998, 48.74322], [-125.29185, 48.74348], [-125.29409, 48.74381], [-125.29632, 48.74412], [-125.29855, 48.74444], [-125.30085, 48.74477], [-125.30321, 48.74511], [-125.3059, 48.7455], [-125.30878, 48.74591], [-125.31147, 48.74629], [-125.31401, 48.74666], [-125.31655, 48.74702], [-125.31902, 48.74738], [-125.32146, 48.74772], [-125.32384, 48.74807], [-125.32618, 48.7484], [-125.32854, 48.74874], [-125.33096, 48.74909], [-125.33344, 48.74944], [-125.33659, 48.74977], [-125.3394, 48.75013], [-125.34195, 48.75047], [-125.34452, 48.7508], [-125.34707, 48.75113], [-125.34961, 48.75146], [-125.35221, 48.7518], [-125.35477, 48.75214], [-125.3573, 48.75247], [-125.35981, 48.7528], [-125.36237, 48.75313], [-125.36493, 48.75346], [-125.36755, 48.75381], [-125.37019, 48.75415], [-125.37279, 48.75449], [-125.37533, 48.75482], [-125.37795, 48.75516], [-125.38061, 48.75551], [-125.38326, 48.75586], [-125.386, 48.75621], [-125.38965, 48.75629], [-125.39298, 48.75635], [-125.39603, 48.75641], [-125.39907, 48.75647], [-125.40221, 48.75653], [-125.40536, 48.75659], [-125.40853, 48.75665], [-125.41165, 48.75671], [-125.41479, 48.75677], [-125.418, 48.75683], [-125.42126, 48.75689], [-125.4245, 48.75696], [-125.42778, 48.75702], [-125.43105, 48.75708], [-125.43435, 48.75715], [-125.43765, 48.75721], [-125.44087, 48.75727], [-125.44408, 48.75733], [-125.44733, 48.7574], [-125.45069, 48.75746], [-125.45679, 48.75688], [-125.46107, 48.75649], [-125.46513, 48.75612], [-125.46927, 48.75574], [-125.47343, 48.75536], [-125.47757, 48.75498], [-125.48175, 48.7546], [-125.48599, 48.75421], [-125.49039, 48.75381], [-125.49487, 48.7534], [-125.49929, 48.753], [-125.5037, 48.75259], [-125.50829, 48.75217], [-125.51301, 48.75174], [-125.51794, 48.75129], [-125.52282, 48.75084], [-125.52779, 48.75039], [-125.53284, 48.74993], [-125.53787, 48.74947], [-125.54313, 48.74899], [-125.54968, 48.74838], [-125.55492, 48.7478], [-125.56018, 48.74722], [-125.56553, 48.74663], [-125.57099, 48.74602], [-125.57636, 48.74543], [-125.58133, 48.74488], [-125.58611, 48.74435], [-125.59154, 48.74375], [-125.59725, 48.74312], [-125.60242, 48.74254], [-125.60727, 48.74201], [-125.61266, 48.74141], [-125.61855, 48.74076], [-125.62454, 48.74009], [-125.63052, 48.73943], [-125.63655, 48.73876], [-125.64267, 48.73809], [-125.64837, 48.73746], [-125.65381, 48.73685], [-125.65868, 48.73533], [-125.66139, 48.73312], [-125.66417, 48.73085], [-125.66702, 48.72852], [-125.66964, 48.72638], [-125.67205, 48.72441], [-125.67474, 48.72222], [-125.67764, 48.71985], [-125.68053, 48.7175], [-125.68342, 48.71513], [-125.68629, 48.71279], [-125.68911, 48.71049], [-125.69191, 48.70821], [-125.69466, 48.70596], [-125.69744, 48.70369], [-125.70021, 48.70143], [-125.70303, 48.69913], [-125.70574, 48.69692], [-125.70833, 48.69481], [-125.711, 48.69263], [-125.71365, 48.69059], [-125.71568, 48.68899], [-125.71768, 48.6874], [-125.71965, 48.68583], [-125.72161, 48.68427], [-125.72357, 48.68271], [-125.72547, 48.6812], [-125.72736, 48.6797], [-125.72926, 48.67819], [-125.73112, 48.67671], [-125.73306, 48.67517], [-125.73499, 48.67363], [-125.73686, 48.67214], [-125.73873, 48.67066], [-125.74072, 48.66908], [-125.74275, 48.66746], [-125.74459, 48.666], [-125.74627, 48.66466], [-125.74761, 48.6636], [-125.74875, 48.66269], [-125.74948, 48.66104], [-125.7503, 48.65969], [-125.75103, 48.6585], [-125.75162, 48.65753], [-125.7522, 48.65657], [-125.75279, 48.6556], [-125.75337, 48.65465], [-125.75393, 48.65374], [-125.7545, 48.6528], [-125.75506, 48.65187], [-125.7556, 48.651], [-125.75611, 48.65016], [-125.75663, 48.6493], [-125.75717, 48.64842], [-125.75771, 48.64753], [-125.75824, 48.64666], [-125.75878, 48.64579], [-125.75932, 48.64489], [-125.75987, 48.64399], [-125.76044, 48.64305], [-125.76142, 48.64165], [-125.76251, 48.64072], [-125.76353, 48.63983], [-125.76459, 48.63891], [-125.7657, 48.63795], [-125.76678, 48.63701], [-125.76786, 48.63608], [-125.76892, 48.63516], [-125.77003, 48.6342], [-125.77113, 48.63324], [-125.77222, 48.6323], [-125.77332, 48.63135], [-125.77446, 48.63036], [-125.77557, 48.62939], [-125.77668, 48.62843], [-125.77778, 48.62748], [-125.7789, 48.62651], [-125.78004, 48.62552], [-125.78121, 48.6245], [-125.78245, 48.62343], [-125.78483, 48.62173], [-125.78641, 48.62087], [-125.78793, 48.62004], [-125.78952, 48.61918], [-125.79115, 48.61828], [-125.7928, 48.61739], [-125.79444, 48.61649], [-125.79603, 48.61563], [-125.79762, 48.61476], [-125.79923, 48.61389], [-125.80086, 48.613], [-125.80251, 48.6121], [-125.8042, 48.61118], [-125.80583, 48.61029], [-125.80744, 48.60941], [-125.80905, 48.60854], [-125.81075, 48.60761], [-125.81247, 48.60667], [-125.81421, 48.60572], [-125.81604, 48.60472], [-125.81872, 48.60323], [-125.82086, 48.60225], [-125.82296, 48.6013], [-125.82504, 48.60034], [-125.82725, 48.59934], [-125.82951, 48.59831], [-125.8317, 48.59731], [-125.83387, 48.59632], [-125.83605, 48.59532], [-125.83817, 48.59436], [-125.84032, 48.59338], [-125.84255, 48.59236], [-125.84481, 48.59133], [-125.8471, 48.59029], [-125.84942, 48.58923], [-125.85176, 48.58816], [-125.85411, 48.58709], [-125.85639, 48.58605], [-125.85871, 48.58499], [-125.86122, 48.58385], [-125.86484, 48.58251], [-125.86769, 48.58171], [-125.87053, 48.58091], [-125.87342, 48.5801], [-125.87635, 48.57927], [-125.87924, 48.57846], [-125.88221, 48.57762], [-125.88513, 48.5768], [-125.88806, 48.57598], [-125.89105, 48.57514], [-125.89404, 48.57429], [-125.89699, 48.57346], [-125.89993, 48.57264], [-125.90285, 48.57182], [-125.90592, 48.57095], [-125.90904, 48.57007], [-125.91209, 48.56921], [-125.91505, 48.56838], [-125.91815, 48.56751], [-125.92143, 48.56658], [-125.92588, 48.56596], [-125.92959, 48.56562], [-125.93293, 48.56531], [-125.93622, 48.565], [-125.93966, 48.56468], [-125.94326, 48.56435], [-125.94695, 48.56401], [-125.95066, 48.56366], [-125.95453, 48.56331], [-125.95848, 48.56294], [-125.96241, 48.56258], [-125.96629, 48.56222], [-125.97026, 48.56185], [-125.97421, 48.56148], [-125.97814, 48.56112], [-125.98216, 48.56074], [-125.98644, 48.56035], [-125.9908, 48.55994], [-125.99535, 48.55952], [-125.99992, 48.5591], [-126.0039, 48.55807], [-126.00688, 48.55699], [-126.00973, 48.55595], [-126.01258, 48.55491], [-126.01552, 48.55384], [-126.01849, 48.55276], [-126.0215, 48.55167], [-126.02456, 48.55056], [-126.02759, 48.54946], [-126.03069, 48.54833], [-126.03398, 48.54714], [-126.03728, 48.54594], [-126.04074, 48.54468], [-126.04421, 48.54342], [-126.04765, 48.54217], [-126.0511, 48.54091], [-126.05464, 48.53963], [-126.05826, 48.53831], [-126.06196, 48.53697], [-126.0658, 48.53557], [-126.06915, 48.5332], [-126.07156, 48.531], [-126.07391, 48.52886], [-126.07626, 48.52671], [-126.07869, 48.5245], [-126.08114, 48.52227], [-126.08365, 48.51997], [-126.08623, 48.51762], [-126.08884, 48.51524], [-126.09149, 48.51283], [-126.09416, 48.51039], [-126.09685, 48.50793], [-126.0996, 48.50543], [-126.10237, 48.5029], [-126.1052, 48.50033], [-126.10801, 48.49776], [-126.11086, 48.49516], [-126.11374, 48.49254], [-126.11662, 48.4899], [-126.11952, 48.48726], [-126.12293, 48.48356], [-126.12632, 48.4801], [-126.12965, 48.47672], [-126.13303, 48.47327], [-126.1366, 48.46964], [-126.14038, 48.46579], [-126.14431, 48.4611], [-126.14977, 48.45754], [-126.15579, 48.45361], [-126.16227, 48.44938], [-126.17022, 48.44419], [-126.17946, 48.43816], [-126.19246, 48.433], [-126.20833, 48.42918], [-126.22733, 48.42462], [-126.24907, 48.41939], [-126.27643, 48.41281], [-126.30798, 48.40522], [-126.31434, 48.39544], [-126.29948, 48.38472], [-126.28474, 48.37408], [-126.26991, 48.36338], [-126.25501, 48.35264], [-126.2402, 48.34195], [-126.22488, 48.33221], [-126.21159, 48.32257], [-126.1989, 48.31335], [-126.18673, 48.30452], [-126.17466, 48.29575], [-126.16239, 48.28685], [-126.14659, 48.27398], [-126.12878, 48.25886], [-126.11103, 48.24378], [-126.09333, 48.22875], [-126.07645, 48.21442], [-126.06021, 48.20062], [-126.04158, 48.1847], [-126.022, 48.16886], [-125.99708, 48.16878], [-125.96944, 48.18321], [-125.94673, 48.19507], [-125.92763, 48.20505], [-125.91072, 48.21387], [-125.89565, 48.22174], [-125.8794, 48.22611], [-125.86509, 48.22865], [-125.85227, 48.23092], [-125.84069, 48.23298], [-125.83058, 48.23478], [-125.82145, 48.2364], [-125.8124, 48.23776], [-125.80561, 48.24004], [-125.79955, 48.24208], [-125.79403, 48.24394], [-125.78799, 48.24598], [-125.78139, 48.2482], [-125.7744, 48.25048], [-125.76842, 48.25297], [-125.764, 48.25482], [-125.76058, 48.25624], [-125.75867, 48.25704], [-125.75817, 48.25725], [-125.75245, 48.25781], [-125.7455, 48.26142], [-125.74087, 48.26382], [-125.73821, 48.2652], [-125.73413, 48.26732], [-125.72879, 48.2701], [-125.72418, 48.2723], [-125.72116, 48.27433], [-125.71736, 48.27689], [-125.71289, 48.2799], [-125.70933, 48.2823], [-125.70643, 48.28425], [-125.70223, 48.28616], [-125.69889, 48.28789], [-125.69565, 48.28957], [-125.69246, 48.29122], [-125.69046, 48.29225], [-125.68956, 48.29272], [-125.68747, 48.2938], [-125.68437, 48.29541], [-125.68127, 48.29701], [-125.67819, 48.29861], [-125.67511, 48.3002], [-125.67206, 48.30179], [-125.66906, 48.30334], [-125.66608, 48.30488], [-125.66313, 48.30641], [-125.66022, 48.30792], [-125.65735, 48.30941], [-125.65446, 48.3109], [-125.65157, 48.3124], [-125.64872, 48.31388], [-125.64636, 48.31624], [-125.64432, 48.31848], [-125.64236, 48.32063], [-125.64041, 48.32278], [-125.63847, 48.32491], [-125.63652, 48.32705], [-125.63461, 48.32914], [-125.63274, 48.3312], [-125.63073, 48.33341], [-125.62868, 48.33567], [-125.62669, 48.33784], [-125.62472, 48.34002], [-125.62275, 48.34218], [-125.62082, 48.3443], [-125.6188, 48.34652], [-125.61673, 48.34879], [-125.61467, 48.35105], [-125.61262, 48.3533], [-125.61055, 48.35558], [-125.6084, 48.35794], [-125.60495, 48.3609], [-125.60091, 48.36301], [-125.5985, 48.36427], [-125.59759, 48.36475], [-125.59609, 48.36553], [-125.59409, 48.36658], [-125.59108, 48.36815], [-125.58708, 48.37024], [-125.58439, 48.37165], [-125.58288, 48.37244], [-125.58009, 48.37389], [-125.57609, 48.37598], [-125.57213, 48.37805], [-125.56825, 48.38008], [-125.5644, 48.3821], [-125.56051, 48.38413], [-125.55662, 48.38616], [-125.55274, 48.38819], [-125.54886, 48.39022], [-125.54507, 48.3922], [-125.53849, 48.39351], [-125.53304, 48.39417], [-125.52757, 48.39482], [-125.52225, 48.39546], [-125.51709, 48.39608], [-125.51185, 48.39671], [-125.50669, 48.39733], [-125.50161, 48.39794], [-125.49645, 48.39856], [-125.49124, 48.39919], [-125.48773, 48.39961], [-125.48569, 48.39986], [-125.48193, 48.40031], [-125.47691, 48.40091], [-125.47199, 48.4015], [-125.46715, 48.40208], [-125.46227, 48.40267], [-125.45728, 48.40327], [-125.45218, 48.40388], [-125.44712, 48.40449], [-125.44217, 48.40549], [-125.43963, 48.40678], [-125.43709, 48.40807], [-125.43458, 48.40935], [-125.43273, 48.41029], [-125.43145, 48.41094], [-125.42951, 48.41193], [-125.42694, 48.41323], [-125.42429, 48.41458], [-125.42159, 48.41596], [-125.41862, 48.41747], [-125.41544, 48.41908], [-125.41223, 48.42072], [-125.40896, 48.42238], [-125.40573, 48.42403], [-125.40252, 48.42566], [-125.3993, 48.4273], [-125.39612, 48.42892], [-125.39295, 48.43053], [-125.38975, 48.43216], [-125.38651, 48.43434], [-125.38389, 48.43669], [-125.38126, 48.43908], [-125.37865, 48.44143], [-125.37599, 48.44384], [-125.37336, 48.4462], [-125.37075, 48.44857], [-125.36816, 48.4509], [-125.36626, 48.45262], [-125.36503, 48.45373], [-125.36306, 48.45551], [-125.36044, 48.45788], [-125.35788, 48.46019], [-125.35529, 48.46253], [-125.35272, 48.46485], [-125.35019, 48.46713], [-125.34763, 48.46944], [-125.34505, 48.47178], [-125.34243, 48.47414], [-125.33986, 48.47647], [-125.33827, 48.47883], [-125.33821, 48.47921], [-125.33801, 48.48047], [-125.33767, 48.4827], [-125.33731, 48.48498], [-125.33697, 48.48719], [-125.33663, 48.48941], [-125.33629, 48.49159], [-125.33608, 48.49296], [-125.33598, 48.49359], [-125.33576, 48.49498], [-125.33543, 48.49712], [-125.3352, 48.49859], [-125.33509, 48.49931], [-125.33488, 48.50068], [-125.33457, 48.5027], [-125.33425, 48.50475], [-125.33393, 48.50681], [-125.33362, 48.50882], [-125.33331, 48.51082], [-125.33208, 48.51316], [-125.33022, 48.51514], [-125.32839, 48.51709], [-125.3266, 48.519], [-125.32476, 48.52097], [-125.32283, 48.52302], [-125.32099, 48.52498], [-125.31925, 48.52684], [-125.31756, 48.52863], [-125.31592, 48.53039], [-125.31425, 48.53216], [-125.31262, 48.5339], [-125.311, 48.53563], [-125.3094, 48.53733], [-125.30783, 48.539], [-125.30629, 48.54065], [-125.30476, 48.54228], [-125.30323, 48.54391], [-125.30171, 48.54553], [-125.30022, 48.54712], [-125.29674, 48.54867], [-125.29223, 48.54906], [-125.28835, 48.54939], [-125.28521, 48.54966], [-125.28199, 48.54994], [-125.27873, 48.55022], [-125.27489, 48.55055], [-125.27044, 48.55093], [-125.26601, 48.55131], [-125.26162, 48.55169], [-125.25718, 48.55207], [-125.25273, 48.55245], [-125.24841, 48.55282], [-125.24417, 48.55318], [-125.24009, 48.55353], [-125.23623, 48.55387], [-125.2318, 48.55425], [-125.22684, 48.55467], [-125.22223, 48.55507], [-125.21799, 48.55543], [-125.21302, 48.55631], [-125.21069, 48.55732], [-125.20839, 48.55831], [-125.20607, 48.55932], [-125.20378, 48.56031], [-125.20154, 48.56128], [-125.19928, 48.56225], [-125.19701, 48.56323], [-125.19473, 48.56422], [-125.19249, 48.56519], [-125.19023, 48.56616], [-125.18798, 48.56714], [-125.18569, 48.56813], [-125.18336, 48.56913], [-125.18112, 48.5701], [-125.17887, 48.57108], [-125.17657, 48.57207], [-125.17432, 48.57304], [-125.17201, 48.57404], [-125.16973, 48.57502], [-125.16852, 48.5765], [-125.1689, 48.57844], [-125.16927, 48.58034], [-125.16962, 48.58218], [-125.16999, 48.58408], [-125.17037, 48.58608], [-125.17076, 48.58804], [-125.17114, 48.59005], [-125.17154, 48.59212], [-125.17194, 48.59418], [-125.17234, 48.59622], [-125.17273, 48.59826], [-125.17313, 48.60033], [-125.17353, 48.60239], [-125.17392, 48.60442], [-125.17431, 48.60641], [-125.1747, 48.60841], [-125.17508, 48.61039], [-125.17546, 48.61236], [-125.17584, 48.61431], [-125.17683, 48.61731], [-125.17601, 48.61868], [-125.17513, 48.62015], [-125.17435, 48.62146], [-125.17352, 48.62284], [-125.17275, 48.62412], [-125.17194, 48.62547], [-125.17114, 48.62681], [-125.1703, 48.62821], [-125.16954, 48.62948], [-125.16875, 48.6308], [-125.16794, 48.63215], [-125.16784, 48.63404], [-125.16636, 48.63456], [-125.16489, 48.63507], [-125.1635, 48.63556], [-125.162, 48.63608], [-125.16063, 48.63656], [-125.15917, 48.63707], [-125.1578, 48.63755], [-125.15633, 48.63807], [-125.15499, 48.63854], [-125.15363, 48.63901], [-125.15222, 48.63951], [-125.15142, 48.64029], [-125.15018, 48.64074], [-125.14895, 48.64119], [-125.14773, 48.64164], [-125.14656, 48.64208], [-125.14542, 48.64249], [-125.14435, 48.64289], [-125.14332, 48.64327], [-125.14234, 48.64363], [-125.14138, 48.64398], [-125.1404, 48.64434], [-125.13937, 48.64472], [-125.13914, 48.64568], [-125.13855, 48.64639], [-125.13792, 48.64715], [-125.13729, 48.64792], [-125.13664, 48.64871], [-125.13601, 48.64948], [-125.13538, 48.65024], [-125.13476, 48.651], [-125.13414, 48.65175], [-125.13353, 48.6525], [-125.13292, 48.65323], [-125.13231, 48.65398], [-125.13356, 48.65502], [-125.13328, 48.65562], [-125.13302, 48.65621], [-125.13276, 48.6568], [-125.1325, 48.65738], [-125.13225, 48.65794], [-125.132, 48.6585], [-125.13176, 48.65903], [-125.13151, 48.65958], [-125.13127, 48.66013], [-125.13102, 48.66067], [-125.13077, 48.66123], [-125.13373, 48.66267], [-125.1368, 48.66434], [-125.13959, 48.66587], [-125.14237, 48.66738], [-125.14512, 48.66889], [-125.14781, 48.67036], [-125.15045, 48.6718], [-125.15298, 48.67318], [-125.15542, 48.67451], [-125.15778, 48.67581], [-125.16025, 48.67715], [-125.16298, 48.67865], [-125.16734, 48.68081], [-125.17035, 48.68239], [-125.17316, 48.68388], [-125.176, 48.68537], [-125.17876, 48.68683], [-125.18168, 48.68837], [-125.18432, 48.68976], [-125.18665, 48.69099], [-125.1892, 48.69234], [-125.19182, 48.69372], [-125.19459, 48.69518], [-125.19776, 48.69685], [-125.20263, 48.69978], [-125.20617, 48.70193], [-125.20924, 48.7038], [-125.21246, 48.70575], [-125.21581, 48.70778], [-125.21873, 48.70956], [-125.22185, 48.71144], [-125.22498, 48.71335], [-125.22813, 48.71526], [-125.23122, 48.71713], [-125.23432, 48.71901], [-125.23758, 48.72099], [-125.24212, 48.72407], [-125.2454, 48.7262], [-125.24842, 48.72815], [-125.25136, 48.73005], [-125.25414, 48.73186], [-125.25688, 48.73363], [-125.25943, 48.73528], [-125.26176, 48.7368], [-125.26399, 48.73824], [-125.26613, 48.73963], [-125.2682, 48.74097], [-125.27038, 48.74239], [-125.27841, 48.75408], [-125.27896, 48.75603], [-125.2795, 48.75798], [-125.28011, 48.76016], [-125.28184, 48.76536], [-125.28196, 48.76748], [-125.28208, 48.76945], [-125.2822, 48.77148], [-125.28154, 48.77371], [-125.2804, 48.77537], [-125.27937, 48.77688], [-125.2783, 48.77843], [-125.2772, 48.78034], [-125.27652, 48.78193], [-125.27589, 48.78343], [-125.27524, 48.78497], [-125.274, 48.78683], [-125.27296, 48.78822], [-125.27194, 48.78958], [-125.27088, 48.791], [-125.26918, 48.79249], [-125.26775, 48.79336], [-125.26613, 48.79435], [-125.26435, 48.79543], [-125.26279, 48.79669], [-125.26196, 48.79776], [-125.26123, 48.79869], [-125.26054, 48.79958], [-125.2598, 48.80042], [-125.25977, 48.80121], [-125.25973, 48.80198], [-125.2597, 48.80282], [-125.25929, 48.80365], [-125.25932, 48.80451], [-125.25936, 48.80535], [-125.2594, 48.80625], [-125.25903, 48.80689], [-125.25911, 48.8078], [-125.25919, 48.80869], [-125.25927, 48.80963], [-125.25893, 48.81048], [-125.25898, 48.81157], [-125.25904, 48.8126], [-125.25909, 48.81369], [-125.258, 48.81426], [-125.25807, 48.8155], [-125.25813, 48.81657], [-125.25819, 48.81765], [-125.25804, 48.81893], [-125.2584, 48.82037], [-125.25873, 48.82171], [-125.25908, 48.82313], [-125.25906, 48.82252], [-125.25913, 48.82049], [-125.2592, 48.81864], [-125.25927, 48.81674], [-125.25913, 48.81432], [-125.25923, 48.81257], [-125.25934, 48.81083], [-125.25944, 48.80904], [-125.25952, 48.80696], [-125.25986, 48.80531], [-125.26018, 48.8038], [-125.26051, 48.80226], [-125.26063, 48.80236], [-125.2607, 48.80429], [-125.26077, 48.8061], [-125.26083, 48.808], [-125.26078, 48.81009], [-125.26081, 48.81235], [-125.26083, 48.81446], [-125.26086, 48.81661], [-125.26084, 48.81906], [-125.26081, 48.8212], [-125.26078, 48.82322], [-125.26075, 48.82526], [-125.26006, 48.82767], [-125.25909, 48.83048], [-125.2582, 48.83304], [-125.2573, 48.83564], [-125.25614, 48.8406], [-125.2554, 48.84498], [-125.2547, 48.84912], [-125.25398, 48.85337], [-125.25042, 48.85577], [-125.2487, 48.85421], [-125.24704, 48.85271], [-125.24528, 48.85111], [-125.24316, 48.85119], [-125.24127, 48.85244], [-125.23992, 48.85333], [-125.23877, 48.8541], [-125.23698, 48.85571], [-125.23525, 48.85707], [-125.23364, 48.85835], [-125.23198, 48.85966], [-125.23006, 48.86104], [-125.22842, 48.86216], [-125.22693, 48.86317], [-125.2254, 48.86421], [-125.22385, 48.86559], [-125.22253, 48.86691], [-125.22138, 48.86805], [-125.22026, 48.86916], [-125.21899, 48.87057], [-125.21799, 48.87187], [-125.21705, 48.87309], [-125.21607, 48.87436], [-125.21428, 48.87543], [-125.21229, 48.876], [-125.21029, 48.87658], [-125.20824, 48.87717], [-125.20622, 48.87773], [-125.20422, 48.87833], [-125.20237, 48.87889], [-125.20045, 48.87947], [-125.19836, 48.88009], [-125.19663, 48.88056], [-125.19489, 48.88103], [-125.19309, 48.88151], [-125.19131, 48.882], [-125.1896, 48.88255], [-125.18799, 48.88307], [-125.18634, 48.8836], [-125.1848, 48.88419], [-125.18312, 48.88471], [-125.18161, 48.88518], [-125.18003, 48.88567], [-125.18124, 48.88543], [-125.18354, 48.88473], [-125.18563, 48.88409], [-125.18783, 48.88341], [-125.19059, 48.88267], [-125.19312, 48.88193], [-125.19544, 48.88125], [-125.19786, 48.88054], [-125.20096, 48.87978], [-125.20346, 48.87924], [-125.20578, 48.87873], [-125.20817, 48.87821], [-125.20847, 48.87828], [-125.20652, 48.87868], [-125.20475, 48.87905], [-125.20292, 48.87943], [-125.20112, 48.87991], [-125.19932, 48.88029], [-125.19767, 48.88063], [-125.19596, 48.88099], [-125.1938, 48.88157], [-125.19208, 48.88197], [-125.19048, 48.88235], [-125.18883, 48.88274], [-125.18742, 48.88296], [-125.18672, 48.88291]]}, "properties": {"deployment": "dfo-eva035-20250709", "glider": "eva035", "group": "svi_shelf", "segment": 1, "n_points": 1252, "deployment_start": "2025-07-09", "deployment_month": "2025-07", "segment_start": "2025-07-17T06:29", "segment_end": "2025-07-28T16:37", "segment_month": "2025-07", "epoch_days": 501, "segment_epoch_days": 509}}, {"type": "Feature", "geometry": {"type": "LineString", "coordinates": [[-125.21183, 48.8753], [-125.2131, 48.87499], [-125.21478, 48.8746], [-125.21614, 48.87404], [-125.21799, 48.87369], [-125.21965, 48.87266], [-125.22212, 48.87173], [-125.2242, 48.87094], [-125.22639, 48.87011], [-125.22866, 48.86861], [-125.23102, 48.86739], [-125.23304, 48.86635], [-125.23518, 48.86524], [-125.23754, 48.86342], [-125.23997, 48.86189], [-125.24197, 48.86064], [-125.24407, 48.85932], [-125.24669, 48.85733], [-125.24893, 48.85583], [-125.251, 48.85444], [-125.25316, 48.85299], [-125.25486, 48.85031], [-125.2558, 48.8482], [-125.25669, 48.84622], [-125.2576, 48.84419], [-125.25871, 48.84129], [-125.25939, 48.83902], [-125.26006, 48.83675], [-125.26076, 48.83439], [-125.26204, 48.83061], [-125.26227, 48.82821], [-125.26248, 48.8261], [-125.26269, 48.82393], [-125.26257, 48.82112], [-125.26232, 48.81938], [-125.26208, 48.81771], [-125.26182, 48.81595], [-125.26155, 48.81363], [-125.26145, 48.81178], [-125.26135, 48.81007], [-125.26125, 48.80829], [-125.26079, 48.80469], [-125.26074, 48.80313], [-125.26069, 48.80173], [-125.26064, 48.8003], [-125.26128, 48.79825], [-125.26237, 48.79682], [-125.26344, 48.79541], [-125.26457, 48.79392], [-125.26565, 48.79228], [-125.2666, 48.7911], [-125.26745, 48.79007], [-125.2683, 48.78902], [-125.2705, 48.78819], [-125.27321, 48.78811], [-125.27561, 48.78804], [-125.27792, 48.78797], [-125.28022, 48.78791], [-125.28246, 48.78784], [-125.28473, 48.78778], [-125.28699, 48.78771], [-125.28927, 48.78765], [-125.29154, 48.78758], [-125.29381, 48.78752], [-125.29607, 48.78745], [-125.29837, 48.78738], [-125.30066, 48.78732], [-125.30294, 48.78725], [-125.3052, 48.78719], [-125.30715, 48.78713], [-125.3088, 48.78708], [-125.31077, 48.78703], [-125.31316, 48.78696], [-125.3165, 48.7865], [-125.31828, 48.78633], [-125.32038, 48.78613], [-125.32283, 48.78589], [-125.32534, 48.78566], [-125.32785, 48.78542], [-125.33029, 48.78519], [-125.33272, 48.78495], [-125.33519, 48.78472], [-125.33764, 48.78449], [-125.34016, 48.78425], [-125.34267, 48.78401], [-125.34521, 48.78377], [-125.34775, 48.78353], [-125.35027, 48.78329], [-125.35277, 48.78305], [-125.35529, 48.78281], [-125.35782, 48.78257], [-125.36037, 48.78232], [-125.363, 48.78207], [-125.36663, 48.78171], [-125.36985, 48.78139], [-125.37266, 48.78112], [-125.37549, 48.78084], [-125.37807, 48.78059], [-125.38032, 48.78037], [-125.38185, 48.78022], [-125.38267, 48.78014], [-125.38449, 48.77997], [-125.38732, 48.77969], [-125.3904, 48.77939], [-125.39353, 48.77909], [-125.39658, 48.77879], [-125.39962, 48.77849], [-125.40269, 48.77819], [-125.40573, 48.7779], [-125.40878, 48.7776], [-125.41182, 48.7773], [-125.41483, 48.77701], [-125.41784, 48.77672], [-125.42237, 48.77629], [-125.42557, 48.77585], [-125.42878, 48.77541], [-125.43201, 48.77496], [-125.43533, 48.7745], [-125.43868, 48.77404], [-125.44201, 48.77357], [-125.44533, 48.77312], [-125.44869, 48.77265], [-125.45208, 48.77218], [-125.4555, 48.77171], [-125.45894, 48.77123], [-125.46245, 48.77075], [-125.46595, 48.77026], [-125.46949, 48.76977], [-125.47302, 48.76928], [-125.47659, 48.76879], [-125.48018, 48.76829], [-125.48378, 48.76779], [-125.48749, 48.76728], [-125.49294, 48.7666], [-125.49681, 48.76614], [-125.5007, 48.76569], [-125.50467, 48.76523], [-125.5087, 48.76476], [-125.5128, 48.76428], [-125.51697, 48.76379], [-125.52116, 48.7633], [-125.52538, 48.76281], [-125.52967, 48.76231], [-125.53412, 48.76179], [-125.53865, 48.76126], [-125.54326, 48.76072], [-125.54789, 48.76018], [-125.55256, 48.75963], [-125.55729, 48.75908], [-125.56209, 48.75852], [-125.56697, 48.75795], [-125.57189, 48.75737], [-125.57696, 48.75678], [-125.58339, 48.75522], [-125.58776, 48.75363], [-125.59214, 48.75203], [-125.59651, 48.75044], [-125.60094, 48.74883], [-125.60541, 48.7472], [-125.60998, 48.74553], [-125.61457, 48.74386], [-125.61919, 48.74218], [-125.62385, 48.74048], [-125.62855, 48.73877], [-125.63327, 48.73705], [-125.63803, 48.73532], [-125.6428, 48.73358], [-125.64755, 48.73185], [-125.65227, 48.73013], [-125.65706, 48.72839], [-125.66186, 48.72664], [-125.66664, 48.7249], [-125.67135, 48.72318], [-125.67692, 48.71929], [-125.67989, 48.71679], [-125.68304, 48.71413], [-125.68632, 48.71136], [-125.68958, 48.70862], [-125.69281, 48.70589], [-125.69597, 48.70323], [-125.69909, 48.7006], [-125.7022, 48.69797], [-125.70525, 48.6954], [-125.70825, 48.69287], [-125.71121, 48.69038], [-125.71413, 48.68791], [-125.717, 48.6855], [-125.71985, 48.6831], [-125.72264, 48.68075], [-125.7254, 48.67842], [-125.72819, 48.67607], [-125.73096, 48.67372], [-125.73368, 48.67143], [-125.73831, 48.66803], [-125.74271, 48.66576], [-125.74661, 48.66374], [-125.75023, 48.66187], [-125.75293, 48.66047], [-125.75481, 48.65949], [-125.75664, 48.65855], [-125.7584, 48.65763], [-125.76018, 48.65672], [-125.76194, 48.6558], [-125.76372, 48.65488], [-125.76546, 48.65398], [-125.76721, 48.65308], [-125.769, 48.65215], [-125.77083, 48.6512], [-125.7726, 48.65029], [-125.77441, 48.64935], [-125.77623, 48.64841], [-125.77801, 48.64749], [-125.77974, 48.64659], [-125.78303, 48.64498], [-125.78549, 48.6441], [-125.78757, 48.64336], [-125.78964, 48.64262], [-125.79182, 48.64184], [-125.79402, 48.64106], [-125.79621, 48.64027], [-125.79841, 48.63949], [-125.80068, 48.63867], [-125.80292, 48.63787], [-125.80519, 48.63706], [-125.80746, 48.63625], [-125.80974, 48.63543], [-125.81204, 48.63461], [-125.81435, 48.63379], [-125.81668, 48.63295], [-125.81906, 48.6321], [-125.8214, 48.63126], [-125.82377, 48.63041], [-125.82634, 48.6295], [-125.83016, 48.62815], [-125.83267, 48.62724], [-125.83495, 48.62642], [-125.83731, 48.62558], [-125.83961, 48.62475], [-125.84185, 48.62394], [-125.8441, 48.62313], [-125.84634, 48.62233], [-125.84865, 48.6215], [-125.85104, 48.62064], [-125.85338, 48.6198], [-125.85564, 48.61899], [-125.85798, 48.61815], [-125.86031, 48.61731], [-125.8627, 48.61645], [-125.86515, 48.61557], [-125.86762, 48.61468], [-125.8701, 48.61379], [-125.87273, 48.61284], [-125.87542, 48.61188], [-125.87916, 48.61053], [-125.88155, 48.60941], [-125.88379, 48.60838], [-125.88606, 48.60732], [-125.88836, 48.60625], [-125.89071, 48.60516], [-125.89311, 48.60404], [-125.89548, 48.60294], [-125.89786, 48.60184], [-125.90028, 48.60071], [-125.90269, 48.5996], [-125.90508, 48.59848], [-125.90756, 48.59733], [-125.91003, 48.59618], [-125.91251, 48.59503], [-125.915, 48.59387], [-125.91758, 48.59268], [-125.92017, 48.59147], [-125.92275, 48.59028], [-125.9254, 48.58905], [-125.92833, 48.5875], [-125.93048, 48.58645], [-125.93245, 48.58549], [-125.93444, 48.58452], [-125.93648, 48.58352], [-125.93855, 48.58251], [-125.94067, 48.58148], [-125.94276, 48.58046], [-125.94483, 48.57944], [-125.94694, 48.57841], [-125.9491, 48.57736], [-125.95123, 48.57632], [-125.95332, 48.5753], [-125.95539, 48.57429], [-125.95749, 48.57326], [-125.95966, 48.57221], [-125.96197, 48.57108], [-125.96424, 48.56997], [-125.96647, 48.56888], [-125.96864, 48.56782], [-125.97106, 48.56607], [-125.97288, 48.56457], [-125.97459, 48.56317], [-125.97628, 48.56178], [-125.97802, 48.56035], [-125.97976, 48.55893], [-125.98153, 48.55747], [-125.98334, 48.55599], [-125.98518, 48.55447], [-125.98704, 48.55295], [-125.98893, 48.5514], [-125.99087, 48.5498], [-125.9928, 48.54821], [-125.9947, 48.54665], [-125.99664, 48.54507], [-125.99857, 48.54348], [-126.00057, 48.54183], [-126.00265, 48.54012], [-126.0047, 48.53845], [-126.00668, 48.53681], [-126.0092, 48.53412], [-126.01156, 48.53183], [-126.01379, 48.52965], [-126.01607, 48.52743], [-126.01837, 48.52519], [-126.02067, 48.52294], [-126.02308, 48.52059], [-126.02551, 48.51822], [-126.0279, 48.51589], [-126.03033, 48.51352], [-126.03286, 48.51105], [-126.03541, 48.50856], [-126.03802, 48.50603], [-126.04065, 48.50346], [-126.04331, 48.50086], [-126.04602, 48.49822], [-126.04884, 48.49546], [-126.05174, 48.49264], [-126.05462, 48.48983], [-126.05759, 48.48694], [-126.06172, 48.48306], [-126.06566, 48.48005], [-126.06948, 48.47713], [-126.07338, 48.47414], [-126.07737, 48.47109], [-126.08144, 48.46798], [-126.08648, 48.46392], [-126.09168, 48.46072], [-126.09671, 48.45763], [-126.10188, 48.45445], [-126.10735, 48.45109], [-126.113, 48.44762], [-126.12102, 48.44257], [-126.12873, 48.43971], [-126.13652, 48.43681], [-126.14476, 48.43375], [-126.15393, 48.43035], [-126.16393, 48.42663], [-126.17536, 48.41969], [-126.18616, 48.41674], [-126.2025, 48.4123], [-126.22338, 48.40661], [-126.24868, 48.39972], [-126.2777, 48.39182], [-126.28023, 48.3786], [-126.26085, 48.36292], [-126.24207, 48.34774], [-126.22357, 48.33277], [-126.20635, 48.31884], [-126.18984, 48.30549], [-126.17092, 48.28851], [-126.15126, 48.27342], [-126.13201, 48.25863], [-126.11284, 48.24391], [-126.09403, 48.22947], [-126.07546, 48.21521], [-126.05677, 48.19898], [-126.03891, 48.18391], [-126.02078, 48.16861], [-126.00243, 48.15313], [-125.98398, 48.13757], [-125.96559, 48.12205], [-125.94361, 48.10668], [-125.92152, 48.09171], [-125.90145, 48.07811], [-125.88289, 48.06553], [-125.86477, 48.05324], [-125.84673, 48.04102]]}, "properties": {"deployment": "dfo-eva035-20250729", "glider": "eva035", "group": "svi_shelf", "segment": 0, "n_points": 381, "deployment_start": "2025-07-29", "deployment_month": "2025-07", "segment_start": "2025-07-29T22:38", "segment_end": "2025-08-03T01:35", "segment_month": "2025-07", "epoch_days": 521, "segment_epoch_days": 521}}, {"type": "Feature", "geometry": {"type": "LineString", "coordinates": [[-125.78934, 48.05975], [-125.77778, 48.07237], [-125.76795, 48.08313], [-125.75932, 48.09256], [-125.75237, 48.10015], [-125.74684, 48.10619], [-125.74083, 48.11185], [-125.73745, 48.11659], [-125.73422, 48.12113], [-125.73115, 48.12543], [-125.72781, 48.13011], [-125.72428, 48.13507], [-125.72008, 48.14154], [-125.71716, 48.14868], [-125.71391, 48.15662], [-125.71039, 48.16522], [-125.70733, 48.17268], [-125.70461, 48.17935], [-125.70069, 48.18832], [-125.69898, 48.19845], [-125.69704, 48.20995], [-125.69488, 48.22273], [-125.69324, 48.2325], [-125.69199, 48.23988], [-125.69088, 48.24737], [-125.6904, 48.254], [-125.69003, 48.25905], [-125.68976, 48.26273], [-125.68955, 48.26567], [-125.68939, 48.26781], [-125.68702, 48.27038], [-125.68368, 48.27215], [-125.68045, 48.27388], [-125.67719, 48.27561], [-125.67386, 48.27739], [-125.67058, 48.27913], [-125.66737, 48.28085], [-125.6642, 48.28253], [-125.66104, 48.28421], [-125.65791, 48.28588], [-125.65476, 48.28756], [-125.65173, 48.28918], [-125.64869, 48.29079], [-125.64564, 48.29242], [-125.6427, 48.29399], [-125.63978, 48.29554], [-125.63686, 48.2971], [-125.6339, 48.29867], [-125.63096, 48.30024], [-125.62802, 48.30181], [-125.62358, 48.30432], [-125.61984, 48.30646], [-125.61598, 48.30866], [-125.61219, 48.31083], [-125.60852, 48.31293], [-125.60488, 48.31502], [-125.60117, 48.31713], [-125.59741, 48.31928], [-125.59371, 48.3214], [-125.58997, 48.32354], [-125.58604, 48.32579], [-125.58213, 48.32802], [-125.57821, 48.33027], [-125.57427, 48.33252], [-125.57029, 48.33479], [-125.56638, 48.33703], [-125.56253, 48.33923], [-125.55874, 48.3414], [-125.55494, 48.34357], [-125.55101, 48.34582], [-125.54524, 48.34841], [-125.54048, 48.35038], [-125.53599, 48.35223], [-125.53157, 48.35406], [-125.52709, 48.35591], [-125.52264, 48.35774], [-125.51827, 48.35955], [-125.51394, 48.36134], [-125.50954, 48.36315], [-125.50516, 48.36496], [-125.50079, 48.36677], [-125.4964, 48.36858], [-125.49209, 48.37036], [-125.48786, 48.37211], [-125.48357, 48.37388], [-125.47933, 48.37563], [-125.47516, 48.37735], [-125.47101, 48.37906], [-125.46685, 48.38078], [-125.46273, 48.38248], [-125.45757, 48.38474], [-125.45429, 48.3863], [-125.45086, 48.38793], [-125.44723, 48.38966], [-125.44358, 48.39139], [-125.4399, 48.39314], [-125.43615, 48.39492], [-125.43238, 48.39671], [-125.42856, 48.39853], [-125.42461, 48.4004], [-125.42212, 48.40158], [-125.42104, 48.4021], [-125.41819, 48.40345], [-125.4137, 48.40559], [-125.40934, 48.40766], [-125.40521, 48.40962], [-125.40106, 48.41159], [-125.39692, 48.41356], [-125.39281, 48.41551], [-125.38864, 48.41749], [-125.38407, 48.42091], [-125.38098, 48.4232], [-125.37802, 48.4254], [-125.37506, 48.42759], [-125.37213, 48.42977], [-125.36917, 48.43197], [-125.36616, 48.43421], [-125.36312, 48.43646], [-125.36003, 48.43876], [-125.35694, 48.44105], [-125.35385, 48.44335], [-125.35083, 48.44559], [-125.34787, 48.44779], [-125.34494, 48.44997], [-125.34201, 48.45214], [-125.33902, 48.45436], [-125.33696, 48.45589], [-125.33577, 48.45678], [-125.33365, 48.45835], [-125.33075, 48.4605], [-125.32807, 48.46333], [-125.32609, 48.46568], [-125.32421, 48.46791], [-125.32237, 48.47011], [-125.32055, 48.47227], [-125.31875, 48.47441], [-125.31696, 48.47653], [-125.31518, 48.47865], [-125.31338, 48.4808], [-125.31157, 48.48294], [-125.30977, 48.48509], [-125.30796, 48.48724], [-125.30619, 48.48934], [-125.30446, 48.4914], [-125.30274, 48.49345], [-125.30104, 48.49547], [-125.29935, 48.49748], [-125.29767, 48.49948], [-125.29603, 48.50143], [-125.29437, 48.5034], [-125.2935, 48.5066], [-125.29298, 48.5087], [-125.29247, 48.51076], [-125.29196, 48.51281], [-125.29145, 48.51483], [-125.29096, 48.51683], [-125.29046, 48.51884], [-125.28996, 48.52085], [-125.28949, 48.52274], [-125.28903, 48.52458], [-125.28859, 48.52635], [-125.28816, 48.52807], [-125.28773, 48.52982], [-125.2873, 48.53154], [-125.28692, 48.53305], [-125.2866, 48.53436], [-125.28623, 48.53585], [-125.28582, 48.53748], [-125.28541, 48.53912], [-125.28499, 48.54081], [-125.28384, 48.54333], [-125.28195, 48.54486], [-125.28011, 48.54636], [-125.27828, 48.54785], [-125.27644, 48.54934], [-125.2746, 48.55084], [-125.27276, 48.55234], [-125.27096, 48.5538], [-125.26911, 48.55531], [-125.26726, 48.55681], [-125.26544, 48.55829], [-125.26362, 48.55977], [-125.26181, 48.56124], [-125.26001, 48.5627], [-125.25822, 48.56416], [-125.25642, 48.56563], [-125.25459, 48.56711], [-125.25279, 48.56857], [-125.25097, 48.57006], [-125.24911, 48.57157], [-125.24512, 48.5733], [-125.24039, 48.57479], [-125.23576, 48.57625], [-125.23094, 48.57776], [-125.22672, 48.57909], [-125.22305, 48.58024], [-125.21931, 48.58142], [-125.21558, 48.58259], [-125.21186, 48.58376], [-125.20816, 48.58492], [-125.20442, 48.5861], [-125.20063, 48.58729], [-125.19657, 48.58857], [-125.1924, 48.58988], [-125.18836, 48.59115], [-125.18438, 48.5924], [-125.1805, 48.59362], [-125.17671, 48.59481], [-125.17281, 48.59604], [-125.16898, 48.59724], [-125.16474, 48.59838], [-125.16167, 48.59961], [-125.15848, 48.60089], [-125.15541, 48.60212], [-125.15237, 48.60333], [-125.14944, 48.60451], [-125.14644, 48.60571], [-125.14348, 48.60689], [-125.14061, 48.60804], [-125.13773, 48.60919], [-125.13484, 48.61035], [-125.1319, 48.61153], [-125.13031, 48.6123], [-125.12781, 48.6134], [-125.12547, 48.61443], [-125.12313, 48.61546], [-125.12085, 48.61647], [-125.11863, 48.61745], [-125.11641, 48.61842], [-125.11423, 48.61938], [-125.11205, 48.62035], [-125.10989, 48.6213], [-125.10775, 48.62224], [-125.10555, 48.62321], [-125.10367, 48.624], [-125.10197, 48.62472], [-125.10025, 48.62544], [-125.09858, 48.62614], [-125.09691, 48.62685], [-125.09524, 48.62755], [-125.09362, 48.62823], [-125.092, 48.62891], [-125.0904, 48.62958], [-125.08884, 48.63024], [-125.08735, 48.63086], [-125.08585, 48.6315], [-125.08707, 48.63214], [-125.08961, 48.6332], [-125.09197, 48.63418], [-125.09436, 48.63517], [-125.09673, 48.63615], [-125.09912, 48.63714], [-125.10146, 48.63811], [-125.10372, 48.63906], [-125.10606, 48.64003], [-125.10839, 48.64099], [-125.11069, 48.64195], [-125.11311, 48.64295], [-125.11744, 48.64302], [-125.1203, 48.64426], [-125.12291, 48.64539], [-125.12547, 48.64651], [-125.12808, 48.64764], [-125.13068, 48.64876], [-125.13329, 48.6499], [-125.13592, 48.65104], [-125.13859, 48.65219], [-125.14125, 48.65335], [-125.14383, 48.65447], [-125.14646, 48.65561], [-125.15014, 48.65684], [-125.15275, 48.65817], [-125.15519, 48.65942], [-125.15765, 48.66068], [-125.16018, 48.66198], [-125.16273, 48.66328], [-125.1652, 48.66454], [-125.16763, 48.66578], [-125.17006, 48.66703], [-125.17246, 48.66825], [-125.17486, 48.66948], [-125.17744, 48.6708], [-125.18106, 48.67235], [-125.18376, 48.67363], [-125.18621, 48.67478], [-125.18868, 48.67595], [-125.1912, 48.67714], [-125.19371, 48.67833], [-125.19623, 48.67952], [-125.19873, 48.6807], [-125.20128, 48.6819], [-125.20382, 48.6831], [-125.20637, 48.68431], [-125.20904, 48.68556], [-125.2122, 48.68711], [-125.2147, 48.68844], [-125.21683, 48.68957], [-125.21884, 48.69064], [-125.2211, 48.69184], [-125.22352, 48.69312], [-125.22592, 48.6944], [-125.22828, 48.69566], [-125.23063, 48.6969], [-125.23294, 48.69813], [-125.23542, 48.69945], [-125.23806, 48.70085], [-125.24131, 48.70277], [-125.24364, 48.70424], [-125.24589, 48.70565], [-125.24817, 48.70708], [-125.25053, 48.70857], [-125.25296, 48.71009], [-125.25544, 48.71165], [-125.25796, 48.71323], [-125.26057, 48.71487], [-125.26323, 48.71654], [-125.26591, 48.71822], [-125.26864, 48.71994], [-125.27174, 48.72268], [-125.27404, 48.72454], [-125.27624, 48.72633], [-125.27846, 48.72813], [-125.28057, 48.73037], [-125.28225, 48.73233], [-125.28367, 48.73398], [-125.28503, 48.73557], [-125.28659, 48.73737], [-125.2873, 48.73827], [-125.28806, 48.73923], [-125.28885, 48.74023], [-125.29062, 48.74126], [-125.29296, 48.74163], [-125.2955, 48.74204], [-125.29859, 48.74253], [-125.30175, 48.74303], [-125.30487, 48.74352], [-125.30855, 48.74411], [-125.31269, 48.74476], [-125.31663, 48.74539], [-125.32039, 48.74599], [-125.32404, 48.74657], [-125.32756, 48.74713], [-125.3311, 48.74769], [-125.33463, 48.74825], [-125.33816, 48.74881], [-125.34165, 48.74936], [-125.34515, 48.74992], [-125.34868, 48.75048], [-125.35218, 48.75104], [-125.35581, 48.75161], [-125.36036, 48.75155], [-125.36436, 48.75212], [-125.36802, 48.75265], [-125.37163, 48.75316], [-125.37532, 48.75369], [-125.37901, 48.75422], [-125.38266, 48.75475], [-125.38634, 48.75527], [-125.39008, 48.75581], [-125.3938, 48.75634], [-125.39753, 48.75688], [-125.40135, 48.75743], [-125.40526, 48.75799], [-125.40915, 48.75855], [-125.4131, 48.75911], [-125.41703, 48.75967], [-125.42097, 48.76024], [-125.42493, 48.76081], [-125.42896, 48.76139], [-125.43292, 48.76195], [-125.4398, 48.76278], [-125.44305, 48.76241], [-125.4461, 48.76206], [-125.44917, 48.7617], [-125.45229, 48.76134], [-125.45544, 48.76098], [-125.45859, 48.76062], [-125.46176, 48.76025], [-125.46497, 48.75988], [-125.46817, 48.75951], [-125.47137, 48.75914], [-125.4746, 48.75877], [-125.47791, 48.75839], [-125.48127, 48.758], [-125.48464, 48.75761], [-125.48803, 48.75722], [-125.49151, 48.75682], [-125.495, 48.75641], [-125.49856, 48.756], [-125.50213, 48.75559], [-125.50528, 48.75641], [-125.50774, 48.75534], [-125.51005, 48.75435], [-125.5124, 48.75333], [-125.51477, 48.75231], [-125.51715, 48.75128], [-125.5196, 48.75021], [-125.52207, 48.74915], [-125.52458, 48.74806], [-125.5271, 48.74697], [-125.52967, 48.74586], [-125.53227, 48.74474], [-125.53486, 48.74362], [-125.53751, 48.74247], [-125.54021, 48.74131], [-125.54289, 48.74014], [-125.54565, 48.73895], [-125.54845, 48.73774], [-125.55133, 48.7365], [-125.55432, 48.7352], [-125.55738, 48.73336], [-125.56034, 48.73267], [-125.56327, 48.732], [-125.56623, 48.73132], [-125.56819, 48.73087], [-125.56924, 48.73062], [-125.57118, 48.73018], [-125.57392, 48.72955], [-125.57649, 48.72896], [-125.57888, 48.72841], [-125.58126, 48.72786], [-125.58359, 48.72732], [-125.58585, 48.7268], [-125.58805, 48.7263], [-125.5902, 48.7258], [-125.5923, 48.72532], [-125.59447, 48.72482], [-125.59667, 48.72431], [-125.59894, 48.72379], [-125.60135, 48.72323], [-125.60468, 48.72226], [-125.60782, 48.72144], [-125.611, 48.72061], [-125.6142, 48.71977], [-125.61764, 48.71887], [-125.6212, 48.71794], [-125.62473, 48.71701], [-125.6283, 48.71608], [-125.63193, 48.71513], [-125.63567, 48.71415], [-125.63964, 48.71311], [-125.64369, 48.71205], [-125.64787, 48.71095], [-125.65219, 48.70982], [-125.65678, 48.70862], [-125.66163, 48.70735], [-125.66615, 48.70617], [-125.67028, 48.70509], [-125.67426, 48.70404], [-125.67812, 48.70303], [-125.68417, 48.70153], [-125.68912, 48.70048], [-125.69388, 48.69947], [-125.69857, 48.69847], [-125.70323, 48.69748], [-125.70781, 48.69651], [-125.71235, 48.69555], [-125.7168, 48.6946], [-125.72125, 48.69366], [-125.72564, 48.69273], [-125.72996, 48.69181], [-125.73418, 48.69092], [-125.73849, 48.69], [-125.7428, 48.68909], [-125.74702, 48.68819], [-125.75119, 48.68731], [-125.75528, 48.68644], [-125.75934, 48.68558], [-125.76335, 48.68473], [-125.7674, 48.68387], [-125.7729, 48.68315], [-125.77647, 48.68277], [-125.7794, 48.68245], [-125.78166, 48.68221], [-125.78388, 48.68198], [-125.78596, 48.68175], [-125.78787, 48.68155], [-125.78979, 48.68135], [-125.79173, 48.68114], [-125.79359, 48.68094], [-125.7955, 48.68074], [-125.79745, 48.68053], [-125.79942, 48.68032], [-125.80138, 48.68011], [-125.80334, 48.6799], [-125.8053, 48.6797], [-125.80723, 48.67949], [-125.80919, 48.67928], [-125.81118, 48.67907], [-125.81314, 48.67886], [-125.81652, 48.67894], [-125.81822, 48.67901], [-125.81997, 48.67908], [-125.82182, 48.67916], [-125.8237, 48.67924], [-125.82561, 48.67932], [-125.82749, 48.6794], [-125.82936, 48.67948], [-125.83128, 48.67956], [-125.83318, 48.67964], [-125.83515, 48.67972], [-125.83714, 48.6798], [-125.83919, 48.67989], [-125.84126, 48.67998], [-125.84334, 48.68006], [-125.84539, 48.68015], [-125.84746, 48.68024], [-125.84954, 48.68032], [-125.85153, 48.68041], [-125.85352, 48.68049], [-125.8576, 48.68166], [-125.85899, 48.6816], [-125.86036, 48.68153], [-125.86169, 48.68147], [-125.86306, 48.68141], [-125.86445, 48.68134], [-125.86582, 48.68128], [-125.86717, 48.68121], [-125.8686, 48.68114], [-125.86999, 48.68108], [-125.87142, 48.68101], [-125.87285, 48.68094], [-125.87429, 48.68087], [-125.8757, 48.68081], [-125.87718, 48.68074], [-125.8787, 48.68067], [-125.88014, 48.6806], [-125.88156, 48.68053], [-125.88301, 48.68046], [-125.88439, 48.6804], [-125.88599, 48.6808], [-125.88674, 48.68046], [-125.88746, 48.68014], [-125.88816, 48.67982], [-125.88887, 48.67951], [-125.88957, 48.67919], [-125.8903, 48.67887], [-125.89101, 48.67855], [-125.89177, 48.67821], [-125.89255, 48.67786], [-125.89331, 48.67752], [-125.89405, 48.67718], [-125.89479, 48.67685], [-125.89552, 48.67653], [-125.89627, 48.67619], [-125.89702, 48.67585], [-125.89777, 48.67552], [-125.89853, 48.67518], [-125.89932, 48.67482], [-125.90009, 48.67447], [-125.89968, 48.67452], [-125.89967, 48.67374], [-125.89965, 48.67304], [-125.89964, 48.67235], [-125.89963, 48.67165], [-125.89962, 48.67094], [-125.89961, 48.67023], [-125.8996, 48.66951], [-125.89959, 48.66879], [-125.89958, 48.66805], [-125.89957, 48.66728], [-125.89956, 48.66653], [-125.89955, 48.66581], [-125.89954, 48.6651], [-125.89953, 48.6644], [-125.89952, 48.66371], [-125.8995, 48.663], [-125.89949, 48.66229], [-125.89948, 48.66158], [-125.89947, 48.66084], [-125.89744, 48.65932], [-125.89738, 48.65813], [-125.89734, 48.6571], [-125.89729, 48.65606], [-125.89725, 48.65503], [-125.89721, 48.65401], [-125.89716, 48.65298], [-125.89712, 48.65195], [-125.89707, 48.6509], [-125.89702, 48.64986], [-125.89698, 48.64882], [-125.89693, 48.64777], [-125.89689, 48.64672], [-125.89684, 48.64567], [-125.8968, 48.64463], [-125.89675, 48.64358], [-125.8967, 48.64251], [-125.89666, 48.64145], [-125.89661, 48.64038], [-125.89656, 48.63924], [-125.89614, 48.63751], [-125.89638, 48.636], [-125.8966, 48.63461], [-125.89683, 48.63322], [-125.89705, 48.63183], [-125.89727, 48.63046], [-125.89749, 48.62909], [-125.89771, 48.6277], [-125.89794, 48.62628], [-125.89817, 48.62483], [-125.8984, 48.62336], [-125.89864, 48.62189], [-125.89887, 48.62044], [-125.8991, 48.619], [-125.89933, 48.61755], [-125.89957, 48.61608], [-125.8998, 48.61463], [-125.90004, 48.61316], [-125.90027, 48.61168], [-125.90052, 48.61014], [-125.90108, 48.60797], [-125.90225, 48.60644], [-125.9033, 48.60504], [-125.90437, 48.60364], [-125.90543, 48.60224], [-125.90649, 48.60084], [-125.90758, 48.59942], [-125.90867, 48.59797], [-125.9098, 48.59649], [-125.91092, 48.59502], [-125.91205, 48.59352], [-125.91318, 48.59203], [-125.91432, 48.59054], [-125.91547, 48.58902], [-125.91662, 48.58751], [-125.91774, 48.58604], [-125.91886, 48.58456], [-125.91999, 48.58307], [-125.92109, 48.58162], [-125.92215, 48.58023], [-125.9239, 48.5778], [-125.92636, 48.57633], [-125.92861, 48.575], [-125.93086, 48.57365], [-125.93313, 48.5723], [-125.93538, 48.57095], [-125.93767, 48.56959], [-125.93995, 48.56823], [-125.94226, 48.56685], [-125.94463, 48.56544], [-125.94707, 48.56398], [-125.94953, 48.56251], [-125.95196, 48.56106], [-125.95435, 48.55964], [-125.9568, 48.55818], [-125.95933, 48.55667], [-125.96198, 48.55508], [-125.9646, 48.55352], [-125.96725, 48.55194], [-125.96996, 48.55032], [-125.97349, 48.54758], [-125.97636, 48.54517], [-125.97911, 48.54286], [-125.98187, 48.54055], [-125.98406, 48.53871], [-125.98583, 48.53722], [-125.98829, 48.53516], [-125.99121, 48.53271], [-125.99307, 48.53115], [-125.99406, 48.53032], [-125.99602, 48.52868], [-125.99884, 48.5263], [-126.0019, 48.52374], [-126.00501, 48.52113], [-126.00809, 48.51854], [-126.01129, 48.51585], [-126.01464, 48.51304], [-126.01804, 48.51019], [-126.02165, 48.50716], [-126.0254, 48.50401], [-126.02974, 48.50046], [-126.03371, 48.49776], [-126.03674, 48.49569], [-126.03914, 48.49406], [-126.04243, 48.49182], [-126.04641, 48.48911], [-126.05041, 48.48638], [-126.0545, 48.48359], [-126.05872, 48.48071], [-126.06305, 48.47777], [-126.06748, 48.47475], [-126.07201, 48.47166], [-126.07663, 48.46851], [-126.08138, 48.46527], [-126.08647, 48.46181], [-126.09164, 48.45828], [-126.09682, 48.45475], [-126.10215, 48.45112], [-126.10713, 48.44773], [-126.11181, 48.44453], [-126.11804, 48.44046], [-126.12434, 48.43754], [-126.13079, 48.43454], [-126.13748, 48.43143], [-126.14472, 48.42808], [-126.15251, 48.42446], [-126.16149, 48.42032], [-126.171, 48.41655], [-126.18274, 48.41191], [-126.19644, 48.40648], [-126.21658, 48.3985], [-126.2418, 48.38851], [-126.27017, 48.37882], [-126.29981, 48.37346], [-126.30108, 48.36053], [-126.2787, 48.3429], [-126.25657, 48.32548], [-126.2347, 48.30826], [-126.21269, 48.29093], [-126.19053, 48.27348], [-126.16758, 48.25349], [-126.14269, 48.23692], [-126.11801, 48.2205], [-126.0936, 48.20425], [-126.06918, 48.18801], [-126.04467, 48.17169], [-126.01972, 48.15256], [-125.99621, 48.13384], [-125.97327, 48.11557], [-125.9501, 48.09712], [-125.92776, 48.07933], [-125.90625, 48.0622], [-125.90382, 48.05932], [-125.91799, 48.0692], [-125.9335, 48.08001], [-125.95, 48.09152], [-125.96638, 48.10294], [-125.98289, 48.11445]]}, "properties": {"deployment": "dfo-eva035-20250729", "glider": "eva035", "group": "svi_shelf", "segment": 1, "n_points": 728, "deployment_start": "2025-07-29", "deployment_month": "2025-07", "segment_start": "2025-08-04T15:45", "segment_end": "2025-08-11T17:21", "segment_month": "2025-08", "epoch_days": 521, "segment_epoch_days": 527}}, {"type": "Feature", "geometry": {"type": "LineString", "coordinates": [[-125.93865, 47.96071], [-125.9373, 47.9792], [-125.93596, 47.99756], [-125.93461, 48.01592], [-125.93328, 48.03421], [-125.93194, 48.05246], [-125.92326, 48.06877], [-125.90889, 48.08344], [-125.89402, 48.09862], [-125.87881, 48.11415], [-125.86273, 48.13057], [-125.8462, 48.14744], [-125.82997, 48.16374], [-125.81664, 48.18006], [-125.80524, 48.19402], [-125.79541, 48.20606], [-125.78734, 48.21594], [-125.78087, 48.22386], [-125.77323, 48.23131], [-125.76539, 48.23881], [-125.75896, 48.24494], [-125.75372, 48.24995], [-125.74813, 48.25529], [-125.74229, 48.26088], [-125.73719, 48.26567], [-125.73341, 48.26923], [-125.73083, 48.27166], [-125.72938, 48.27302], [-125.72635, 48.27587], [-125.72198, 48.27998], [-125.71652, 48.28372], [-125.71041, 48.28615], [-125.70546, 48.28812], [-125.70126, 48.28978], [-125.69716, 48.29141], [-125.69312, 48.29302], [-125.68908, 48.29462], [-125.68507, 48.29622], [-125.68111, 48.29779], [-125.67725, 48.29932], [-125.67339, 48.30086], [-125.66965, 48.30234], [-125.66596, 48.30381], [-125.66226, 48.30528], [-125.65859, 48.30674], [-125.65498, 48.30817], [-125.65133, 48.30962], [-125.6477, 48.31107], [-125.64418, 48.31246], [-125.64077, 48.31382], [-125.63569, 48.31582], [-125.63229, 48.31711], [-125.6291, 48.31831], [-125.62593, 48.31951], [-125.62274, 48.32071], [-125.61959, 48.3219], [-125.6164, 48.3231], [-125.61319, 48.32432], [-125.60998, 48.32553], [-125.60679, 48.32673], [-125.60357, 48.32795], [-125.60029, 48.32919], [-125.59692, 48.33046], [-125.59358, 48.33172], [-125.59027, 48.33297], [-125.58699, 48.33421], [-125.58372, 48.33544], [-125.58046, 48.33667], [-125.5772, 48.3379], [-125.57396, 48.33912], [-125.57001, 48.3404], [-125.56789, 48.3423], [-125.56577, 48.34421], [-125.56368, 48.3461], [-125.56162, 48.34795], [-125.55957, 48.3498], [-125.55749, 48.35167], [-125.55544, 48.35352], [-125.55339, 48.35536], [-125.55134, 48.35721], [-125.54922, 48.35912], [-125.54712, 48.36101], [-125.54504, 48.36289], [-125.54294, 48.36478], [-125.54084, 48.36667], [-125.53875, 48.36855], [-125.53667, 48.37043], [-125.53458, 48.37231], [-125.53247, 48.37421], [-125.53031, 48.37615], [-125.52804, 48.37878], [-125.52511, 48.38099], [-125.52225, 48.38316], [-125.51943, 48.38529], [-125.5166, 48.38742], [-125.51379, 48.38955], [-125.5122, 48.39075], [-125.51168, 48.39114], [-125.50993, 48.39246], [-125.50713, 48.39458], [-125.50517, 48.39606], [-125.50399, 48.39695], [-125.50201, 48.39845], [-125.49932, 48.40048], [-125.49657, 48.40256], [-125.49377, 48.40467], [-125.49097, 48.40679], [-125.4882, 48.40888], [-125.48543, 48.41098], [-125.48258, 48.41313], [-125.47761, 48.41639], [-125.47339, 48.41821], [-125.46915, 48.42003], [-125.46499, 48.42182], [-125.46059, 48.42371], [-125.45594, 48.42571], [-125.4509, 48.42788], [-125.44559, 48.43016], [-125.44242, 48.43152], [-125.44113, 48.43208], [-125.44006, 48.43254], [-125.4392, 48.43291], [-125.43832, 48.43328], [-125.43749, 48.43364], [-125.43642, 48.4341], [-125.43515, 48.43465], [-125.43198, 48.43601], [-125.42713, 48.43809], [-125.4221, 48.44026], [-125.417, 48.44245], [-125.40933, 48.44507], [-125.4041, 48.4464], [-125.3988, 48.44775], [-125.39341, 48.44912], [-125.38811, 48.45047], [-125.38279, 48.45182], [-125.37732, 48.45321], [-125.37191, 48.45459], [-125.3664, 48.45599], [-125.36089, 48.45739], [-125.35544, 48.45878], [-125.35, 48.46016], [-125.34456, 48.46155], [-125.33912, 48.46293], [-125.33372, 48.4643], [-125.32834, 48.46567], [-125.32297, 48.46704], [-125.31762, 48.4684], [-125.31228, 48.46976], [-125.30678, 48.47116], [-125.30174, 48.47298], [-125.299, 48.47509], [-125.29631, 48.47717], [-125.29366, 48.47923], [-125.29104, 48.48125], [-125.28843, 48.48326], [-125.28576, 48.48533], [-125.2831, 48.48739], [-125.28053, 48.48938], [-125.27798, 48.49135], [-125.27544, 48.49331], [-125.27297, 48.49522], [-125.27035, 48.49724], [-125.26777, 48.49924], [-125.26525, 48.50119], [-125.26272, 48.50315], [-125.26019, 48.5051], [-125.25767, 48.50705], [-125.25527, 48.5089], [-125.25285, 48.51078], [-125.2516, 48.51308], [-125.25048, 48.51512], [-125.24938, 48.51711], [-125.24831, 48.51906], [-125.24722, 48.52105], [-125.24613, 48.52304], [-125.24512, 48.52486], [-125.24417, 48.5266], [-125.24322, 48.52832], [-125.24232, 48.52997], [-125.24141, 48.53163], [-125.24051, 48.53325], [-125.23963, 48.53487], [-125.23876, 48.53646], [-125.23791, 48.538], [-125.23705, 48.53956], [-125.23618, 48.54114], [-125.23534, 48.54267], [-125.23446, 48.54428], [-125.23352, 48.54598], [-125.23286, 48.54838], [-125.23214, 48.54971], [-125.2314, 48.55107], [-125.23062, 48.55251], [-125.22985, 48.55392], [-125.22908, 48.55534], [-125.22832, 48.55675], [-125.22754, 48.55818], [-125.2268, 48.55955], [-125.22611, 48.56081], [-125.22547, 48.562], [-125.22484, 48.56315], [-125.22423, 48.56427], [-125.22365, 48.56535], [-125.22304, 48.56646], [-125.22244, 48.56758], [-125.22184, 48.56868], [-125.22124, 48.56978], [-125.22062, 48.57094], [-125.21996, 48.57215], [-125.22017, 48.57416], [-125.22002, 48.57574], [-125.21986, 48.5773], [-125.21971, 48.57885], [-125.21956, 48.58038], [-125.2194, 48.58194], [-125.21924, 48.58352], [-125.21909, 48.58507], [-125.21892, 48.58671], [-125.21876, 48.58833], [-125.21859, 48.59003], [-125.21842, 48.59179], [-125.21825, 48.59353], [-125.21807, 48.5953], [-125.21789, 48.59706], [-125.21772, 48.59877], [-125.21756, 48.60045], [-125.21739, 48.60213], [-125.21723, 48.60373], [-125.21707, 48.60532], [-125.21708, 48.60797], [-125.21619, 48.60991], [-125.21532, 48.6118], [-125.21445, 48.6137], [-125.21376, 48.61521], [-125.21323, 48.61635], [-125.21251, 48.61793], [-125.21163, 48.61985], [-125.21075, 48.62177], [-125.20989, 48.62366], [-125.20904, 48.6255], [-125.2082, 48.62735], [-125.20734, 48.62923], [-125.20649, 48.63107], [-125.20563, 48.63294], [-125.20478, 48.63479], [-125.20395, 48.63661], [-125.20312, 48.63842], [-125.2023, 48.64021], [-125.20146, 48.64205], [-125.19953, 48.6442], [-125.19741, 48.64454], [-125.19546, 48.64486], [-125.19368, 48.64514], [-125.19187, 48.64544], [-125.19008, 48.64572], [-125.18836, 48.646], [-125.18667, 48.64628], [-125.18488, 48.64657], [-125.18304, 48.64686], [-125.18122, 48.64716], [-125.17938, 48.64745], [-125.17752, 48.64775], [-125.17568, 48.64805], [-125.17387, 48.64834], [-125.17202, 48.64864], [-125.17019, 48.64894], [-125.16841, 48.64923], [-125.16662, 48.64952], [-125.16477, 48.64981], [-125.16408, 48.65103], [-125.16503, 48.65243], [-125.16603, 48.65391], [-125.16702, 48.65535], [-125.16796, 48.65674], [-125.16892, 48.65816], [-125.16988, 48.65958], [-125.17079, 48.66091], [-125.17171, 48.66226], [-125.17266, 48.66366], [-125.17361, 48.66506], [-125.17456, 48.66645], [-125.17545, 48.668], [-125.17649, 48.66903], [-125.17755, 48.67008], [-125.17856, 48.67108], [-125.17951, 48.67201], [-125.18049, 48.67299], [-125.18153, 48.67402], [-125.18256, 48.67504], [-125.1836, 48.67606], [-125.18464, 48.67709], [-125.18568, 48.67811], [-125.18673, 48.67916], [-125.18843, 48.68065], [-125.18977, 48.68161], [-125.1911, 48.68257], [-125.1924, 48.68351], [-125.19373, 48.68447], [-125.19505, 48.68542], [-125.19634, 48.68636], [-125.19763, 48.68729], [-125.19894, 48.68823], [-125.20027, 48.68919], [-125.20164, 48.69018], [-125.20306, 48.69121], [-125.20518, 48.69245], [-125.20709, 48.69378], [-125.2088, 48.69496], [-125.21046, 48.69612], [-125.2121, 48.69726], [-125.21375, 48.6984], [-125.2154, 48.69954], [-125.21708, 48.70071], [-125.21879, 48.7019], [-125.22048, 48.70307], [-125.2221, 48.7042], [-125.22381, 48.70538], [-125.22675, 48.70728], [-125.22867, 48.70853], [-125.23067, 48.70983], [-125.23269, 48.71114], [-125.23469, 48.71244], [-125.23677, 48.71379], [-125.23886, 48.71515], [-125.24093, 48.71649], [-125.24307, 48.71788], [-125.24513, 48.71922], [-125.24713, 48.72052], [-125.24924, 48.72189], [-125.25289, 48.72398], [-125.25547, 48.72546], [-125.25777, 48.72678], [-125.25987, 48.72798], [-125.26217, 48.7293], [-125.26461, 48.73071], [-125.267, 48.73208], [-125.26933, 48.73341], [-125.27143, 48.73462], [-125.27341, 48.73575], [-125.27528, 48.73683], [-125.27711, 48.73787], [-125.27948, 48.73988], [-125.28001, 48.74099], [-125.28052, 48.74205], [-125.28101, 48.74309], [-125.28225, 48.74514], [-125.28254, 48.74627], [-125.28283, 48.74745], [-125.28318, 48.74885], [-125.28409, 48.75113], [-125.28426, 48.75306], [-125.28443, 48.75482], [-125.28459, 48.75659], [-125.28525, 48.75913], [-125.28511, 48.76072], [-125.28497, 48.76231], [-125.28483, 48.7639], [-125.28493, 48.76612], [-125.28434, 48.76772], [-125.28382, 48.76915], [-125.28326, 48.77066], [-125.28274, 48.7725], [-125.28157, 48.77376], [-125.2805, 48.7749], [-125.27942, 48.77605], [-125.27867, 48.77779], [-125.27791, 48.7791], [-125.27718, 48.78036], [-125.27642, 48.78168], [-125.27573, 48.7834], [-125.27467, 48.78472], [-125.2736, 48.78605], [-125.27258, 48.78731], [-125.27143, 48.78917], [-125.2701, 48.79068], [-125.26877, 48.7922], [-125.26737, 48.79378], [-125.26595, 48.7962], [-125.26443, 48.79843], [-125.26302, 48.8005], [-125.26179, 48.8023], [-125.26177, 48.80468], [-125.26195, 48.80665], [-125.26212, 48.80854], [-125.2623, 48.81049], [-125.26288, 48.81287], [-125.26305, 48.81478], [-125.26321, 48.81655], [-125.26337, 48.81839], [-125.26386, 48.82089], [-125.26372, 48.82287], [-125.26358, 48.82479], [-125.26344, 48.82679], [-125.26325, 48.82929], [-125.26258, 48.83119], [-125.26195, 48.83297], [-125.26131, 48.83478], [-125.26047, 48.83707], [-125.25951, 48.83892], [-125.25865, 48.84059], [-125.25779, 48.84227], [-125.25701, 48.84416], [-125.25623, 48.84572], [-125.25551, 48.84715], [-125.25478, 48.84861], [-125.25355, 48.85037], [-125.25183, 48.85142], [-125.25022, 48.85241], [-125.24854, 48.85344], [-125.24653, 48.85471], [-125.24488, 48.85573], [-125.24334, 48.85668], [-125.24175, 48.85765], [-125.24006, 48.85881], [-125.23828, 48.85971], [-125.23669, 48.86051], [-125.23502, 48.86135], [-125.23308, 48.86246], [-125.23141, 48.86342], [-125.22987, 48.8643], [-125.22829, 48.86521], [-125.22639, 48.86649], [-125.22491, 48.8676], [-125.22352, 48.86863], [-125.22207, 48.86971], [-125.22221, 48.86996], [-125.22373, 48.86913], [-125.22526, 48.86826], [-125.22648, 48.86732], [-125.22755, 48.86662], [-125.22901, 48.86585], [-125.22756, 48.86585], [-125.22577, 48.86649], [-125.22502, 48.86652], [-125.22652, 48.86582], [-125.22781, 48.86528], [-125.22943, 48.8649], [-125.22819, 48.86538], [-125.22602, 48.8662], [-125.22354, 48.86731], [-125.22191, 48.8683], [-125.22115, 48.8685], [-125.22236, 48.86762], [-125.22304, 48.8666], [-125.22421, 48.86582], [-125.22395, 48.86543], [-125.22376, 48.86524], [-125.22289, 48.86517], [-125.22247, 48.86496], [-125.22179, 48.86494], [-125.22154, 48.86481]]}, "properties": {"deployment": "dfo-eva035-20250729", "glider": "eva035", "group": "svi_shelf", "segment": 2, "n_points": 452, "deployment_start": "2025-07-29", "deployment_month": "2025-07", "segment_start": "2025-08-15T17:38", "segment_end": "2025-08-19T17:13", "segment_month": "2025-08", "epoch_days": 521, "segment_epoch_days": 538}}, {"type": "Feature", "geometry": {"type": "LineString", "coordinates": [[-125.20901, 48.88047], [-125.20927, 48.88138], [-125.20927, 48.88149], [-125.20976, 48.88105], [-125.21071, 48.881], [-125.21111, 48.88054], [-125.2118, 48.8805], [-125.21207, 48.88018], [-125.21255, 48.87996], [-125.21289, 48.87957], [-125.21341, 48.87926], [-125.21368, 48.87889], [-125.21463, 48.87844], [-125.21594, 48.87766], [-125.21712, 48.87695], [-125.21838, 48.8762], [-125.21935, 48.8757], [-125.22049, 48.87496], [-125.22152, 48.87431], [-125.22253, 48.87365], [-125.2237, 48.87305], [-125.22502, 48.87224], [-125.2262, 48.87151], [-125.22744, 48.87076], [-125.22874, 48.87016], [-125.23016, 48.86917], [-125.23144, 48.86827], [-125.23278, 48.86733], [-125.2319, 48.86794], [-125.22997, 48.86904], [-125.228, 48.87016], [-125.22595, 48.87132], [-125.2234, 48.87242], [-125.22125, 48.87348], [-125.21932, 48.87444], [-125.21729, 48.87544], [-125.21688, 48.87544], [-125.21826, 48.87471], [-125.21954, 48.87403], [-125.22087, 48.87333], [-125.22239, 48.87235], [-125.22389, 48.87152], [-125.22522, 48.87078], [-125.22666, 48.86999], [-125.22823, 48.86898], [-125.22964, 48.8682], [-125.23093, 48.86749], [-125.23234, 48.86671], [-125.23227, 48.86684], [-125.23019, 48.8681], [-125.22847, 48.86914], [-125.22664, 48.87025], [-125.22703, 48.87005], [-125.22853, 48.86918], [-125.22986, 48.86839], [-125.23128, 48.86757], [-125.23116, 48.86779], [-125.22931, 48.86896], [-125.22766, 48.87001], [-125.22589, 48.87113], [-125.22655, 48.87093], [-125.22801, 48.86992], [-125.22931, 48.86902], [-125.23068, 48.86807], [-125.23315, 48.86835], [-125.23128, 48.86933], [-125.22962, 48.87021], [-125.22788, 48.87113], [-125.22653, 48.87221], [-125.2245, 48.87307], [-125.2227, 48.87383], [-125.22083, 48.87462], [-125.22132, 48.87422], [-125.22282, 48.87301], [-125.22416, 48.87192], [-125.22558, 48.87078], [-125.228, 48.86941], [-125.22969, 48.86826], [-125.23122, 48.86723], [-125.23282, 48.86615], [-125.23317, 48.86648], [-125.23179, 48.86738], [-125.23042, 48.86827], [-125.22898, 48.86921], [-125.23032, 48.86849], [-125.23179, 48.86742], [-125.23324, 48.86637], [-125.23478, 48.86526], [-125.23515, 48.86533], [-125.23369, 48.86608], [-125.23226, 48.86682], [-125.23075, 48.8676], [-125.22973, 48.86872], [-125.22819, 48.86967], [-125.22674, 48.87055], [-125.22525, 48.87147], [-125.22607, 48.87119], [-125.22767, 48.86996], [-125.22914, 48.86882], [-125.23068, 48.86763], [-125.23096, 48.86763], [-125.22935, 48.86856], [-125.22789, 48.8694], [-125.22638, 48.87026], [-125.22543, 48.87131], [-125.22392, 48.87213], [-125.22253, 48.87288], [-125.22105, 48.87368], [-125.22185, 48.87345], [-125.22342, 48.87236], [-125.22498, 48.87129], [-125.2266, 48.87017], [-125.22956, 48.86907], [-125.23114, 48.86804], [-125.23259, 48.86711], [-125.23412, 48.86611], [-125.23356, 48.86716], [-125.23189, 48.86812], [-125.23036, 48.869], [-125.22875, 48.86993], [-125.22698, 48.87118], [-125.22531, 48.87215], [-125.22376, 48.87304], [-125.22214, 48.87398], [-125.22245, 48.87405], [-125.22372, 48.87301], [-125.22498, 48.872], [-125.22633, 48.8709], [-125.22775, 48.86993], [-125.22913, 48.86885], [-125.2304, 48.86786], [-125.23174, 48.86682], [-125.23059, 48.86738], [-125.22912, 48.86866], [-125.22777, 48.86983], [-125.22636, 48.87105], [-125.2243, 48.87255], [-125.22275, 48.87372], [-125.22132, 48.87481], [-125.21983, 48.87592], [-125.21952, 48.8761], [-125.22107, 48.87494], [-125.22248, 48.87388], [-125.22395, 48.87278], [-125.22475, 48.8716], [-125.22598, 48.87045], [-125.22721, 48.8693], [-125.2285, 48.86809], [-125.22862, 48.86734], [-125.23026, 48.86656], [-125.23181, 48.86582], [-125.23345, 48.86505], [-125.2313, 48.86573], [-125.22928, 48.86654], [-125.22748, 48.86725], [-125.22559, 48.868], [-125.22288, 48.86948], [-125.22165, 48.87087], [-125.2205, 48.87216], [-125.21931, 48.8735]]}, "properties": {"deployment": "dfo-eva035-20250908", "glider": "eva035", "group": "svi_shelf", "segment": 0, "n_points": 160, "deployment_start": "2025-09-08", "deployment_month": "2025-09", "segment_start": "2025-09-03T21:31", "segment_end": "2025-09-04T18:31", "segment_month": "2025-09", "epoch_days": 562, "segment_epoch_days": 557}}, {"type": "Feature", "geometry": {"type": "LineString", "coordinates": [[-125.2227, 48.87973], [-125.22299, 48.87965], [-125.2244, 48.88057], [-125.22563, 48.87984], [-125.22705, 48.87955], [-125.22839, 48.87853], [-125.22971, 48.87753], [-125.231, 48.87654], [-125.23224, 48.87545], [-125.2333, 48.87436], [-125.23438, 48.87326], [-125.2355, 48.87213], [-125.23638, 48.8706], [-125.23732, 48.86941], [-125.23828, 48.8682], [-125.23927, 48.86696], [-125.2391, 48.86543], [-125.24071, 48.864], [-125.24214, 48.86273], [-125.24363, 48.8614], [-125.24423, 48.8604], [-125.24587, 48.85901], [-125.24746, 48.85766], [-125.2491, 48.85627], [-125.25019, 48.85434], [-125.25162, 48.85282], [-125.25302, 48.85132], [-125.25448, 48.84977], [-125.25602, 48.8477], [-125.25744, 48.84613], [-125.25892, 48.84449], [-125.26046, 48.84279], [-125.26138, 48.84046], [-125.26178, 48.83848], [-125.2622, 48.83642], [-125.26264, 48.83425], [-125.26357, 48.83159], [-125.2636, 48.82895], [-125.26364, 48.8265], [-125.26367, 48.82404], [-125.26396, 48.82247], [-125.26371, 48.82351], [-125.26345, 48.82459], [-125.26319, 48.82569], [-125.26386, 48.82427], [-125.2638, 48.82185], [-125.26374, 48.81967], [-125.26368, 48.81745], [-125.26326, 48.81478], [-125.26305, 48.81281], [-125.26284, 48.81081], [-125.26262, 48.80871], [-125.26227, 48.80625], [-125.26203, 48.80441], [-125.26178, 48.80254], [-125.26153, 48.80067], [-125.26221, 48.7984], [-125.26339, 48.7965], [-125.26445, 48.79479], [-125.26552, 48.79309], [-125.26659, 48.79104], [-125.26766, 48.78962], [-125.26859, 48.78839], [-125.26954, 48.78713], [-125.2717, 48.78651], [-125.27447, 48.78653], [-125.27689, 48.78654], [-125.27926, 48.78656], [-125.2816, 48.78658], [-125.28394, 48.78659], [-125.28634, 48.78661], [-125.28873, 48.78662], [-125.29114, 48.78664], [-125.2935, 48.78665], [-125.29582, 48.78667], [-125.2981, 48.78668], [-125.30043, 48.7867], [-125.3028, 48.78671], [-125.30517, 48.78673], [-125.30751, 48.78674], [-125.30986, 48.78676], [-125.31222, 48.78677], [-125.31457, 48.78679], [-125.31691, 48.7868], [-125.32051, 48.7866], [-125.32308, 48.78646], [-125.32544, 48.78633], [-125.32779, 48.7862], [-125.33015, 48.78607], [-125.33251, 48.78595], [-125.33492, 48.78581], [-125.33733, 48.78568], [-125.33977, 48.78555], [-125.3422, 48.78541], [-125.34464, 48.78528], [-125.34707, 48.78515], [-125.34954, 48.78501], [-125.35203, 48.78487], [-125.35449, 48.78474], [-125.35695, 48.7846], [-125.35942, 48.78447], [-125.36188, 48.78433], [-125.36437, 48.7842], [-125.36688, 48.78406], [-125.37017, 48.78354], [-125.373, 48.78295], [-125.3756, 48.78241], [-125.37817, 48.78188], [-125.38058, 48.78137], [-125.38288, 48.78089], [-125.38543, 48.78036], [-125.38818, 48.77979], [-125.39097, 48.77921], [-125.3937, 48.77864], [-125.39641, 48.77808], [-125.39919, 48.7775], [-125.40202, 48.77691], [-125.40483, 48.77632], [-125.40759, 48.77575], [-125.41034, 48.77517], [-125.41316, 48.77459], [-125.41596, 48.774], [-125.41881, 48.77341], [-125.42164, 48.77282], [-125.42558, 48.77167], [-125.42842, 48.77088], [-125.43132, 48.77006], [-125.43418, 48.76926], [-125.43697, 48.76847], [-125.43981, 48.76767], [-125.44274, 48.76685], [-125.44573, 48.76601], [-125.44879, 48.76515], [-125.45182, 48.76429], [-125.45485, 48.76344], [-125.45787, 48.76259], [-125.46096, 48.76172], [-125.46406, 48.76085], [-125.4672, 48.75997], [-125.47038, 48.75907], [-125.47358, 48.75817], [-125.47679, 48.75727], [-125.48006, 48.75635], [-125.48345, 48.7554], [-125.48812, 48.75458], [-125.49202, 48.75409], [-125.49598, 48.75359], [-125.50002, 48.75309], [-125.50404, 48.75258], [-125.50806, 48.75208], [-125.51211, 48.75157], [-125.51624, 48.75105], [-125.52051, 48.75051], [-125.52482, 48.74997], [-125.52923, 48.74941], [-125.53369, 48.74885], [-125.53826, 48.74828], [-125.5429, 48.74769], [-125.54758, 48.74711], [-125.55225, 48.74652], [-125.55702, 48.74592], [-125.56187, 48.74531], [-125.56677, 48.74469], [-125.57177, 48.74406], [-125.57801, 48.74353], [-125.58262, 48.74267], [-125.58705, 48.74184], [-125.59154, 48.741], [-125.59613, 48.74013], [-125.60074, 48.73927], [-125.60538, 48.7384], [-125.61007, 48.73752], [-125.61486, 48.73662], [-125.61965, 48.73572], [-125.62446, 48.73482], [-125.6293, 48.73391], [-125.63421, 48.73299], [-125.63911, 48.73207], [-125.64398, 48.73116], [-125.64883, 48.73025], [-125.65369, 48.72934], [-125.65851, 48.72844], [-125.66332, 48.72753], [-125.66825, 48.72661], [-125.6722, 48.72451], [-125.67534, 48.72182], [-125.67833, 48.71926], [-125.68132, 48.7167], [-125.68421, 48.71422], [-125.68709, 48.71175], [-125.69003, 48.70923], [-125.69294, 48.70674], [-125.69576, 48.70433], [-125.69853, 48.70195], [-125.70134, 48.69954], [-125.7041, 48.69717], [-125.70678, 48.69488], [-125.70944, 48.6926], [-125.7121, 48.69031], [-125.71473, 48.68807], [-125.71733, 48.68584], [-125.71988, 48.68365], [-125.72242, 48.68148], [-125.72499, 48.67927], [-125.72904, 48.67701], [-125.7329, 48.67558], [-125.73666, 48.67419], [-125.7404, 48.6728], [-125.74424, 48.67138], [-125.74809, 48.66995], [-125.75117, 48.66881], [-125.7535, 48.66794], [-125.7556, 48.66716], [-125.75747, 48.66647], [-125.75921, 48.66583], [-125.76084, 48.66522], [-125.76253, 48.6646], [-125.76423, 48.66396], [-125.76589, 48.66335], [-125.76755, 48.66273], [-125.76929, 48.66209], [-125.771, 48.66145], [-125.77267, 48.66084], [-125.7743, 48.66023], [-125.77779, 48.65945], [-125.77973, 48.65908], [-125.78165, 48.65871], [-125.78368, 48.65832], [-125.7858, 48.65792], [-125.78787, 48.65752], [-125.78991, 48.65713], [-125.79188, 48.65675], [-125.79377, 48.65639], [-125.79574, 48.65602], [-125.79785, 48.65561], [-125.80005, 48.65519], [-125.80235, 48.65475], [-125.80455, 48.65433], [-125.80666, 48.65393], [-125.80879, 48.65352], [-125.81104, 48.65309], [-125.8133, 48.65266], [-125.8155, 48.65224], [-125.81767, 48.65183], [-125.82128, 48.65139], [-125.8236, 48.65091], [-125.82566, 48.65048], [-125.82766, 48.65007], [-125.8297, 48.64964], [-125.83176, 48.64922], [-125.83383, 48.64879], [-125.83589, 48.64836], [-125.83793, 48.64794], [-125.84002, 48.64751], [-125.84214, 48.64707], [-125.84421, 48.64664], [-125.84625, 48.64622], [-125.84831, 48.64579], [-125.85047, 48.64535], [-125.85262, 48.6449], [-125.85481, 48.64445], [-125.85704, 48.64398], [-125.85928, 48.64352], [-125.86154, 48.64305], [-125.86623, 48.64309], [-125.86837, 48.6423], [-125.87029, 48.64159], [-125.87223, 48.64088], [-125.87425, 48.64013], [-125.87626, 48.63939], [-125.8783, 48.63863], [-125.88036, 48.63787], [-125.88241, 48.63711], [-125.88449, 48.63634], [-125.88661, 48.63556], [-125.88869, 48.63479], [-125.89081, 48.634], [-125.89295, 48.63321], [-125.89509, 48.63242], [-125.89724, 48.63162], [-125.89946, 48.6308], [-125.90164, 48.63], [-125.90383, 48.62919], [-125.90606, 48.62836], [-125.90844, 48.62753], [-125.91025, 48.62634], [-125.91193, 48.62524], [-125.91362, 48.62414], [-125.91531, 48.62303], [-125.91702, 48.62192], [-125.91874, 48.6208], [-125.92046, 48.61967], [-125.92221, 48.61853], [-125.92396, 48.61738], [-125.92578, 48.6162], [-125.92757, 48.61503], [-125.92935, 48.61386], [-125.93113, 48.6127], [-125.93293, 48.61152], [-125.93475, 48.61033], [-125.93659, 48.60913], [-125.93839, 48.60795], [-125.94021, 48.60676], [-125.94212, 48.60552], [-125.94411, 48.60385], [-125.94533, 48.60248], [-125.94658, 48.60108], [-125.94782, 48.59969], [-125.94908, 48.59828], [-125.95037, 48.59683], [-125.95166, 48.59538], [-125.95293, 48.59396], [-125.9542, 48.59253], [-125.95546, 48.59111], [-125.95676, 48.58966], [-125.95811, 48.58814], [-125.95944, 48.58665], [-125.96069, 48.58524], [-125.96194, 48.58384], [-125.9632, 48.58243], [-125.96446, 48.58102], [-125.96569, 48.57964], [-125.96692, 48.57825], [-125.96823, 48.57678], [-125.97041, 48.57542], [-125.97232, 48.57432], [-125.97419, 48.57323], [-125.97606, 48.57214], [-125.97796, 48.57104], [-125.97992, 48.5699], [-125.98195, 48.56872], [-125.98395, 48.56756], [-125.98595, 48.5664], [-125.98797, 48.56523], [-125.99003, 48.56403], [-125.99212, 48.56281], [-125.99427, 48.56156], [-125.99645, 48.5603], [-125.99865, 48.55902], [-126.0009, 48.55771], [-126.00317, 48.5564], [-126.00542, 48.55509], [-126.00769, 48.55377], [-126.01, 48.55243], [-126.01222, 48.551], [-126.01493, 48.54973], [-126.01758, 48.54849], [-126.02029, 48.54721], [-126.02305, 48.54591], [-126.02579, 48.54463], [-126.0285, 48.54336], [-126.03127, 48.54206], [-126.0341, 48.54072], [-126.03695, 48.53939], [-126.03992, 48.53799], [-126.04295, 48.53657], [-126.04602, 48.53513], [-126.04903, 48.53371], [-126.0521, 48.53227], [-126.05521, 48.53081], [-126.05831, 48.52936], [-126.06144, 48.52789], [-126.06472, 48.52634], [-126.06804, 48.52478], [-126.07218, 48.52324], [-126.07671, 48.52142], [-126.08115, 48.51963], [-126.08556, 48.51785], [-126.09005, 48.51604], [-126.09463, 48.5142], [-126.09933, 48.51231], [-126.10409, 48.51039], [-126.10896, 48.50843], [-126.11387, 48.50646], [-126.11874, 48.5045], [-126.12364, 48.50253], [-126.1287, 48.50049], [-126.13386, 48.49841], [-126.13909, 48.49631], [-126.14432, 48.4942], [-126.1499, 48.49196], [-126.15568, 48.48963], [-126.16201, 48.48708], [-126.16878, 48.48436], [-126.17807, 48.48187], [-126.18787, 48.47954], [-126.19926, 48.47683], [-126.21208, 48.47377], [-126.2274, 48.47013], [-126.24472, 48.466], [-126.26295, 48.45903], [-126.27715, 48.44923], [-126.29229, 48.43879], [-126.30829, 48.42775], [-126.3266, 48.41512], [-126.34669, 48.40126], [-126.34611, 48.38832], [-126.32754, 48.37736], [-126.30925, 48.36657], [-126.29095, 48.35576], [-126.27251, 48.34488], [-126.2542, 48.33407], [-126.23421, 48.32299], [-126.21523, 48.31167], [-126.19599, 48.30019], [-126.17652, 48.28858], [-126.15713, 48.27701], [-126.13781, 48.26549], [-126.11815, 48.25312], [-126.09806, 48.23987], [-126.0791, 48.22736], [-126.06114, 48.21551], [-126.04278, 48.2034], [-126.02398, 48.191]]}, "properties": {"deployment": "dfo-eva035-20250908", "glider": "eva035", "group": "svi_shelf", "segment": 1, "n_points": 414, "deployment_start": "2025-09-08", "deployment_month": "2025-09", "segment_start": "2025-09-08T18:22", "segment_end": "2025-09-12T21:24", "segment_month": "2025-09", "epoch_days": 562, "segment_epoch_days": 562}}, {"type": "Feature", "geometry": {"type": "LineString", "coordinates": [[-126.0704, 48.45217], [-126.06913, 48.44897], [-126.0679, 48.44586], [-126.06669, 48.44282], [-126.06548, 48.43978], [-126.06422, 48.43661], [-126.06328, 48.43294], [-126.06315, 48.43004], [-126.06301, 48.42717], [-126.06288, 48.42428], [-126.06274, 48.42144], [-126.06261, 48.41862], [-126.0624, 48.41558], [-126.06287, 48.41287], [-126.06331, 48.41027], [-126.06376, 48.40768], [-126.06423, 48.40495], [-126.06472, 48.40208], [-126.06879, 48.39946], [-126.07596, 48.39739], [-126.08333, 48.39527], [-126.09109, 48.39303], [-126.09947, 48.39062], [-126.10861, 48.38798], [-126.11792, 48.38461], [-126.12636, 48.38093], [-126.13528, 48.37704], [-126.14472, 48.37292], [-126.1558, 48.36809], [-126.16851, 48.36255], [-126.18182, 48.35303], [-126.19277, 48.33917], [-126.20485, 48.32388], [-126.21768, 48.30764], [-126.23049, 48.29143], [-126.24341, 48.27507], [-126.23649, 48.26253], [-126.21085, 48.25281], [-126.18524, 48.2431], [-126.15948, 48.23333], [-126.13365, 48.22353], [-126.10785, 48.21375], [-126.08279, 48.20328], [-126.05936, 48.1914], [-126.03497, 48.17904], [-126.00984, 48.1663], [-125.9852, 48.1538], [-125.9607, 48.14138], [-125.9348, 48.14397], [-125.90984, 48.15855], [-125.88783, 48.1714], [-125.86792, 48.18303], [-125.85036, 48.19329], [-125.83494, 48.20229], [-125.82015, 48.20999], [-125.80842, 48.21732], [-125.79839, 48.22359], [-125.78957, 48.2291], [-125.78021, 48.23495], [-125.77057, 48.24098], [-125.76205, 48.24569], [-125.75497, 48.25017], [-125.74797, 48.2546], [-125.74089, 48.25908], [-125.73345, 48.26379], [-125.72545, 48.26885], [-125.71669, 48.2713], [-125.70906, 48.27282], [-125.70311, 48.27401], [-125.69834, 48.27496], [-125.69355, 48.27592], [-125.68878, 48.27687], [-125.68391, 48.27784], [-125.67906, 48.2788], [-125.67456, 48.2797], [-125.67042, 48.28053], [-125.6659, 48.28143], [-125.6611, 48.28238], [-125.6564, 48.28332], [-125.65174, 48.28425], [-125.64705, 48.28519], [-125.64236, 48.28612], [-125.63775, 48.28704], [-125.63324, 48.28794], [-125.6306, 48.28846], [-125.62966, 48.28865], [-125.62439, 48.28815], [-125.61931, 48.28872], [-125.61455, 48.28925], [-125.60991, 48.28976], [-125.60656, 48.29013], [-125.60391, 48.29042], [-125.59943, 48.29092], [-125.5968, 48.29121], [-125.59596, 48.29131], [-125.59444, 48.29147], [-125.59175, 48.29177], [-125.58718, 48.29228], [-125.5845, 48.29258], [-125.58369, 48.29267], [-125.58286, 48.29276], [-125.58205, 48.29285], [-125.57933, 48.29315], [-125.57471, 48.29366], [-125.56978, 48.29375], [-125.56647, 48.29505], [-125.56337, 48.29627], [-125.56026, 48.29749], [-125.55707, 48.29874], [-125.55398, 48.29995], [-125.55086, 48.30118], [-125.54774, 48.3024], [-125.54461, 48.30362], [-125.5415, 48.30485], [-125.53842, 48.30606], [-125.53534, 48.30726], [-125.53222, 48.30849], [-125.52919, 48.30968], [-125.52615, 48.31087], [-125.52304, 48.31209], [-125.51974, 48.31338], [-125.5165, 48.31466], [-125.51337, 48.31588], [-125.51028, 48.3171], [-125.50697, 48.31913], [-125.50409, 48.32122], [-125.50128, 48.32326], [-125.49842, 48.32533], [-125.49553, 48.32743], [-125.49267, 48.3295], [-125.48982, 48.33156], [-125.48693, 48.33367], [-125.48392, 48.33585], [-125.481, 48.33796], [-125.47822, 48.33998], [-125.47544, 48.342], [-125.47245, 48.34417], [-125.46945, 48.34634], [-125.46637, 48.34858], [-125.46323, 48.35085], [-125.46023, 48.35303], [-125.45729, 48.35516], [-125.45444, 48.35722], [-125.45149, 48.35937], [-125.44661, 48.36189], [-125.44294, 48.36409], [-125.43915, 48.36636], [-125.43547, 48.36856], [-125.43186, 48.37072], [-125.42813, 48.37295], [-125.42374, 48.37557], [-125.41878, 48.37854], [-125.41374, 48.38155], [-125.40882, 48.3845], [-125.4038, 48.3875], [-125.3987, 48.39055], [-125.39369, 48.39355], [-125.38873, 48.39652], [-125.3838, 48.39947], [-125.37887, 48.40242], [-125.37383, 48.40543], [-125.36883, 48.40843], [-125.36394, 48.41135], [-125.35899, 48.41431], [-125.35384, 48.41726], [-125.35002, 48.4196], [-125.34628, 48.42188], [-125.34262, 48.42413], [-125.33889, 48.42641], [-125.33513, 48.42871], [-125.33128, 48.43107], [-125.32736, 48.43347], [-125.32337, 48.43591], [-125.31935, 48.43837], [-125.31554, 48.44071], [-125.31188, 48.44295], [-125.30819, 48.44521], [-125.30454, 48.44744], [-125.30091, 48.44966], [-125.29727, 48.45189], [-125.29366, 48.45411], [-125.29011, 48.45628], [-125.28656, 48.45845], [-125.28307, 48.46059], [-125.28024, 48.46346], [-125.27894, 48.46644], [-125.27763, 48.46945], [-125.27635, 48.47238], [-125.27507, 48.4753], [-125.2738, 48.47822], [-125.27254, 48.48111], [-125.27128, 48.48399], [-125.27007, 48.48677], [-125.26886, 48.48954], [-125.26762, 48.49238], [-125.26639, 48.4952], [-125.26519, 48.49796], [-125.26402, 48.50064], [-125.26285, 48.50332], [-125.26168, 48.50599], [-125.26054, 48.5086], [-125.25942, 48.51118], [-125.25843, 48.51344], [-125.25757, 48.51543], [-125.25632, 48.51831], [-125.25441, 48.52023], [-125.25261, 48.52206], [-125.25086, 48.52383], [-125.24914, 48.52556], [-125.24748, 48.52724], [-125.24585, 48.52889], [-125.24423, 48.53053], [-125.24262, 48.53215], [-125.24106, 48.53372], [-125.23955, 48.53525], [-125.23804, 48.53678], [-125.2365, 48.53834], [-125.23498, 48.53988], [-125.23347, 48.54139], [-125.23198, 48.54291], [-125.23035, 48.54455], [-125.22866, 48.54626], [-125.22692, 48.54802], [-125.22511, 48.54985], [-125.2229, 48.55306], [-125.22207, 48.55496], [-125.22134, 48.55661], [-125.22065, 48.55819], [-125.21997, 48.55976], [-125.21931, 48.56124], [-125.21867, 48.56272], [-125.21801, 48.56421], [-125.21735, 48.56573], [-125.21669, 48.56723], [-125.21603, 48.56874], [-125.21537, 48.57024], [-125.21472, 48.57174], [-125.21405, 48.57325], [-125.21336, 48.57483], [-125.21267, 48.5764], [-125.212, 48.57795], [-125.21133, 48.57947], [-125.21066, 48.581], [-125.20997, 48.58257], [-125.20952, 48.58454], [-125.20858, 48.58621], [-125.20769, 48.58781], [-125.20679, 48.58943], [-125.20586, 48.59109], [-125.20493, 48.59275], [-125.204, 48.59442], [-125.20307, 48.59608], [-125.20215, 48.59772], [-125.20128, 48.5993], [-125.20039, 48.60089], [-125.19947, 48.60253], [-125.19857, 48.60413], [-125.19769, 48.60572], [-125.19679, 48.60733], [-125.19589, 48.60893], [-125.195, 48.61054], [-125.19411, 48.61213], [-125.19322, 48.61372], [-125.19233, 48.6153], [-125.19049, 48.61735], [-125.18797, 48.61817], [-125.18541, 48.619], [-125.18285, 48.61983], [-125.1804, 48.62063], [-125.17795, 48.62142], [-125.17546, 48.62223], [-125.17297, 48.62304], [-125.17045, 48.62386], [-125.16796, 48.62467], [-125.16546, 48.62548], [-125.16301, 48.62627], [-125.16058, 48.62706], [-125.15813, 48.62786], [-125.15565, 48.62867], [-125.15323, 48.62945], [-125.15094, 48.6302], [-125.14858, 48.63096], [-125.14595, 48.63182], [-125.14351, 48.63261], [-125.13944, 48.63341], [-125.13631, 48.63378], [-125.13298, 48.63418], [-125.12991, 48.63455], [-125.12683, 48.63492], [-125.12379, 48.63529], [-125.12084, 48.63564], [-125.1179, 48.63599], [-125.11478, 48.63637], [-125.11193, 48.63671], [-125.10907, 48.63705], [-125.10622, 48.63739], [-125.10472, 48.63754], [-125.10563, 48.6384], [-125.10655, 48.63926], [-125.10744, 48.64011], [-125.10835, 48.64097], [-125.10927, 48.64183], [-125.11019, 48.6427], [-125.11111, 48.64357], [-125.11205, 48.64445], [-125.11297, 48.64532], [-125.11385, 48.64615], [-125.11476, 48.64701], [-125.1161, 48.64785], [-125.11718, 48.64865], [-125.11827, 48.64946], [-125.11934, 48.65026], [-125.12045, 48.65107], [-125.12159, 48.65192], [-125.12274, 48.65277], [-125.12389, 48.65362], [-125.12504, 48.65448], [-125.12617, 48.65531], [-125.12729, 48.65614], [-125.12836, 48.65693], [-125.13072, 48.65773], [-125.13229, 48.65865], [-125.13384, 48.65954], [-125.13537, 48.66044], [-125.13696, 48.66136], [-125.13853, 48.66228], [-125.14012, 48.6632], [-125.1417, 48.66412], [-125.14326, 48.66503], [-125.14481, 48.66594], [-125.14636, 48.66684], [-125.14794, 48.66776], [-125.15033, 48.66876], [-125.15144, 48.66927], [-125.15294, 48.66996], [-125.15487, 48.67084], [-125.1567, 48.67168], [-125.15841, 48.67246], [-125.1598, 48.6731], [-125.16088, 48.67359], [-125.16247, 48.67432], [-125.16451, 48.67526], [-125.16659, 48.67621], [-125.16877, 48.67721], [-125.17232, 48.67892], [-125.17469, 48.68004], [-125.17714, 48.6812], [-125.17961, 48.68237], [-125.18202, 48.68351], [-125.18439, 48.68463], [-125.18677, 48.68575], [-125.18917, 48.68689], [-125.19161, 48.68804], [-125.19404, 48.68919], [-125.19639, 48.6903], [-125.19885, 48.69146], [-125.20254, 48.69329], [-125.20495, 48.69484], [-125.20733, 48.69637], [-125.20967, 48.69787], [-125.21205, 48.69939], [-125.21449, 48.70095], [-125.21695, 48.70254], [-125.21936, 48.70408], [-125.22177, 48.70562], [-125.22423, 48.7072], [-125.22676, 48.70882], [-125.22931, 48.71046], [-125.23292, 48.71238], [-125.23537, 48.71373], [-125.23789, 48.71511], [-125.24052, 48.71655], [-125.24351, 48.71819], [-125.2461, 48.71961], [-125.24863, 48.721], [-125.2512, 48.72241], [-125.25378, 48.72382], [-125.25623, 48.72517], [-125.25855, 48.72644], [-125.26109, 48.72784], [-125.26447, 48.73123], [-125.26648, 48.73252], [-125.26831, 48.7337], [-125.27012, 48.73486], [-125.27286, 48.73656], [-125.27427, 48.73748], [-125.2757, 48.73841], [-125.27711, 48.73933], [-125.27962, 48.74068], [-125.28103, 48.7417], [-125.2823, 48.74263], [-125.28358, 48.74357], [-125.28655, 48.74456], [-125.28966, 48.74486], [-125.29267, 48.74514], [-125.29587, 48.74544], [-125.29909, 48.74575], [-125.30224, 48.74605], [-125.30558, 48.74636], [-125.30903, 48.74669], [-125.3124, 48.74701], [-125.3157, 48.74732], [-125.31892, 48.74763], [-125.32206, 48.74792], [-125.32525, 48.74823], [-125.32846, 48.74853], [-125.33159, 48.74883], [-125.33461, 48.74911], [-125.33771, 48.74941], [-125.34083, 48.7497], [-125.34399, 48.75], [-125.34732, 48.75032], [-125.35192, 48.75051], [-125.35546, 48.75077], [-125.35895, 48.75102], [-125.36243, 48.75128], [-125.36602, 48.75154], [-125.3696, 48.7518], [-125.37313, 48.75206], [-125.37668, 48.75232], [-125.38027, 48.75258], [-125.38385, 48.75284], [-125.38747, 48.7531], [-125.39109, 48.75337], [-125.39463, 48.75363], [-125.39815, 48.75388], [-125.40167, 48.75414], [-125.40514, 48.75439], [-125.4086, 48.75465], [-125.41208, 48.7549], [-125.41577, 48.75517], [-125.41969, 48.75546], [-125.42596, 48.75573], [-125.43041, 48.75615], [-125.4346, 48.75655], [-125.43881, 48.75695], [-125.44312, 48.75735], [-125.44742, 48.75776], [-125.45172, 48.75816], [-125.45606, 48.75857], [-125.46048, 48.75899], [-125.46493, 48.75941], [-125.46944, 48.75983], [-125.47401, 48.76026], [-125.47866, 48.7607], [-125.48331, 48.76114], [-125.48799, 48.76158], [-125.49275, 48.76203], [-125.49752, 48.76248], [-125.50235, 48.76294], [-125.5073, 48.7634], [-125.51244, 48.76389], [-125.51899, 48.76402], [-125.52345, 48.76321], [-125.52797, 48.76239], [-125.5325, 48.76156], [-125.53707, 48.76073], [-125.54174, 48.75988], [-125.54658, 48.759], [-125.5514, 48.75812], [-125.5563, 48.75723], [-125.56125, 48.75632], [-125.56626, 48.75541], [-125.57128, 48.7545], [-125.57625, 48.75359], [-125.58114, 48.7527], [-125.58559, 48.75189], [-125.58966, 48.75115], [-125.5944, 48.75028], [-125.59976, 48.74931], [-125.60528, 48.7483], [-125.61099, 48.74726], [-125.61601, 48.74534], [-125.61886, 48.74291], [-125.62176, 48.74043], [-125.62469, 48.73792], [-125.62768, 48.73536], [-125.63073, 48.73276], [-125.63376, 48.73016], [-125.63679, 48.72757], [-125.63995, 48.72487], [-125.64325, 48.72205], [-125.64678, 48.71903], [-125.65052, 48.71583], [-125.65415, 48.71273], [-125.65769, 48.7097], [-125.66117, 48.70673], [-125.66454, 48.70384], [-125.66784, 48.70102], [-125.67107, 48.69826], [-125.67417, 48.69561], [-125.67713, 48.69308], [-125.68163, 48.69031], [-125.68614, 48.68862], [-125.69033, 48.68705], [-125.69439, 48.68553], [-125.69823, 48.68409], [-125.70198, 48.68268], [-125.70571, 48.68128], [-125.70937, 48.67991], [-125.71297, 48.67856], [-125.71649, 48.67725], [-125.72002, 48.67592], [-125.72349, 48.67462], [-125.72688, 48.67335], [-125.73024, 48.67209], [-125.73362, 48.67082], [-125.73693, 48.66958], [-125.74025, 48.66834], [-125.74365, 48.66706], [-125.7466, 48.66595], [-125.74922, 48.66497], [-125.75305, 48.66383], [-125.75514, 48.66296], [-125.75699, 48.66219], [-125.75886, 48.66142], [-125.7607, 48.66065], [-125.76251, 48.6599], [-125.76435, 48.65913], [-125.76619, 48.65837], [-125.76806, 48.65759], [-125.76987, 48.65683], [-125.77166, 48.65609], [-125.7735, 48.65532], [-125.77535, 48.65456], [-125.77718, 48.65379], [-125.77902, 48.65303], [-125.78083, 48.65228], [-125.78264, 48.65152], [-125.78451, 48.65075], [-125.78635, 48.64998], [-125.78827, 48.64918], [-125.79161, 48.64865], [-125.79412, 48.64799], [-125.79631, 48.64741], [-125.7983, 48.64688], [-125.8003, 48.64635], [-125.80232, 48.64582], [-125.80457, 48.64522], [-125.8069, 48.64461], [-125.80896, 48.64406], [-125.81095, 48.64353], [-125.81295, 48.643], [-125.81498, 48.64247], [-125.81719, 48.64188], [-125.81946, 48.64128], [-125.82171, 48.64068], [-125.82394, 48.64009], [-125.82625, 48.63948], [-125.82858, 48.63886], [-125.83083, 48.63827], [-125.83319, 48.63764], [-125.83623, 48.63605], [-125.83848, 48.63521], [-125.84055, 48.63444], [-125.84265, 48.63367], [-125.8448, 48.63287], [-125.84694, 48.63207], [-125.84911, 48.63126], [-125.85131, 48.63045], [-125.85349, 48.62964], [-125.85568, 48.62882], [-125.85789, 48.628], [-125.86006, 48.6272], [-125.86218, 48.62641], [-125.86432, 48.62561], [-125.86655, 48.62478], [-125.86886, 48.62393], [-125.8712, 48.62306], [-125.87353, 48.62219], [-125.87587, 48.62132], [-125.87818, 48.62047], [-125.88112, 48.61873], [-125.8832, 48.61762], [-125.88517, 48.61656], [-125.88723, 48.61546], [-125.8893, 48.61435], [-125.89131, 48.61328], [-125.89336, 48.61218], [-125.89544, 48.61107], [-125.89755, 48.60994], [-125.89966, 48.60881], [-125.90177, 48.60768], [-125.90392, 48.60653], [-125.9061, 48.60536], [-125.90828, 48.6042], [-125.91046, 48.60303], [-125.91264, 48.60187], [-125.91461, 48.60081], [-125.91646, 48.59982], [-125.91859, 48.59868], [-125.92095, 48.59742], [-125.92428, 48.59525], [-125.92651, 48.59379], [-125.92859, 48.59243], [-125.9307, 48.59105], [-125.93281, 48.58966], [-125.93489, 48.5883], [-125.93695, 48.58695], [-125.93899, 48.58561], [-125.94106, 48.58426], [-125.94314, 48.58289], [-125.94525, 48.58151], [-125.9474, 48.5801], [-125.94951, 48.57872], [-125.95157, 48.57736], [-125.95364, 48.57601], [-125.95568, 48.57467], [-125.95778, 48.5733], [-125.95988, 48.57192], [-125.96201, 48.57052], [-125.96411, 48.56914], [-125.968, 48.56711], [-125.9703, 48.56587], [-125.97249, 48.56469], [-125.97471, 48.56349], [-125.97693, 48.5623], [-125.97915, 48.5611], [-125.98141, 48.55988], [-125.98371, 48.55864], [-125.98608, 48.55737], [-125.98849, 48.55607], [-125.99099, 48.55472], [-125.99347, 48.55338], [-125.99599, 48.55202], [-125.99858, 48.55063], [-126.00124, 48.54919], [-126.00394, 48.54774], [-126.00659, 48.54631], [-126.00921, 48.5449], [-126.01183, 48.54349], [-126.01449, 48.54206], [-126.01729, 48.54036], [-126.01961, 48.53853], [-126.02184, 48.53676], [-126.02408, 48.53499], [-126.02638, 48.53317], [-126.02871, 48.53133], [-126.03109, 48.52944], [-126.03345, 48.52758], [-126.03584, 48.52569], [-126.03831, 48.52374], [-126.04083, 48.52174], [-126.04338, 48.51973], [-126.04599, 48.51766], [-126.04861, 48.51559], [-126.05121, 48.51353], [-126.05382, 48.51147], [-126.0565, 48.50935], [-126.0592, 48.50722], [-126.06195, 48.50504], [-126.06482, 48.50277], [-126.06697, 48.49973], [-126.06965, 48.49701], [-126.07226, 48.49435], [-126.07491, 48.49164], [-126.07762, 48.48888], [-126.08038, 48.48606], [-126.08376, 48.48264], [-126.08765, 48.47981], [-126.09149, 48.47702], [-126.09533, 48.47423], [-126.09931, 48.47133], [-126.10349, 48.4683], [-126.1086, 48.46493], [-126.11418, 48.46219], [-126.11965, 48.4595], [-126.12523, 48.45676], [-126.13113, 48.45387], [-126.1373, 48.45083], [-126.14445, 48.4479], [-126.15016, 48.44609], [-126.15768, 48.4437], [-126.16681, 48.44081], [-126.1774, 48.43744], [-126.18939, 48.43364], [-126.20298, 48.42797], [-126.2169, 48.42096], [-126.23537, 48.41166], [-126.25767, 48.40044], [-126.28239, 48.388], [-126.30899, 48.37461], [-126.30958, 48.35996], [-126.28959, 48.34503], [-126.26977, 48.33022], [-126.25007, 48.31551], [-126.2302, 48.30067], [-126.21018, 48.28572], [-126.20337, 48.26811], [-126.20269, 48.24734], [-126.20201, 48.22695], [-126.20134, 48.20668], [-126.20067, 48.18629], [-126.19999, 48.16564], [-126.1992, 48.14637], [-126.19889, 48.12797], [-126.1821, 48.12299], [-126.15121, 48.12857], [-126.12079, 48.13407], [-126.09047, 48.13955], [-126.05982, 48.14509], [-126.02913, 48.15063]]}, "properties": {"deployment": "dfo-eva035-20250908", "glider": "eva035", "group": "svi_shelf", "segment": 2, "n_points": 702, "deployment_start": "2025-09-08", "deployment_month": "2025-09", "segment_start": "2025-09-15T22:37", "segment_end": "2025-09-23T21:40", "segment_month": "2025-09", "epoch_days": 562, "segment_epoch_days": 569}}, {"type": "Feature", "geometry": {"type": "LineString", "coordinates": [[-126.00549, 48.21804], [-126.00243, 48.20104], [-125.99888, 48.18108], [-125.9952, 48.16001], [-125.98109, 48.15689], [-125.9576, 48.16928], [-125.93596, 48.1807], [-125.91556, 48.19147], [-125.89814, 48.20066], [-125.88337, 48.20845], [-125.86869, 48.21551], [-125.85665, 48.22109], [-125.84619, 48.22593], [-125.83695, 48.23021], [-125.82927, 48.23377], [-125.82292, 48.23671], [-125.81502, 48.23943], [-125.80862, 48.24231], [-125.80305, 48.24482], [-125.79797, 48.2471], [-125.7932, 48.24925], [-125.78871, 48.25127], [-125.783, 48.25374], [-125.77749, 48.25604], [-125.7726, 48.25808], [-125.76815, 48.25994], [-125.76376, 48.26177], [-125.75942, 48.26358], [-125.75408, 48.26567], [-125.74949, 48.26758], [-125.74525, 48.26934], [-125.74112, 48.27106], [-125.73708, 48.27274], [-125.7331, 48.2744], [-125.72641, 48.27682], [-125.71844, 48.27941], [-125.71234, 48.28139], [-125.70769, 48.2829], [-125.70323, 48.28435], [-125.69886, 48.28577], [-125.69461, 48.28715], [-125.69058, 48.28846], [-125.68659, 48.28976], [-125.68262, 48.29104], [-125.67878, 48.29229], [-125.67501, 48.29352], [-125.67121, 48.29475], [-125.66737, 48.296], [-125.66337, 48.2973], [-125.65944, 48.29858], [-125.65563, 48.29981], [-125.65186, 48.30104], [-125.64814, 48.30225], [-125.64446, 48.30344], [-125.63916, 48.30488], [-125.63607, 48.30625], [-125.63319, 48.30753], [-125.63033, 48.3088], [-125.62749, 48.31007], [-125.62467, 48.31132], [-125.62184, 48.31258], [-125.619, 48.31384], [-125.61614, 48.31512], [-125.61334, 48.31636], [-125.61057, 48.3176], [-125.60777, 48.31884], [-125.60489, 48.32012], [-125.60201, 48.3214], [-125.59909, 48.32271], [-125.59616, 48.32401], [-125.5933, 48.32528], [-125.59042, 48.32656], [-125.58748, 48.32787], [-125.58455, 48.32917], [-125.58029, 48.33073], [-125.57695, 48.33269], [-125.57381, 48.33453], [-125.5707, 48.33636], [-125.56749, 48.33824], [-125.5643, 48.34011], [-125.5611, 48.34199], [-125.55789, 48.34387], [-125.55531, 48.34539], [-125.55336, 48.34653], [-125.55082, 48.34802], [-125.54766, 48.34987], [-125.54448, 48.35174], [-125.54131, 48.3536], [-125.53801, 48.35553], [-125.53473, 48.35745], [-125.53153, 48.35933], [-125.52842, 48.36116], [-125.52535, 48.36295], [-125.52224, 48.36478], [-125.51735, 48.36665], [-125.51302, 48.3684], [-125.50902, 48.37001], [-125.50506, 48.37161], [-125.50107, 48.37322], [-125.497, 48.37486], [-125.49288, 48.37653], [-125.48881, 48.37817], [-125.48481, 48.37978], [-125.48082, 48.38139], [-125.47682, 48.383], [-125.47289, 48.38459], [-125.46905, 48.38614], [-125.46523, 48.38768], [-125.46139, 48.38923], [-125.4576, 48.39076], [-125.45385, 48.39227], [-125.45, 48.39382], [-125.44707, 48.39501], [-125.44525, 48.39574], [-125.44036, 48.39734], [-125.43696, 48.39881], [-125.43369, 48.40022], [-125.43046, 48.40162], [-125.42721, 48.40302], [-125.42402, 48.4044], [-125.42057, 48.40589], [-125.41694, 48.40746], [-125.41314, 48.4091], [-125.40911, 48.41084], [-125.40508, 48.41258], [-125.40115, 48.41428], [-125.39726, 48.41596], [-125.39336, 48.41765], [-125.38947, 48.41932], [-125.38557, 48.42101], [-125.38161, 48.42272], [-125.37767, 48.42442], [-125.37361, 48.42618], [-125.36956, 48.42793], [-125.36402, 48.42946], [-125.36065, 48.43138], [-125.35721, 48.43335], [-125.35373, 48.43534], [-125.35023, 48.43734], [-125.34675, 48.43934], [-125.34323, 48.44135], [-125.33981, 48.44331], [-125.33642, 48.44525], [-125.333, 48.4472], [-125.32966, 48.44911], [-125.32636, 48.451], [-125.32311, 48.45287], [-125.31986, 48.45472], [-125.31653, 48.45663], [-125.31323, 48.45852], [-125.30996, 48.46039], [-125.30668, 48.46227], [-125.30344, 48.46412], [-125.30019, 48.46598], [-125.29792, 48.46812], [-125.29563, 48.47059], [-125.29348, 48.47291], [-125.29134, 48.47522], [-125.28925, 48.47747], [-125.28718, 48.4797], [-125.2851, 48.48195], [-125.28303, 48.48418], [-125.28096, 48.4864], [-125.27894, 48.48858], [-125.27693, 48.49075], [-125.27494, 48.4929], [-125.27299, 48.495], [-125.27107, 48.49707], [-125.26914, 48.49915], [-125.26721, 48.50123], [-125.26529, 48.5033], [-125.26338, 48.50535], [-125.26151, 48.50737], [-125.25968, 48.50935], [-125.25865, 48.51218], [-125.25856, 48.51475], [-125.25848, 48.51718], [-125.2584, 48.51961], [-125.25832, 48.52191], [-125.25824, 48.52408], [-125.25817, 48.52619], [-125.2581, 48.52827], [-125.25803, 48.53032], [-125.25796, 48.53236], [-125.25789, 48.53439], [-125.25782, 48.53639], [-125.25775, 48.5384], [-125.25768, 48.5404], [-125.25761, 48.54243], [-125.25754, 48.54445], [-125.25747, 48.54639], [-125.25741, 48.54831], [-125.25734, 48.55024], [-125.25727, 48.55219], [-125.25758, 48.55462], [-125.25636, 48.55599], [-125.25516, 48.55735], [-125.25393, 48.55873], [-125.2527, 48.56011], [-125.25148, 48.56149], [-125.25024, 48.56289], [-125.24902, 48.56426], [-125.24779, 48.56564], [-125.24656, 48.56703], [-125.2453, 48.56845], [-125.24402, 48.56988], [-125.24267, 48.57141], [-125.24128, 48.57297], [-125.23994, 48.57448], [-125.2386, 48.57599], [-125.23721, 48.57755], [-125.23577, 48.57917], [-125.2342, 48.58094], [-125.23253, 48.58281], [-125.23007, 48.58464], [-125.22746, 48.58577], [-125.22482, 48.58692], [-125.22215, 48.58808], [-125.21953, 48.58922], [-125.21698, 48.59034], [-125.2144, 48.59146], [-125.21185, 48.59257], [-125.20935, 48.59366], [-125.20686, 48.59474], [-125.20532, 48.59541], [-125.20467, 48.59569], [-125.20307, 48.59639], [-125.20058, 48.59747], [-125.19806, 48.59857], [-125.19557, 48.59965], [-125.1931, 48.60073], [-125.19067, 48.60178], [-125.18819, 48.60286], [-125.18564, 48.60397], [-125.18403, 48.60538], [-125.1818, 48.60649], [-125.17964, 48.60757], [-125.17747, 48.60865], [-125.17526, 48.60975], [-125.17311, 48.61083], [-125.17098, 48.61189], [-125.16885, 48.61295], [-125.16672, 48.61401], [-125.16462, 48.61506], [-125.16251, 48.61611], [-125.16043, 48.61714], [-125.15838, 48.61817], [-125.15637, 48.61917], [-125.15436, 48.62017], [-125.15237, 48.62116], [-125.15037, 48.62216], [-125.14838, 48.62315], [-125.14639, 48.62414], [-125.1444, 48.62514], [-125.14262, 48.62646], [-125.14106, 48.62726], [-125.13944, 48.62808], [-125.13793, 48.62885], [-125.13639, 48.62963], [-125.13498, 48.63035], [-125.13355, 48.63108], [-125.13213, 48.6318], [-125.13069, 48.63253], [-125.12926, 48.63326], [-125.12788, 48.63396], [-125.12649, 48.63467], [-125.12598, 48.63555], [-125.12483, 48.63619], [-125.12376, 48.63679], [-125.1227, 48.63737], [-125.12167, 48.63795], [-125.12065, 48.63852], [-125.11963, 48.63909], [-125.1186, 48.63966], [-125.1176, 48.64022], [-125.11662, 48.64076], [-125.11566, 48.6413], [-125.11468, 48.64185], [-125.11429, 48.64271], [-125.11364, 48.64316], [-125.11298, 48.64363], [-125.11231, 48.6441], [-125.11165, 48.64456], [-125.11095, 48.64505], [-125.11023, 48.64555], [-125.1096, 48.646], [-125.10893, 48.64646], [-125.10832, 48.64689], [-125.1077, 48.64733], [-125.10709, 48.64775], [-125.10926, 48.64908], [-125.11191, 48.65027], [-125.11471, 48.65154], [-125.1173, 48.6527], [-125.11996, 48.6539], [-125.12247, 48.65504], [-125.12507, 48.65621], [-125.12782, 48.65745], [-125.13055, 48.65868], [-125.13307, 48.65982], [-125.1356, 48.66096], [-125.13839, 48.66222], [-125.1421, 48.66403], [-125.14463, 48.66526], [-125.14702, 48.66642], [-125.14937, 48.66755], [-125.15169, 48.66868], [-125.15416, 48.66988], [-125.15648, 48.671], [-125.15863, 48.67204], [-125.16098, 48.67319], [-125.16332, 48.67432], [-125.16564, 48.67544], [-125.1682, 48.67669], [-125.17178, 48.67851], [-125.17427, 48.67962], [-125.17697, 48.68083], [-125.1794, 48.68192], [-125.18188, 48.68303], [-125.18435, 48.68413], [-125.18685, 48.68525], [-125.18931, 48.68635], [-125.19166, 48.6874], [-125.194, 48.68845], [-125.19622, 48.68945], [-125.1985, 48.69046], [-125.20213, 48.69211], [-125.20467, 48.69315], [-125.20696, 48.69408], [-125.2093, 48.69504], [-125.21162, 48.69599], [-125.21395, 48.69695], [-125.21656, 48.69802], [-125.21881, 48.69894], [-125.22118, 48.69991], [-125.22364, 48.70092], [-125.22625, 48.70199], [-125.22865, 48.70298], [-125.23212, 48.70468], [-125.23444, 48.70584], [-125.23654, 48.7069], [-125.23863, 48.70796], [-125.24086, 48.70908], [-125.24312, 48.71022], [-125.24543, 48.71139], [-125.24787, 48.71262], [-125.25031, 48.71385], [-125.25268, 48.71504], [-125.25518, 48.7163], [-125.25777, 48.71761], [-125.26124, 48.71995], [-125.26349, 48.72192], [-125.26561, 48.72377], [-125.26767, 48.72557], [-125.26961, 48.72727], [-125.27151, 48.72892], [-125.27341, 48.73058], [-125.27528, 48.73222], [-125.27711, 48.73382], [-125.2787, 48.73521], [-125.28014, 48.73646], [-125.28139, 48.73755], [-125.28282, 48.73939], [-125.28318, 48.7407], [-125.28352, 48.74194], [-125.28389, 48.74329], [-125.28493, 48.74534], [-125.28519, 48.74672], [-125.2855, 48.74839], [-125.28583, 48.75021], [-125.28645, 48.75266], [-125.28678, 48.75455], [-125.28709, 48.75631], [-125.2874, 48.7581], [-125.28818, 48.76063], [-125.28825, 48.7624], [-125.28831, 48.76405], [-125.28838, 48.76571], [-125.28862, 48.76778], [-125.28812, 48.76914], [-125.28762, 48.77049], [-125.28706, 48.772], [-125.28644, 48.77373], [-125.28542, 48.77466], [-125.28438, 48.77562], [-125.28332, 48.77659], [-125.28265, 48.77815], [-125.28212, 48.77974], [-125.28159, 48.78136], [-125.28109, 48.78288], [-125.28072, 48.78495], [-125.28032, 48.7865], [-125.27991, 48.7881], [-125.27949, 48.78975], [-125.27951, 48.79229], [-125.2786, 48.79392], [-125.27765, 48.79564], [-125.27674, 48.79728], [-125.27564, 48.7994], [-125.274, 48.80042], [-125.27225, 48.8015], [-125.27042, 48.80264], [-125.26878, 48.80376], [-125.26652, 48.80344], [-125.26426, 48.80311], [-125.26192, 48.80277], [-125.26138, 48.80448], [-125.26159, 48.80683], [-125.26178, 48.80903], [-125.26198, 48.81134], [-125.26234, 48.81477], [-125.26221, 48.81696], [-125.26207, 48.81917], [-125.26194, 48.82143], [-125.26196, 48.82433], [-125.26202, 48.82658], [-125.26207, 48.82878], [-125.26212, 48.83105], [-125.2623, 48.83138], [-125.26239, 48.82936], [-125.26247, 48.82742], [-125.26256, 48.82547], [-125.26223, 48.82616], [-125.26151, 48.82831], [-125.26082, 48.83037], [-125.2601, 48.8325], [-125.25955, 48.835], [-125.25898, 48.83711], [-125.25844, 48.83911], [-125.25789, 48.84114], [-125.25724, 48.84383], [-125.2568, 48.84553], [-125.25635, 48.84725], [-125.25589, 48.849], [-125.2544, 48.85103], [-125.25276, 48.85219], [-125.25104, 48.85341], [-125.2493, 48.85463], [-125.24676, 48.85622], [-125.2446, 48.85731], [-125.2424, 48.85842], [-125.24062, 48.85931], [-125.23699, 48.86153], [-125.23502, 48.86254], [-125.23304, 48.86355], [-125.231, 48.8646], [-125.22813, 48.86614], [-125.22635, 48.86696], [-125.22404, 48.86838], [-125.22241, 48.86954]]}, "properties": {"deployment": "dfo-eva035-20250908", "glider": "eva035", "group": "svi_shelf", "segment": 3, "n_points": 450, "deployment_start": "2025-09-08", "deployment_month": "2025-09", "segment_start": "2025-09-26T00:47", "segment_end": "2025-09-29T16:55", "segment_month": "2025-09", "epoch_days": 562, "segment_epoch_days": 580}}, {"type": "Feature", "geometry": {"type": "LineString", "coordinates": [[-125.22039, 48.87261], [-125.22108, 48.87219], [-125.2209, 48.87223], [-125.22129, 48.87229], [-125.22163, 48.87245], [-125.22298, 48.87219], [-125.22438, 48.87177], [-125.22655, 48.87083], [-125.22847, 48.87007], [-125.23121, 48.86868], [-125.23312, 48.86745], [-125.23493, 48.86628], [-125.2368, 48.86507], [-125.23915, 48.86344], [-125.24105, 48.86199], [-125.2429, 48.86058], [-125.24472, 48.85919], [-125.2472, 48.85737], [-125.24904, 48.85582], [-125.25079, 48.85435], [-125.2526, 48.85283], [-125.2552, 48.85043], [-125.25612, 48.84843], [-125.25698, 48.84657], [-125.25787, 48.84463], [-125.25903, 48.84225], [-125.25956, 48.84021], [-125.26009, 48.83821], [-125.26064, 48.83609], [-125.26147, 48.83346], [-125.26153, 48.83131], [-125.26159, 48.82927], [-125.26165, 48.82717], [-125.26177, 48.82475], [-125.26168, 48.82294], [-125.2616, 48.8211], [-125.26151, 48.81924], [-125.26155, 48.81746], [-125.26145, 48.81591], [-125.26134, 48.81432], [-125.26122, 48.81267], [-125.26132, 48.81094], [-125.26135, 48.80948], [-125.26139, 48.808], [-125.26142, 48.80647], [-125.26148, 48.80492], [-125.26145, 48.80365], [-125.26142, 48.80233], [-125.2614, 48.801], [-125.26207, 48.79935], [-125.26291, 48.79796], [-125.2638, 48.79648], [-125.26474, 48.79493], [-125.26582, 48.79372], [-125.26684, 48.79233], [-125.26773, 48.79111], [-125.26863, 48.7899], [-125.26937, 48.78877], [-125.26991, 48.7876], [-125.2704, 48.78652], [-125.27091, 48.78541], [-125.27311, 48.78518], [-125.27574, 48.78526], [-125.27833, 48.78533], [-125.28091, 48.78539], [-125.28344, 48.78546], [-125.28596, 48.78553], [-125.28852, 48.7856], [-125.29105, 48.78567], [-125.29361, 48.78574], [-125.2961, 48.78581], [-125.29858, 48.78587], [-125.30108, 48.78594], [-125.30359, 48.78601], [-125.30614, 48.78608], [-125.30875, 48.78615], [-125.31136, 48.78622], [-125.31398, 48.78629], [-125.31659, 48.78636], [-125.31918, 48.78643], [-125.3217, 48.7865], [-125.32534, 48.78656], [-125.32836, 48.78624], [-125.33118, 48.78594], [-125.33399, 48.78564], [-125.33678, 48.78534], [-125.33956, 48.78504], [-125.34241, 48.78473], [-125.34529, 48.78443], [-125.34814, 48.78412], [-125.35098, 48.78382], [-125.35389, 48.78351], [-125.35682, 48.78319], [-125.3597, 48.78288], [-125.36261, 48.78257], [-125.3656, 48.78225], [-125.36856, 48.78194], [-125.3715, 48.78162], [-125.3745, 48.7813], [-125.37735, 48.781], [-125.38007, 48.78071], [-125.38334, 48.78023], [-125.38615, 48.77983], [-125.38926, 48.77939], [-125.39247, 48.77892], [-125.39558, 48.77848], [-125.39865, 48.77804], [-125.40177, 48.77759], [-125.40487, 48.77715], [-125.40791, 48.77671], [-125.41098, 48.77627], [-125.41409, 48.77583], [-125.41716, 48.77539], [-125.42027, 48.77494], [-125.42338, 48.7745], [-125.42652, 48.77405], [-125.42974, 48.77359], [-125.433, 48.77312], [-125.43622, 48.77266], [-125.43941, 48.7722], [-125.44272, 48.77173], [-125.44677, 48.77097], [-125.45023, 48.77046], [-125.45345, 48.76998], [-125.45671, 48.7695], [-125.45997, 48.76901], [-125.46324, 48.76852], [-125.46656, 48.76803], [-125.46988, 48.76754], [-125.47325, 48.76704], [-125.47665, 48.76653], [-125.4801, 48.76602], [-125.48359, 48.7655], [-125.48705, 48.76498], [-125.49046, 48.76448], [-125.49393, 48.76396], [-125.49747, 48.76343], [-125.50106, 48.7629], [-125.50473, 48.76235], [-125.50851, 48.76179], [-125.51229, 48.76123], [-125.51769, 48.75952], [-125.52111, 48.75866], [-125.52441, 48.75783], [-125.52781, 48.75697], [-125.53128, 48.7561], [-125.53478, 48.75522], [-125.5383, 48.75433], [-125.54189, 48.75343], [-125.54556, 48.75251], [-125.54925, 48.75158], [-125.55297, 48.75065], [-125.55676, 48.74969], [-125.56004, 48.74887], [-125.56295, 48.74814], [-125.56652, 48.74724], [-125.57058, 48.74622], [-125.57464, 48.7452], [-125.57865, 48.74419], [-125.58273, 48.74316], [-125.58698, 48.74209], [-125.59196, 48.74005], [-125.59457, 48.73822], [-125.5971, 48.73645], [-125.59966, 48.73465], [-125.60238, 48.73275], [-125.6052, 48.73077], [-125.60813, 48.72871], [-125.61115, 48.7266], [-125.61431, 48.72438], [-125.6176, 48.72207], [-125.62067, 48.71992], [-125.62356, 48.7179], [-125.62617, 48.71606], [-125.62853, 48.71441], [-125.63106, 48.71264], [-125.6337, 48.71079], [-125.63628, 48.70897], [-125.63882, 48.70719], [-125.64114, 48.70557], [-125.64332, 48.70404], [-125.64601, 48.70249], [-125.64906, 48.70161], [-125.6521, 48.70074], [-125.6552, 48.69984], [-125.65865, 48.69885], [-125.66228, 48.69781], [-125.66616, 48.69669], [-125.67041, 48.69547], [-125.67487, 48.69419], [-125.67944, 48.69288], [-125.68394, 48.69158], [-125.68842, 48.69029], [-125.69276, 48.68905], [-125.69689, 48.68786], [-125.70104, 48.68667], [-125.70508, 48.6855], [-125.70896, 48.68439], [-125.71278, 48.68329], [-125.71661, 48.68219], [-125.72039, 48.6811], [-125.7254, 48.67997], [-125.73014, 48.67937], [-125.7346, 48.67882], [-125.73902, 48.67826], [-125.74339, 48.67772], [-125.74772, 48.67718], [-125.75215, 48.67662], [-125.75652, 48.67608], [-125.76089, 48.67553], [-125.76531, 48.67498], [-125.76863, 48.67456], [-125.77082, 48.67429], [-125.77292, 48.67403], [-125.77495, 48.67377], [-125.77693, 48.67353], [-125.7789, 48.67328], [-125.78089, 48.67303], [-125.78283, 48.67279], [-125.78478, 48.67255], [-125.78681, 48.67229], [-125.7928, 48.67196], [-125.79477, 48.67138], [-125.79653, 48.67085], [-125.79823, 48.67035], [-125.79996, 48.66983], [-125.80176, 48.66929], [-125.80363, 48.66874], [-125.80549, 48.66818], [-125.80741, 48.66761], [-125.80932, 48.66704], [-125.81124, 48.66647], [-125.8132, 48.66589], [-125.81515, 48.66531], [-125.81708, 48.66473], [-125.81908, 48.66413], [-125.8211, 48.66353], [-125.82318, 48.66291], [-125.82531, 48.66228], [-125.82752, 48.66162], [-125.82981, 48.66094], [-125.83311, 48.66052], [-125.83493, 48.65993], [-125.83664, 48.65938], [-125.83826, 48.65885], [-125.83997, 48.6583], [-125.84164, 48.65776], [-125.84328, 48.65723], [-125.84493, 48.6567], [-125.84659, 48.65616], [-125.84827, 48.65562], [-125.85, 48.65506], [-125.85172, 48.65451], [-125.85347, 48.65394], [-125.85521, 48.65338], [-125.8569, 48.65283], [-125.85855, 48.6523], [-125.86026, 48.65175], [-125.86202, 48.65118], [-125.86383, 48.65059], [-125.86571, 48.64998], [-125.86864, 48.6494], [-125.87038, 48.64875], [-125.87212, 48.6481], [-125.87388, 48.64744], [-125.87567, 48.64677], [-125.8775, 48.64609], [-125.87933, 48.64541], [-125.88109, 48.64475], [-125.88293, 48.64407], [-125.88482, 48.64336], [-125.88674, 48.64265], [-125.88865, 48.64193], [-125.89059, 48.64121], [-125.89257, 48.64047], [-125.89455, 48.63973], [-125.89653, 48.639], [-125.89853, 48.63825], [-125.90055, 48.63749], [-125.90251, 48.63676], [-125.90443, 48.63605], [-125.90752, 48.63526], [-125.90935, 48.63455], [-125.91107, 48.6339], [-125.91282, 48.63323], [-125.9146, 48.63254], [-125.91642, 48.63184], [-125.91827, 48.63114], [-125.92012, 48.63043], [-125.922, 48.62971], [-125.92388, 48.62899], [-125.92579, 48.62825], [-125.9277, 48.62752], [-125.92958, 48.6268], [-125.93146, 48.62608], [-125.93343, 48.62533], [-125.93543, 48.62456], [-125.93742, 48.6238], [-125.93937, 48.62305], [-125.9413, 48.62231], [-125.94323, 48.62157], [-125.94567, 48.62118], [-125.94721, 48.62023], [-125.94865, 48.61933], [-125.95009, 48.61843], [-125.95153, 48.61754], [-125.95299, 48.61663], [-125.95448, 48.61571], [-125.95595, 48.61479], [-125.95745, 48.61386], [-125.95896, 48.61292], [-125.96044, 48.612], [-125.96191, 48.61109], [-125.96341, 48.61015], [-125.96496, 48.60919], [-125.96657, 48.60819], [-125.96815, 48.60721], [-125.96974, 48.60622], [-125.97131, 48.60524], [-125.97286, 48.60428], [-125.97446, 48.60328], [-125.97633, 48.60271], [-125.97752, 48.60146], [-125.97872, 48.60021], [-125.97991, 48.59896], [-125.98114, 48.59767], [-125.98236, 48.59639], [-125.98356, 48.59512], [-125.9848, 48.59383], [-125.98606, 48.59251], [-125.98729, 48.59122], [-125.98848, 48.58997], [-125.98969, 48.5887], [-125.99091, 48.58742], [-125.99211, 48.58616], [-125.99332, 48.5849], [-125.99453, 48.58363], [-125.99574, 48.58235], [-125.99696, 48.58108], [-125.99817, 48.57981], [-125.9994, 48.57852], [-126.00177, 48.57705], [-126.00406, 48.57551], [-126.00625, 48.57405], [-126.00842, 48.57259], [-126.01063, 48.5711], [-126.01286, 48.56961], [-126.01511, 48.5681], [-126.01737, 48.56658], [-126.01974, 48.56499], [-126.02214, 48.56338], [-126.02456, 48.56176], [-126.027, 48.56012], [-126.02943, 48.55849], [-126.03195, 48.5568], [-126.03459, 48.55503], [-126.03725, 48.55325], [-126.03996, 48.55143], [-126.04272, 48.54957], [-126.04549, 48.54772], [-126.04832, 48.54582], [-126.05137, 48.544], [-126.05472, 48.5418], [-126.05816, 48.53954], [-126.06165, 48.53724], [-126.06516, 48.53492], [-126.06868, 48.53261], [-126.07232, 48.53021], [-126.07606, 48.52775], [-126.07982, 48.52528], [-126.0836, 48.52279], [-126.08751, 48.52021], [-126.09154, 48.51756], [-126.09561, 48.51488], [-126.09972, 48.51218], [-126.10391, 48.50942], [-126.10814, 48.50664], [-126.11243, 48.50381], [-126.11677, 48.50096], [-126.12117, 48.49806], [-126.1257, 48.49508], [-126.13071, 48.49078], [-126.13592, 48.48779], [-126.13869, 48.48619], [-126.13939, 48.48579], [-126.14254, 48.48398], [-126.14808, 48.4808], [-126.15412, 48.47664], [-126.16009, 48.47334], [-126.16763, 48.46917], [-126.17658, 48.46422], [-126.18718, 48.45836], [-126.19875, 48.45197], [-126.21066, 48.44306], [-126.22205, 48.43331], [-126.23571, 48.42161], [-126.25133, 48.40823], [-126.26973, 48.39248], [-126.29021, 48.37494], [-126.28598, 48.35602], [-126.26221, 48.33786], [-126.2387, 48.31991], [-126.21534, 48.30206], [-126.19118, 48.2836], [-126.1667, 48.26491], [-126.14276, 48.2474], [-126.11876, 48.2319], [-126.09528, 48.21671], [-126.07225, 48.20183], [-126.04854, 48.18651], [-126.02446, 48.17095], [-125.99984, 48.16755], [-125.97482, 48.17613], [-125.95205, 48.18394], [-125.93078, 48.19124], [-125.9117, 48.19778], [-125.89443, 48.2037], [-125.87757, 48.2109], [-125.86422, 48.21791], [-125.85271, 48.22394], [-125.84238, 48.22936], [-125.83341, 48.23406], [-125.82574, 48.23809], [-125.817, 48.24163], [-125.81051, 48.24475], [-125.80514, 48.24734], [-125.80059, 48.24954], [-125.79612, 48.25169], [-125.79173, 48.25381], [-125.7869, 48.25608], [-125.78332, 48.25817], [-125.77987, 48.26019], [-125.77653, 48.26214], [-125.77329, 48.26403], [-125.77004, 48.26593], [-125.76786, 48.26724], [-125.76722, 48.26768], [-125.76562, 48.26878], [-125.76296, 48.2706], [-125.76035, 48.27239], [-125.75776, 48.27416], [-125.7548, 48.27662], [-125.75191, 48.27911], [-125.74921, 48.28143], [-125.74656, 48.28372], [-125.74389, 48.28601], [-125.74117, 48.28836], [-125.7374, 48.29195], [-125.73325, 48.29484], [-125.72921, 48.29763], [-125.72521, 48.30041], [-125.72163, 48.30289], [-125.7185, 48.30506], [-125.71495, 48.30752], [-125.71103, 48.31024], [-125.70724, 48.31287], [-125.70347, 48.31548], [-125.69969, 48.3181], [-125.69595, 48.3207], [-125.69233, 48.32321], [-125.68878, 48.32567], [-125.68516, 48.32818], [-125.68157, 48.33067], [-125.67801, 48.33314], [-125.67453, 48.33555], [-125.67102, 48.33799], [-125.66748, 48.34044], [-125.66275, 48.34271], [-125.65866, 48.34411], [-125.65446, 48.34554], [-125.65026, 48.34698], [-125.646, 48.34843], [-125.6417, 48.3499], [-125.63744, 48.35136], [-125.63319, 48.35281], [-125.62888, 48.35429], [-125.62461, 48.35575], [-125.62043, 48.35718], [-125.61637, 48.35857], [-125.6122, 48.35999], [-125.6079, 48.36146], [-125.60357, 48.36294], [-125.59922, 48.36443], [-125.5948, 48.36594], [-125.59045, 48.36743], [-125.58709, 48.36858], [-125.58454, 48.36945], [-125.58242, 48.37036], [-125.58136, 48.37084], [-125.58042, 48.37127], [-125.57949, 48.37169], [-125.57825, 48.37225], [-125.57683, 48.3729], [-125.57544, 48.37353], [-125.57401, 48.37417], [-125.57237, 48.37492], [-125.57051, 48.37576], [-125.56835, 48.37674], [-125.56594, 48.37784], [-125.56334, 48.37901], [-125.56057, 48.38027], [-125.55776, 48.38155], [-125.55493, 48.38283], [-125.55211, 48.3841], [-125.54929, 48.38539], [-125.5464, 48.38669], [-125.54348, 48.38802], [-125.53971, 48.38997], [-125.53633, 48.39147], [-125.53311, 48.3929], [-125.52988, 48.39434], [-125.52655, 48.39582], [-125.52324, 48.3973], [-125.52006, 48.39871], [-125.51691, 48.40011], [-125.51371, 48.40153], [-125.51051, 48.40295], [-125.50723, 48.40441], [-125.504, 48.40585], [-125.50094, 48.40721], [-125.49789, 48.40856], [-125.49471, 48.40998], [-125.49156, 48.41138], [-125.4883, 48.41283], [-125.48494, 48.41432], [-125.48172, 48.41575], [-125.47849, 48.41719], [-125.47462, 48.41851], [-125.47114, 48.41998], [-125.4681, 48.42126], [-125.46515, 48.42251], [-125.46188, 48.42389], [-125.45843, 48.42535], [-125.45468, 48.42693], [-125.45059, 48.42866], [-125.4466, 48.43034], [-125.44271, 48.43198], [-125.4388, 48.43363], [-125.43495, 48.43525], [-125.4311, 48.43688], [-125.42725, 48.43851], [-125.42377, 48.43998], [-125.42055, 48.44133], [-125.41691, 48.44287], [-125.413, 48.44452], [-125.40903, 48.44619], [-125.40501, 48.44789], [-125.40206, 48.44991], [-125.40042, 48.45128], [-125.39847, 48.45291], [-125.39623, 48.45478], [-125.39402, 48.45663], [-125.39184, 48.45845], [-125.38958, 48.46034], [-125.38731, 48.46223], [-125.38508, 48.4641], [-125.38285, 48.46595], [-125.38063, 48.46781], [-125.37841, 48.46966], [-125.37611, 48.47159], [-125.37382, 48.47349], [-125.3716, 48.47534], [-125.36941, 48.47718], [-125.36718, 48.47904], [-125.36495, 48.4809], [-125.3628, 48.48269], [-125.36062, 48.48452], [-125.35715, 48.48706], [-125.35362, 48.48914], [-125.35012, 48.4912], [-125.34668, 48.49323], [-125.34329, 48.49522], [-125.33988, 48.49723], [-125.33642, 48.49927], [-125.33302, 48.50127], [-125.32963, 48.50327], [-125.32629, 48.50524], [-125.32286, 48.50726], [-125.31943, 48.50928], [-125.31608, 48.51125], [-125.31276, 48.51321], [-125.30945, 48.51516], [-125.3062, 48.51708], [-125.30293, 48.519], [-125.29965, 48.52093], [-125.29653, 48.52277], [-125.29354, 48.52453], [-125.28919, 48.52656], [-125.28521, 48.52753], [-125.28126, 48.5285], [-125.27734, 48.52946], [-125.27338, 48.53042], [-125.26947, 48.53138], [-125.26568, 48.53231], [-125.26192, 48.53323], [-125.25808, 48.53416], [-125.25434, 48.53508], [-125.25062, 48.53599], [-125.24689, 48.5369], [-125.24311, 48.53782], [-125.2394, 48.53873], [-125.2358, 48.53961], [-125.23224, 48.54048], [-125.22855, 48.54138], [-125.22472, 48.54232], [-125.22058, 48.54333], [-125.21625, 48.54439], [-125.21288, 48.54617], [-125.21091, 48.54744], [-125.20896, 48.5487], [-125.20703, 48.54996], [-125.20505, 48.55124], [-125.20308, 48.55252], [-125.20112, 48.55379], [-125.19918, 48.55505], [-125.19726, 48.55629], [-125.19534, 48.55754], [-125.19346, 48.55876], [-125.19159, 48.55997], [-125.18966, 48.56122], [-125.18779, 48.56243], [-125.18595, 48.56363], [-125.18406, 48.56485], [-125.18215, 48.56609], [-125.18028, 48.5673], [-125.17842, 48.56851], [-125.17651, 48.56974], [-125.1763, 48.57228], [-125.1763, 48.57451], [-125.1763, 48.57662], [-125.17631, 48.57871], [-125.17631, 48.58079], [-125.17631, 48.58286], [-125.17631, 48.58492], [-125.17631, 48.58698], [-125.17631, 48.58895], [-125.17632, 48.59085], [-125.17632, 48.59291], [-125.17632, 48.59505], [-125.17632, 48.59725], [-125.17632, 48.59954], [-125.17632, 48.60183], [-125.17633, 48.60412], [-125.17633, 48.6064], [-125.17633, 48.60861], [-125.17633, 48.61084], [-125.17633, 48.61311], [-125.17637, 48.61619], [-125.17522, 48.61787], [-125.17411, 48.61949], [-125.17306, 48.62103], [-125.17204, 48.62252], [-125.17102, 48.624], [-125.16997, 48.62553], [-125.16893, 48.62705], [-125.16791, 48.62854], [-125.16691, 48.63001], [-125.16591, 48.63147], [-125.16489, 48.63295], [-125.16389, 48.63574], [-125.16206, 48.63664], [-125.16033, 48.63748], [-125.15862, 48.63832], [-125.15687, 48.63917], [-125.15514, 48.64002], [-125.15341, 48.64086], [-125.1517, 48.6417], [-125.15018, 48.64244], [-125.14875, 48.64314], [-125.14733, 48.64383], [-125.1459, 48.64453], [-125.1466, 48.646], [-125.14903, 48.64738], [-125.15126, 48.64865], [-125.15345, 48.64989], [-125.1558, 48.65123], [-125.15832, 48.65267], [-125.16089, 48.65413], [-125.16342, 48.65557], [-125.16592, 48.65699], [-125.16838, 48.6584], [-125.17082, 48.65979], [-125.17335, 48.66122], [-125.17633, 48.66301], [-125.17895, 48.66454], [-125.1814, 48.66597], [-125.18382, 48.66738], [-125.18627, 48.66881], [-125.18868, 48.67022], [-125.19104, 48.6716], [-125.19343, 48.67299], [-125.19581, 48.67438], [-125.1982, 48.67578], [-125.2006, 48.67718], [-125.20301, 48.67858], [-125.20607, 48.68061], [-125.20874, 48.68228], [-125.21123, 48.68384], [-125.21371, 48.6854], [-125.21623, 48.68698], [-125.21871, 48.68853], [-125.22121, 48.69009], [-125.22375, 48.69168], [-125.2263, 48.69328], [-125.22881, 48.69486], [-125.23125, 48.69638], [-125.23373, 48.69793], [-125.23723, 48.70003], [-125.24023, 48.702], [-125.2431, 48.70389], [-125.246, 48.70579], [-125.24901, 48.70778], [-125.2521, 48.70981], [-125.25538, 48.71197], [-125.25877, 48.7142], [-125.26234, 48.71655], [-125.266, 48.71896], [-125.2698, 48.72146], [-125.27353, 48.72391], [-125.27845, 48.7271], [-125.28171, 48.72954], [-125.28505, 48.73204], [-125.28841, 48.73455], [-125.29159, 48.73717], [-125.29283, 48.73883], [-125.29427, 48.74076], [-125.29595, 48.74301], [-125.29959, 48.74504], [-125.30387, 48.74603], [-125.30802, 48.74698], [-125.31223, 48.74795], [-125.31633, 48.74889], [-125.32034, 48.74981], [-125.32442, 48.75075], [-125.32839, 48.75166], [-125.33241, 48.75259], [-125.33646, 48.75352], [-125.34049, 48.75445], [-125.3445, 48.75537], [-125.34846, 48.75628], [-125.35224, 48.75714], [-125.35615, 48.75805], [-125.3602, 48.75898], [-125.36419, 48.75989], [-125.36816, 48.76081], [-125.37223, 48.76174], [-125.37652, 48.76273], [-125.38216, 48.76375], [-125.38638, 48.76397], [-125.38992, 48.76415], [-125.39311, 48.76432], [-125.39671, 48.7645], [-125.40071, 48.76471], [-125.40476, 48.76492], [-125.40876, 48.76513], [-125.41281, 48.76533], [-125.41692, 48.76555], [-125.42099, 48.76576], [-125.42506, 48.76597], [-125.42922, 48.76618], [-125.43333, 48.76639], [-125.43748, 48.76661], [-125.44173, 48.76683], [-125.44596, 48.76705], [-125.45003, 48.76726], [-125.45419, 48.76747], [-125.45866, 48.7677], [-125.46412, 48.76755], [-125.46781, 48.76641], [-125.4714, 48.76531], [-125.47497, 48.76422], [-125.47856, 48.76312], [-125.48219, 48.762], [-125.48586, 48.76088], [-125.48955, 48.75974], [-125.49333, 48.75858], [-125.49713, 48.75742], [-125.50098, 48.75624], [-125.5049, 48.75503], [-125.50892, 48.7538], [-125.51296, 48.75256], [-125.51707, 48.7513], [-125.52122, 48.75002], [-125.52547, 48.74872], [-125.52983, 48.74738], [-125.53423, 48.74603], [-125.53879, 48.74463], [-125.54437, 48.74313], [-125.54808, 48.74226], [-125.55185, 48.74137], [-125.55566, 48.74047], [-125.55957, 48.73956], [-125.56354, 48.73862], [-125.56763, 48.73766], [-125.57188, 48.73666], [-125.57643, 48.73559], [-125.58125, 48.73446], [-125.58635, 48.73326], [-125.59161, 48.73202], [-125.59686, 48.73079], [-125.60212, 48.72955], [-125.60739, 48.72831], [-125.61284, 48.72703], [-125.61804, 48.72581], [-125.62288, 48.72467], [-125.6279, 48.72349], [-125.63309, 48.72227], [-125.64074, 48.72078], [-125.6473, 48.71933], [-125.65384, 48.71789], [-125.66043, 48.71644], [-125.6667, 48.71506], [-125.67263, 48.71375], [-125.67841, 48.71248], [-125.68395, 48.71126], [-125.68928, 48.71008], [-125.69452, 48.70893], [-125.69977, 48.70777], [-125.70494, 48.70663], [-125.7101, 48.70549], [-125.71513, 48.70439], [-125.72008, 48.7033], [-125.72501, 48.70221], [-125.72987, 48.70114], [-125.73465, 48.70009], [-125.73948, 48.69902], [-125.74435, 48.69795], [-125.75104, 48.69715], [-125.75667, 48.69588], [-125.76193, 48.6947], [-125.76697, 48.69357], [-125.77184, 48.69247], [-125.77656, 48.69141], [-125.78128, 48.69035], [-125.78515, 48.68948], [-125.78836, 48.68876], [-125.79106, 48.68815], [-125.79363, 48.68758], [-125.796, 48.68704], [-125.79843, 48.6865], [-125.80084, 48.68595], [-125.80323, 48.68542], [-125.80561, 48.68488], [-125.80804, 48.68434], [-125.81042, 48.6838], [-125.81281, 48.68327], [-125.81522, 48.68272], [-125.81956, 48.68275], [-125.82221, 48.68239], [-125.82479, 48.68204], [-125.82734, 48.68169], [-125.82987, 48.68135], [-125.83248, 48.68099], [-125.83508, 48.68064], [-125.83762, 48.68029], [-125.84025, 48.67993], [-125.8429, 48.67957], [-125.84552, 48.67922], [-125.84821, 48.67885], [-125.85088, 48.67848], [-125.8535, 48.67813], [-125.8562, 48.67776], [-125.85892, 48.67739], [-125.86166, 48.67702], [-125.86438, 48.67664], [-125.86719, 48.67626], [-125.86991, 48.67589], [-125.87401, 48.67606], [-125.87667, 48.67597], [-125.8791, 48.67589], [-125.88152, 48.6758], [-125.88404, 48.67572], [-125.88661, 48.67563], [-125.88922, 48.67554], [-125.8918, 48.67545], [-125.89438, 48.67536], [-125.89708, 48.67527], [-125.89976, 48.67517], [-125.90239, 48.67508], [-125.90516, 48.67499], [-125.90782, 48.67489], [-125.91041, 48.67481], [-125.91307, 48.67471], [-125.91612, 48.67461], [-125.91888, 48.67451], [-125.92167, 48.67442], [-125.92453, 48.67432], [-125.92768, 48.67462], [-125.92963, 48.67445], [-125.93159, 48.67429], [-125.9335, 48.67412], [-125.93541, 48.67396], [-125.93736, 48.67379], [-125.93941, 48.67362], [-125.94142, 48.67344], [-125.94342, 48.67327], [-125.94545, 48.6731], [-125.94751, 48.67292], [-125.94954, 48.67275], [-125.95165, 48.67257], [-125.95374, 48.67239], [-125.9558, 48.67221], [-125.95788, 48.67204], [-125.96004, 48.67185], [-125.96234, 48.67165], [-125.96467, 48.67145], [-125.96697, 48.67126], [-125.96929, 48.67085], [-125.97037, 48.67024], [-125.9714, 48.66967], [-125.97242, 48.66909], [-125.97345, 48.66852], [-125.97449, 48.66793], [-125.97553, 48.66735], [-125.97656, 48.66678], [-125.9773, 48.66636], [-125.97776, 48.6661], [-125.97853, 48.66568], [-125.97957, 48.66509], [-125.98061, 48.66451], [-125.98165, 48.66393], [-125.98269, 48.66334], [-125.98375, 48.66275], [-125.98483, 48.66215], [-125.98587, 48.66156], [-125.98694, 48.66097], [-125.98804, 48.66035], [-125.98915, 48.65918], [-125.98918, 48.65773], [-125.98921, 48.65637], [-125.98924, 48.65501], [-125.98927, 48.65364], [-125.9893, 48.65228], [-125.98933, 48.65088], [-125.98937, 48.64948], [-125.9894, 48.6481], [-125.98943, 48.64674], [-125.98946, 48.64534], [-125.98949, 48.64396], [-125.98952, 48.64258], [-125.98955, 48.6412], [-125.98958, 48.6398], [-125.98961, 48.6384], [-125.98964, 48.63704], [-125.98967, 48.63568], [-125.9897, 48.63431], [-125.98973, 48.63298], [-125.99002, 48.63082], [-125.99022, 48.6288], [-125.99041, 48.62679], [-125.99061, 48.62476], [-125.9908, 48.62272], [-125.991, 48.62069], [-125.9912, 48.61861], [-125.9914, 48.61653], [-125.9916, 48.61445], [-125.99181, 48.61236], [-125.99201, 48.61027], [-125.99221, 48.60822], [-125.99241, 48.60615], [-125.99261, 48.60404], [-125.99282, 48.60191], [-125.99302, 48.5998], [-125.99323, 48.59765], [-125.99344, 48.59547], [-125.99365, 48.59328], [-125.99385, 48.59119], [-125.99605, 48.58875], [-125.999, 48.58711], [-126.0019, 48.58551], [-126.0048, 48.58391], [-126.00782, 48.58224], [-126.01085, 48.58056], [-126.01385, 48.57891], [-126.01678, 48.57729], [-126.01982, 48.57561], [-126.02297, 48.57387], [-126.0262, 48.57208], [-126.02948, 48.57027], [-126.03283, 48.56841], [-126.03625, 48.56652], [-126.03987, 48.56452], [-126.04356, 48.56248], [-126.04736, 48.56039], [-126.05122, 48.55825], [-126.05497, 48.55618], [-126.05885, 48.55403], [-126.06261, 48.55093], [-126.06699, 48.54829], [-126.07128, 48.5457], [-126.07566, 48.54306], [-126.08016, 48.54035], [-126.08475, 48.53758], [-126.08948, 48.53472], [-126.09427, 48.53183], [-126.09921, 48.52886], [-126.10428, 48.52579], [-126.1095, 48.52265], [-126.11476, 48.51947], [-126.12003, 48.5163], [-126.12536, 48.51308], [-126.13081, 48.50979], [-126.13628, 48.50649], [-126.14189, 48.50311], [-126.14764, 48.49964], [-126.15333, 48.49621], [-126.15905, 48.49275], [-126.16657, 48.48783], [-126.17335, 48.48401], [-126.18172, 48.4793], [-126.19173, 48.47366], [-126.20414, 48.46666], [-126.21858, 48.45852], [-126.23451, 48.44766], [-126.24789, 48.4378], [-126.26263, 48.42694], [-126.27889, 48.41496], [-126.29772, 48.40108], [-126.31839, 48.38585], [-126.31767, 48.37078], [-126.29695, 48.35611], [-126.27654, 48.34166], [-126.2562, 48.32726], [-126.23549, 48.31259], [-126.21472, 48.29788], [-126.19525, 48.28259], [-126.17758, 48.26786], [-126.15992, 48.25313], [-126.14229, 48.23843], [-126.12448, 48.22358], [-126.10652, 48.2086], [-126.08758, 48.19579], [-126.07148, 48.18758], [-126.0545, 48.17893], [-126.03699, 48.17], [-126.01945, 48.17306], [-125.99867, 48.18599], [-125.97931, 48.19803], [-125.96096, 48.20945], [-125.94389, 48.22006], [-125.92773, 48.23012], [-125.91203, 48.23845], [-125.89838, 48.24493], [-125.88598, 48.25082], [-125.87474, 48.25615], [-125.86464, 48.26094], [-125.85533, 48.26536], [-125.84715, 48.26964], [-125.83892, 48.27319], [-125.83197, 48.27619], [-125.826, 48.27877], [-125.82051, 48.28113], [-125.81546, 48.28332], [-125.81282, 48.28652], [-125.8092, 48.28815], [-125.80578, 48.28969], [-125.80237, 48.29122], [-125.80041, 48.29211], [-125.79984, 48.29236], [-125.79746, 48.29409], [-125.79349, 48.2958], [-125.78969, 48.29743], [-125.7859, 48.29906], [-125.7821, 48.30069], [-125.77819, 48.30237], [-125.77427, 48.30395], [-125.77119, 48.30475], [-125.76771, 48.30564], [-125.76367, 48.30669], [-125.75952, 48.30776], [-125.75544, 48.30881], [-125.75003, 48.31095], [-125.74503, 48.3131], [-125.74013, 48.3152], [-125.73533, 48.31726], [-125.73057, 48.3193], [-125.7259, 48.3213], [-125.72131, 48.32327], [-125.71678, 48.32521], [-125.71229, 48.32713], [-125.70782, 48.32905], [-125.70334, 48.33097], [-125.69898, 48.33284], [-125.69461, 48.33472], [-125.69019, 48.33661], [-125.68576, 48.33851], [-125.68134, 48.34041], [-125.67691, 48.34231], [-125.67249, 48.3442], [-125.66801, 48.34612], [-125.66343, 48.34809], [-125.65717, 48.34977], [-125.65188, 48.35093], [-125.64677, 48.35204], [-125.64166, 48.35315], [-125.6366, 48.35426], [-125.63159, 48.35535], [-125.62663, 48.35643], [-125.62168, 48.35751], [-125.61662, 48.35861], [-125.61158, 48.35971], [-125.60659, 48.3608], [-125.60158, 48.36189], [-125.59643, 48.36301], [-125.59129, 48.36413], [-125.58618, 48.36524], [-125.5811, 48.36635], [-125.57599, 48.36746], [-125.57088, 48.36858], [-125.56573, 48.3697], [-125.56053, 48.37083], [-125.55475, 48.37182], [-125.55044, 48.37301], [-125.5464, 48.37412], [-125.54237, 48.37523], [-125.5384, 48.37632], [-125.53459, 48.37737], [-125.53073, 48.37844], [-125.52677, 48.37953], [-125.52272, 48.38064], [-125.51864, 48.38177], [-125.51461, 48.38288], [-125.51061, 48.38398], [-125.50661, 48.38508], [-125.5027, 48.38616], [-125.49876, 48.38725], [-125.49486, 48.38832], [-125.49109, 48.38936], [-125.48741, 48.39037], [-125.48361, 48.39142], [-125.47978, 48.39248], [-125.47504, 48.3937], [-125.47184, 48.3953], [-125.469, 48.39673], [-125.46629, 48.39809], [-125.46363, 48.39942], [-125.46106, 48.40071], [-125.45822, 48.40214], [-125.45516, 48.40367], [-125.45223, 48.40514], [-125.4495, 48.40651], [-125.44664, 48.40795], [-125.44365, 48.40945], [-125.4407, 48.41093], [-125.43775, 48.41241], [-125.43505, 48.41377], [-125.43266, 48.41497], [-125.42998, 48.41631], [-125.42701, 48.4178], [-125.42369, 48.41947], [-125.42, 48.42132], [-125.417, 48.42387], [-125.41527, 48.42626], [-125.41353, 48.42866], [-125.41182, 48.43102], [-125.41008, 48.43343], [-125.40833, 48.43584], [-125.40656, 48.43828], [-125.4048, 48.44071], [-125.40382, 48.44207], [-125.40355, 48.44244], [-125.40251, 48.44387], [-125.40074, 48.44633], [-125.39897, 48.44876], [-125.39723, 48.45116], [-125.39547, 48.4536], [-125.39371, 48.45603], [-125.39199, 48.45841], [-125.39027, 48.46077], [-125.38852, 48.46319], [-125.38672, 48.46568], [-125.38472, 48.46879], [-125.38244, 48.47086], [-125.38013, 48.47296], [-125.37784, 48.47505], [-125.3756, 48.47708], [-125.37337, 48.4791], [-125.37113, 48.48115], [-125.36887, 48.4832], [-125.36659, 48.48527], [-125.36433, 48.48732], [-125.3622, 48.48926], [-125.36013, 48.49115], [-125.35798, 48.4931], [-125.35583, 48.49506], [-125.35367, 48.49702], [-125.35153, 48.49896], [-125.34941, 48.50089], [-125.34731, 48.5028], [-125.3452, 48.50471], [-125.34307, 48.50666], [-125.3403, 48.50955], [-125.33646, 48.51161], [-125.33293, 48.5135], [-125.32945, 48.51536], [-125.32594, 48.51724], [-125.32242, 48.51913], [-125.31889, 48.52102], [-125.31542, 48.52288], [-125.31299, 48.52418], [-125.31158, 48.52494], [-125.30926, 48.52618], [-125.30609, 48.52788], [-125.30306, 48.5295], [-125.30012, 48.53108], [-125.29713, 48.53268], [-125.29417, 48.53427], [-125.29136, 48.53577], [-125.28853, 48.53729], [-125.28569, 48.53881], [-125.28282, 48.54035], [-125.27957, 48.5426], [-125.27612, 48.54406], [-125.27286, 48.54543], [-125.26962, 48.5468], [-125.26631, 48.5482], [-125.26299, 48.5496], [-125.25963, 48.55101], [-125.25633, 48.5524], [-125.25313, 48.55375], [-125.24996, 48.55509], [-125.24673, 48.55645], [-125.24354, 48.5578], [-125.24051, 48.55907], [-125.23749, 48.56035], [-125.23402, 48.56181], [-125.23024, 48.5634], [-125.22676, 48.56487], [-125.22361, 48.5662], [-125.22056, 48.56749], [-125.21757, 48.56875], [-125.21562, 48.57095], [-125.21404, 48.57274], [-125.21256, 48.57444], [-125.21105, 48.57615], [-125.20954, 48.57787], [-125.20802, 48.57961], [-125.20651, 48.58133], [-125.20501, 48.58303], [-125.20349, 48.58477], [-125.20193, 48.58655], [-125.20031, 48.58838], [-125.19872, 48.5902], [-125.19711, 48.59204], [-125.19546, 48.59392], [-125.19372, 48.5959], [-125.192, 48.59786], [-125.19048, 48.59959], [-125.18902, 48.60125], [-125.18749, 48.603], [-125.18593, 48.60478], [-125.18579, 48.60818], [-125.18513, 48.61057], [-125.18451, 48.6128], [-125.18394, 48.61486], [-125.18338, 48.61687], [-125.18282, 48.6189], [-125.18219, 48.62116], [-125.18162, 48.62321], [-125.18106, 48.62524], [-125.1805, 48.62724], [-125.17996, 48.62921], [-125.1794, 48.63121], [-125.17953, 48.63389], [-125.17889, 48.63542], [-125.17825, 48.63693], [-125.17766, 48.63831], [-125.17708, 48.63969], [-125.17649, 48.64107], [-125.17593, 48.64239], [-125.17536, 48.64374], [-125.17478, 48.64511], [-125.17423, 48.6464], [-125.17368, 48.64771], [-125.1731, 48.64907], [-125.17322, 48.65112], [-125.17295, 48.65194], [-125.1727, 48.65273], [-125.17245, 48.65349], [-125.17221, 48.65423], [-125.17197, 48.65498], [-125.17172, 48.65574], [-125.17148, 48.65651], [-125.17123, 48.65729], [-125.17101, 48.65796], [-125.17079, 48.65864], [-125.17056, 48.65935], [-125.17103, 48.66108], [-125.17122, 48.6619], [-125.17139, 48.66265], [-125.17156, 48.66337], [-125.17173, 48.66409], [-125.17191, 48.66484], [-125.17208, 48.66556], [-125.17224, 48.66627], [-125.17241, 48.66697], [-125.17257, 48.66767], [-125.17274, 48.66839], [-125.17291, 48.66912], [-125.17385, 48.67058], [-125.1739, 48.67143], [-125.17395, 48.67224], [-125.174, 48.67302], [-125.17405, 48.67381], [-125.1741, 48.67462], [-125.17415, 48.67546], [-125.1742, 48.67627], [-125.17425, 48.67707], [-125.1743, 48.67789], [-125.17435, 48.6787], [-125.1744, 48.67953], [-125.17479, 48.681], [-125.1745, 48.68163], [-125.17423, 48.68221], [-125.17398, 48.68275], [-125.17372, 48.6833], [-125.17347, 48.68384], [-125.17322, 48.68439], [-125.17297, 48.68492], [-125.17273, 48.68544], [-125.1725, 48.68594], [-125.17227, 48.68643], [-125.17205, 48.68692], [-125.17403, 48.68869], [-125.17667, 48.69032], [-125.17915, 48.69185], [-125.18149, 48.6933], [-125.18363, 48.69463], [-125.18547, 48.69577], [-125.18683, 48.69661], [-125.188, 48.69734], [-125.18986, 48.69849], [-125.19221, 48.69994], [-125.1941, 48.70111], [-125.19594, 48.70225], [-125.19808, 48.70376], [-125.1997, 48.70463], [-125.20116, 48.70541], [-125.20335, 48.70659], [-125.20453, 48.70723], [-125.22045, 48.7155], [-125.2232, 48.71689], [-125.22606, 48.71834], [-125.22829, 48.71947], [-125.23065, 48.72066], [-125.2331, 48.7219], [-125.23596, 48.72335], [-125.23849, 48.72463], [-125.24104, 48.72592], [-125.24349, 48.72716], [-125.24551, 48.72818], [-125.24761, 48.72925], [-125.25211, 48.73243], [-125.25364, 48.73407], [-125.25502, 48.73557], [-125.25604, 48.73667], [-125.25713, 48.73785], [-125.25819, 48.73898], [-125.25924, 48.74012], [-125.26029, 48.74125], [-125.26132, 48.74236], [-125.26231, 48.74343], [-125.26352, 48.74473], [-125.26462, 48.74593], [-125.2669, 48.74769], [-125.26854, 48.74846], [-125.27024, 48.74926], [-125.27157, 48.74989], [-125.27405, 48.75135], [-125.27542, 48.75218], [-125.27675, 48.75298], [-125.27819, 48.75385], [-125.27961, 48.75602], [-125.27994, 48.75773], [-125.28027, 48.7594], [-125.28065, 48.7613], [-125.28097, 48.76437], [-125.2813, 48.7663], [-125.28157, 48.76788], [-125.28182, 48.76935], [-125.28236, 48.77192], [-125.28257, 48.77369], [-125.28275, 48.77533], [-125.2829, 48.77666], [-125.28292, 48.77868], [-125.28286, 48.78015], [-125.28281, 48.78168], [-125.28275, 48.78313], [-125.28216, 48.78504], [-125.28148, 48.78629], [-125.28084, 48.78746], [-125.28016, 48.7887], [-125.27929, 48.79007], [-125.27866, 48.791], [-125.27802, 48.79194], [-125.27741, 48.79284], [-125.27447, 48.79445], [-125.27314, 48.79534], [-125.27172, 48.79629], [-125.27024, 48.79729], [-125.26762, 48.79806], [-125.26504, 48.79817], [-125.26282, 48.79827], [-125.26064, 48.79836], [-125.25912, 48.7989], [-125.25895, 48.79962], [-125.25879, 48.80029], [-125.25862, 48.80103], [-125.25835, 48.80195], [-125.2586, 48.80242], [-125.25896, 48.80311], [-125.25936, 48.80386], [-125.25929, 48.80487], [-125.25952, 48.80572], [-125.25976, 48.80659], [-125.26003, 48.80758], [-125.26007, 48.80869], [-125.26033, 48.8096], [-125.2606, 48.81056], [-125.26087, 48.81148], [-125.26099, 48.81248], [-125.26109, 48.81345], [-125.26119, 48.81438], [-125.26129, 48.81535], [-125.26111, 48.81644], [-125.26095, 48.81755], [-125.26079, 48.8186], [-125.26063, 48.81971], [-125.26081, 48.82037], [-125.26103, 48.82128], [-125.26126, 48.82221], [-125.2615, 48.82316], [-125.26222, 48.82379], [-125.26153, 48.82456], [-125.26087, 48.8253], [-125.26018, 48.82607], [-125.2596, 48.82703], [-125.25902, 48.82784], [-125.25851, 48.82855], [-125.25803, 48.82922], [-125.25765, 48.83004], [-125.25738, 48.8313], [-125.25715, 48.83237], [-125.25695, 48.83333], [-125.25719, 48.83379], [-125.25711, 48.83488], [-125.25702, 48.83593], [-125.25694, 48.83699], [-125.25687, 48.83764], [-125.25676, 48.83877], [-125.25664, 48.83986], [-125.25654, 48.84087], [-125.25629, 48.84186], [-125.25598, 48.84298], [-125.25569, 48.844], [-125.25542, 48.845], [-125.25448, 48.84573], [-125.25318, 48.84657], [-125.25195, 48.84737], [-125.25084, 48.8481], [-125.24917, 48.84873], [-125.24768, 48.84949], [-125.24633, 48.85019], [-125.24499, 48.85087], [-125.24312, 48.85163], [-125.24164, 48.85247], [-125.24031, 48.85322], [-125.23905, 48.85393], [-125.23732, 48.85436], [-125.23594, 48.8553], [-125.23463, 48.85619], [-125.23323, 48.85714], [-125.23153, 48.85805], [-125.2304, 48.85915], [-125.22936, 48.86015], [-125.22827, 48.8612], [-125.22689, 48.86231], [-125.22576, 48.86344], [-125.22471, 48.86448], [-125.22362, 48.86557], [-125.22364, 48.86655], [-125.22239, 48.86753], [-125.22123, 48.86843], [-125.22009, 48.86933], [-125.21907, 48.87038], [-125.21805, 48.87137], [-125.21712, 48.87228], [-125.2162, 48.87318], [-125.21544, 48.87373], [-125.21355, 48.87435], [-125.21185, 48.87491], [-125.21016, 48.87547], [-125.20837, 48.87604], [-125.20669, 48.87662], [-125.2051, 48.87717], [-125.20355, 48.8777], [-125.20144, 48.87817], [-125.19958, 48.87891], [-125.19791, 48.87958], [-125.19626, 48.88023], [-125.19424, 48.8809], [-125.19252, 48.88163], [-125.19095, 48.88229], [-125.18937, 48.88295], [-125.1875, 48.88378], [-125.18602, 48.88467], [-125.18468, 48.88547], [-125.18334, 48.88627], [-125.18143, 48.88641], [-125.18271, 48.88639], [-125.18393, 48.88638], [-125.18517, 48.88636], [-125.18668, 48.88615], [-125.18802, 48.88605], [-125.18931, 48.88595], [-125.1906, 48.88586], [-125.19223, 48.88544], [-125.1936, 48.88515], [-125.19489, 48.88488], [-125.19612, 48.88463], [-125.19776, 48.88391], [-125.19917, 48.88332], [-125.20045, 48.88278], [-125.2017, 48.88225], [-125.20202, 48.88182], [-125.20023, 48.88243], [-125.19858, 48.88299], [-125.19692, 48.88356], [-125.19497, 48.88396], [-125.19322, 48.88442], [-125.1916, 48.88485], [-125.18999, 48.88527], [-125.18777, 48.88614], [-125.18607, 48.88666], [-125.18447, 48.88716], [-125.18287, 48.88765], [-125.18233, 48.88778], [-125.18384, 48.88747], [-125.18525, 48.88719], [-125.18666, 48.8869], [-125.18884, 48.88603], [-125.19021, 48.88575], [-125.1915, 48.88549], [-125.19278, 48.88523], [-125.19466, 48.88466], [-125.19615, 48.88435], [-125.19748, 48.88407], [-125.19883, 48.88378], [-125.2008, 48.88304], [-125.20226, 48.88274], [-125.20359, 48.88246], [-125.2049, 48.88218], [-125.20515, 48.88202], [-125.20335, 48.88248], [-125.20166, 48.88291], [-125.19999, 48.88334], [-125.19799, 48.88371], [-125.19619, 48.8841], [-125.19456, 48.88445], [-125.19294, 48.8848], [-125.1909, 48.88525], [-125.18911, 48.88564], [-125.18747, 48.88599], [-125.18588, 48.88633], [-125.18553, 48.88636], [-125.18703, 48.88602], [-125.1884, 48.88571], [-125.18979, 48.88539], [-125.1919, 48.88483], [-125.19328, 48.88439], [-125.19458, 48.88397], [-125.19589, 48.88356], [-125.1979, 48.88325], [-125.19918, 48.88276], [-125.20042, 48.88229], [-125.20165, 48.88182], [-125.20207, 48.88194], [-125.20043, 48.88263], [-125.19888, 48.88329], [-125.19736, 48.88393], [-125.19436, 48.88397], [-125.19261, 48.88458], [-125.19099, 48.88514], [-125.18938, 48.88569], [-125.18747, 48.88636], [-125.18553, 48.88687], [-125.18374, 48.88735], [-125.18194, 48.88782], [-125.18204, 48.8881], [-125.18338, 48.88768], [-125.18459, 48.8873], [-125.18579, 48.88691], [-125.1876, 48.88637], [-125.18885, 48.88603], [-125.19006, 48.8857], [-125.19126, 48.88537], [-125.19305, 48.88498], [-125.1944, 48.88483], [-125.19561, 48.88469], [-125.19683, 48.88456], [-125.19835, 48.88417], [-125.19969, 48.88371], [-125.20093, 48.88328], [-125.20216, 48.88285], [-125.2022, 48.8828], [-125.20052, 48.88361], [-125.19894, 48.88436], [-125.19738, 48.8851], [-125.19526, 48.88604], [-125.19365, 48.88674], [-125.19218, 48.88738], [-125.19069, 48.88802], [-125.18883, 48.8889], [-125.18684, 48.88925], [-125.18501, 48.88958], [-125.18321, 48.88991], [-125.18268, 48.88996], [-125.18386, 48.88948], [-125.18498, 48.88901], [-125.1861, 48.88856], [-125.18792, 48.88819], [-125.18924, 48.88775], [-125.19046, 48.88735], [-125.19166, 48.88695], [-125.19338, 48.88651], [-125.19461, 48.8861], [-125.19568, 48.88573], [-125.19674, 48.88537], [-125.19835, 48.88493], [-125.1995, 48.88446], [-125.20056, 48.88403], [-125.20159, 48.88361], [-125.20174, 48.88357], [-125.19994, 48.88404], [-125.19826, 48.88449], [-125.19661, 48.88493], [-125.19472, 48.88569], [-125.19288, 48.88623], [-125.19124, 48.88671], [-125.18961, 48.88719], [-125.18781, 48.88791], [-125.18599, 48.88826]]}, "properties": {"deployment": "dfo-eva035-20251016", "glider": "eva035", "group": "svi_shelf", "segment": 0, "n_points": 1642, "deployment_start": "2025-10-16", "deployment_month": "2025-10", "segment_start": "2025-10-16T18:27", "segment_end": "2025-10-30T15:58", "segment_month": "2025-10", "epoch_days": 600, "segment_epoch_days": 600}}, {"type": "Feature", "geometry": {"type": "LineString", "coordinates": [[-125.21835, 48.87531], [-125.21866, 48.87503], [-125.22144, 48.87525], [-125.22211, 48.87478], [-125.22444, 48.87437], [-125.22598, 48.87354], [-125.229, 48.87283], [-125.23095, 48.87178], [-125.23451, 48.87114], [-125.2365, 48.87003], [-125.23842, 48.86896], [-125.24036, 48.86787], [-125.24317, 48.86669], [-125.24473, 48.86544], [-125.24625, 48.86423], [-125.24782, 48.86298], [-125.24993, 48.86173], [-125.25085, 48.86047], [-125.25172, 48.85927], [-125.25259, 48.85808], [-125.2538, 48.85669], [-125.25452, 48.85538], [-125.25524, 48.85407], [-125.25596, 48.85277], [-125.25705, 48.85123], [-125.25775, 48.8499], [-125.25825, 48.84894], [-125.25859, 48.8483], [-125.259, 48.84711], [-125.25918, 48.84591], [-125.25937, 48.84471], [-125.25957, 48.84347], [-125.25966, 48.84193], [-125.26016, 48.84085], [-125.26063, 48.83983], [-125.26114, 48.83873], [-125.26125, 48.83732], [-125.26148, 48.83618], [-125.26169, 48.83511], [-125.26191, 48.83401], [-125.26203, 48.83258], [-125.26199, 48.83137], [-125.26195, 48.83018], [-125.26192, 48.82902], [-125.26203, 48.82772], [-125.26232, 48.82677], [-125.2625, 48.82619], [-125.26262, 48.8258], [-125.26298, 48.82483], [-125.26314, 48.82375], [-125.26329, 48.82274], [-125.26344, 48.82174], [-125.26337, 48.82096], [-125.26328, 48.81987], [-125.26319, 48.81885], [-125.26311, 48.81781], [-125.26278, 48.81685], [-125.2624, 48.81566], [-125.26204, 48.81454], [-125.26167, 48.81339], [-125.26163, 48.81217], [-125.2613, 48.81081], [-125.26098, 48.80952], [-125.26066, 48.80818], [-125.26109, 48.80664], [-125.26118, 48.80511], [-125.26127, 48.80367], [-125.26136, 48.80222], [-125.26298, 48.79991], [-125.26427, 48.79764], [-125.26543, 48.79561], [-125.26656, 48.79363], [-125.26821, 48.79149], [-125.26905, 48.78968], [-125.26983, 48.78799], [-125.27061, 48.78632], [-125.27243, 48.7853], [-125.27504, 48.78473], [-125.27742, 48.78422], [-125.27971, 48.78372], [-125.28204, 48.78322], [-125.28434, 48.78272], [-125.28661, 48.78223], [-125.28889, 48.78174], [-125.29116, 48.78125], [-125.29341, 48.78076], [-125.29564, 48.78028], [-125.29786, 48.7798], [-125.3001, 48.77932], [-125.30232, 48.77884], [-125.30458, 48.77835], [-125.30683, 48.77786], [-125.30909, 48.77737], [-125.31129, 48.7769], [-125.3135, 48.77642], [-125.31573, 48.77594], [-125.31942, 48.77415], [-125.3219, 48.77347], [-125.32423, 48.77284], [-125.32656, 48.7722], [-125.32893, 48.77156], [-125.33128, 48.77092], [-125.33361, 48.77028], [-125.33596, 48.76964], [-125.33835, 48.76899], [-125.34075, 48.76833], [-125.34317, 48.76767], [-125.34555, 48.76703], [-125.34793, 48.76638], [-125.35036, 48.76572], [-125.35278, 48.76505], [-125.35521, 48.76439], [-125.35769, 48.76372], [-125.36016, 48.76304], [-125.36191, 48.76257], [-125.36298, 48.76227], [-125.36631, 48.76159], [-125.36958, 48.76132], [-125.37267, 48.76108], [-125.37576, 48.76083], [-125.37886, 48.76058], [-125.38192, 48.76034], [-125.38499, 48.76009], [-125.38811, 48.75984], [-125.39125, 48.75959], [-125.3944, 48.75934], [-125.39756, 48.75909], [-125.40071, 48.75883], [-125.40386, 48.75858], [-125.40701, 48.75833], [-125.4102, 48.75808], [-125.41338, 48.75782], [-125.41666, 48.75756], [-125.42002, 48.75729], [-125.42341, 48.75702], [-125.42674, 48.75675], [-125.43518, 48.75756], [-125.4391, 48.75758], [-125.44279, 48.75759], [-125.44652, 48.75761], [-125.45031, 48.75763], [-125.45416, 48.75765], [-125.45806, 48.75767], [-125.46194, 48.75768], [-125.4659, 48.7577], [-125.46985, 48.75772], [-125.47384, 48.75774], [-125.47789, 48.75776], [-125.48195, 48.75778], [-125.48609, 48.7578], [-125.49031, 48.75782], [-125.49462, 48.75784], [-125.49904, 48.75786], [-125.50348, 48.75788], [-125.50796, 48.7579], [-125.51234, 48.75792], [-125.51914, 48.75792], [-125.52369, 48.75707], [-125.52817, 48.75622], [-125.53269, 48.75537], [-125.53697, 48.75457], [-125.54109, 48.75379], [-125.54556, 48.75295], [-125.55031, 48.75205], [-125.55518, 48.75114], [-125.56008, 48.75021], [-125.56499, 48.74929], [-125.56999, 48.74835], [-125.57506, 48.74739], [-125.58015, 48.74643], [-125.58535, 48.74545], [-125.59056, 48.74447], [-125.59585, 48.74348], [-125.60122, 48.74246], [-125.60666, 48.74144], [-125.61201, 48.74043], [-125.62172, 48.7395], [-125.62799, 48.73873], [-125.63446, 48.73793], [-125.64084, 48.73715], [-125.64727, 48.73635], [-125.65373, 48.73556], [-125.66016, 48.73477], [-125.66658, 48.73398], [-125.67283, 48.73321], [-125.67907, 48.73244], [-125.68558, 48.73164], [-125.69214, 48.73083], [-125.69878, 48.73002], [-125.7056, 48.72918], [-125.71338, 48.72822], [-125.72188, 48.72718], [-125.73035, 48.72613], [-125.73877, 48.7251], [-125.74374, 48.72448], [-125.74579, 48.72423], [-125.75236, 48.7247], [-125.75766, 48.72415], [-125.763, 48.72359], [-125.76839, 48.72303], [-125.77187, 48.72267], [-125.77359, 48.7225], [-125.77552, 48.72229], [-125.7777, 48.72207], [-125.78118, 48.72171], [-125.78582, 48.72122], [-125.79045, 48.72074], [-125.79492, 48.72028], [-125.7992, 48.71984], [-125.80335, 48.7194], [-125.80747, 48.71898], [-125.81148, 48.71856], [-125.8149, 48.71821], [-125.81773, 48.71791], [-125.82052, 48.71762], [-125.82321, 48.71734], [-125.82724, 48.71864], [-125.82726, 48.71844], [-125.82729, 48.71824], [-125.82732, 48.71804], [-125.82735, 48.71784], [-125.82738, 48.71764], [-125.8274, 48.71745], [-125.82743, 48.71728], [-125.82745, 48.7171], [-125.82748, 48.7169], [-125.82751, 48.71671], [-125.82753, 48.71653], [-125.82756, 48.71635], [-125.82759, 48.71617], [-125.82761, 48.71599], [-125.82764, 48.71581], [-125.82766, 48.71564], [-125.82769, 48.71546], [-125.82771, 48.71529], [-125.82774, 48.71512], [-125.82838, 48.71544], [-125.82792, 48.71506], [-125.82749, 48.71471], [-125.82707, 48.71436], [-125.82665, 48.71402], [-125.82622, 48.71367], [-125.82581, 48.71333], [-125.8254, 48.71299], [-125.82499, 48.71265], [-125.82458, 48.71231], [-125.82418, 48.71199], [-125.82377, 48.71165], [-125.82335, 48.7113], [-125.82295, 48.71097], [-125.82254, 48.71064], [-125.82216, 48.71032], [-125.82174, 48.70998], [-125.82132, 48.70963], [-125.82093, 48.70931], [-125.82057, 48.70901], [-125.82092, 48.70908], [-125.82067, 48.70865], [-125.82045, 48.70828], [-125.82021, 48.70788], [-125.81997, 48.70747], [-125.81974, 48.70709], [-125.81951, 48.70669], [-125.81927, 48.70628], [-125.81905, 48.70591], [-125.81884, 48.70556], [-125.81863, 48.70519], [-125.8184, 48.70482], [-125.81816, 48.70441], [-125.81792, 48.70399], [-125.81769, 48.7036], [-125.81746, 48.70322], [-125.81725, 48.70285], [-125.81703, 48.70248], [-125.8168, 48.70209], [-125.81657, 48.70171], [-125.8183, 48.7017], [-125.82051, 48.70143], [-125.8225, 48.70119], [-125.82455, 48.70094], [-125.82664, 48.70069], [-125.82864, 48.70045], [-125.8306, 48.70021], [-125.83257, 48.69997], [-125.83457, 48.69973], [-125.83657, 48.69948], [-125.83858, 48.69924], [-125.84053, 48.699], [-125.84246, 48.69877], [-125.84438, 48.69853], [-125.84633, 48.6983], [-125.84838, 48.69805], [-125.85047, 48.69779], [-125.85253, 48.69754], [-125.85454, 48.6973], [-125.85651, 48.69706], [-125.86027, 48.6972], [-125.86234, 48.69669], [-125.86434, 48.69619], [-125.86636, 48.69568], [-125.86839, 48.69518], [-125.87043, 48.69466], [-125.87259, 48.69413], [-125.8748, 48.69357], [-125.87698, 48.69303], [-125.87916, 48.69248], [-125.88138, 48.69193], [-125.88353, 48.69139], [-125.88574, 48.69084], [-125.88794, 48.69029], [-125.89013, 48.68974], [-125.89233, 48.68919], [-125.89457, 48.68863], [-125.89681, 48.68808], [-125.89901, 48.68752], [-125.90114, 48.68699], [-125.90465, 48.68692], [-125.90702, 48.686], [-125.90931, 48.68511], [-125.91153, 48.68425], [-125.91371, 48.6834], [-125.91586, 48.68256], [-125.91812, 48.68169], [-125.92041, 48.68079], [-125.92267, 48.67992], [-125.92492, 48.67904], [-125.92725, 48.67814], [-125.92965, 48.6772], [-125.93214, 48.67624], [-125.93459, 48.67529], [-125.937, 48.67435], [-125.9394, 48.67342], [-125.94183, 48.67247], [-125.94441, 48.67147], [-125.94717, 48.6704], [-125.94987, 48.66935], [-125.95396, 48.66785], [-125.9565, 48.66673], [-125.95907, 48.6656], [-125.96162, 48.66447], [-125.96426, 48.6633], [-125.96689, 48.66214], [-125.9696, 48.66095], [-125.9723, 48.65976], [-125.97501, 48.65856], [-125.97773, 48.65736], [-125.98042, 48.65617], [-125.98307, 48.655], [-125.98575, 48.65382], [-125.98852, 48.6526], [-125.99146, 48.6513], [-125.99421, 48.65008], [-125.99692, 48.64889], [-125.99962, 48.6477], [-126.00242, 48.64646], [-126.00523, 48.64522], [-126.00903, 48.64447], [-126.01117, 48.64341], [-126.01318, 48.64241], [-126.01515, 48.64143], [-126.01716, 48.64043], [-126.01917, 48.63943], [-126.02114, 48.63845], [-126.02315, 48.63745], [-126.02516, 48.63645], [-126.02717, 48.63545], [-126.02923, 48.63443], [-126.03131, 48.63339], [-126.03338, 48.63237], [-126.03545, 48.63134], [-126.03763, 48.63025], [-126.0398, 48.62917], [-126.04194, 48.62811], [-126.04409, 48.62704], [-126.04628, 48.62595], [-126.04844, 48.62488], [-126.05035, 48.62436], [-126.05091, 48.62408], [-126.05149, 48.6238], [-126.05207, 48.62352], [-126.05265, 48.62324], [-126.05323, 48.62297], [-126.05382, 48.62268], [-126.05441, 48.62239], [-126.05476, 48.62222], [-126.05491, 48.62215], [-126.05529, 48.62197], [-126.05589, 48.62168], [-126.05651, 48.62138], [-126.05713, 48.62108], [-126.05773, 48.62079], [-126.05834, 48.62049], [-126.05897, 48.62018], [-126.05959, 48.61989], [-126.06019, 48.61959], [-126.06081, 48.6193], [-126.06239, 48.61906], [-126.06476, 48.6187], [-126.06705, 48.61835], [-126.0694, 48.618], [-126.07183, 48.61763], [-126.0743, 48.61725], [-126.07677, 48.61688], [-126.07921, 48.61651], [-126.08164, 48.61614], [-126.08415, 48.61576], [-126.08642, 48.61542], [-126.08836, 48.61512], [-126.09065, 48.61478], [-126.09323, 48.61439], [-126.09587, 48.61399], [-126.0985, 48.61359], [-126.10107, 48.6132], [-126.10363, 48.61281], [-126.10631, 48.6124], [-126.10902, 48.61199], [-126.11101, 48.61056], [-126.11227, 48.60868], [-126.11356, 48.60675], [-126.1149, 48.60475], [-126.11625, 48.60273], [-126.11758, 48.60074], [-126.11896, 48.59869], [-126.12021, 48.59682], [-126.12151, 48.59488], [-126.12284, 48.5929], [-126.12419, 48.59088], [-126.12554, 48.58886], [-126.12688, 48.58686], [-126.12826, 48.58481], [-126.12969, 48.58267], [-126.1311, 48.58057], [-126.13248, 48.5785], [-126.13388, 48.57641], [-126.13532, 48.57426], [-126.13679, 48.57207], [-126.13931, 48.56937], [-126.14239, 48.56664], [-126.14544, 48.56395], [-126.14854, 48.5612], [-126.15162, 48.55848], [-126.15477, 48.5557], [-126.15806, 48.55279], [-126.16136, 48.54987], [-126.16482, 48.54681], [-126.16857, 48.54349], [-126.17281, 48.53973], [-126.17741, 48.53566], [-126.18204, 48.53158], [-126.18656, 48.52757], [-126.19442, 48.52062], [-126.20518, 48.5111], [-126.21528, 48.50217], [-126.22474, 48.4938], [-126.2354, 48.48437], [-126.24711, 48.47401], [-126.25738, 48.46236], [-126.26752, 48.45011], [-126.27874, 48.43656], [-126.29086, 48.42192], [-126.30473, 48.40518], [-126.3199, 48.38685], [-126.31527, 48.37116], [-126.29236, 48.35793], [-126.26977, 48.34489], [-126.24749, 48.33202], [-126.22497, 48.31902], [-126.20225, 48.30589], [-126.17745, 48.28702], [-126.15632, 48.27004], [-126.13553, 48.25333], [-126.11477, 48.23663], [-126.09401, 48.21994], [-126.07357, 48.2035], [-126.05385, 48.18929], [-126.03331, 48.17322], [-126.00696, 48.17393], [-125.98071, 48.18581], [-125.95808, 48.19606], [-125.93841, 48.20496], [-125.92147, 48.21262], [-125.90674, 48.2193], [-125.89423, 48.22471], [-125.88241, 48.22947], [-125.87182, 48.23373], [-125.86229, 48.23756], [-125.8536, 48.24105], [-125.84542, 48.24434], [-125.83959, 48.24926], [-125.83358, 48.25267], [-125.82765, 48.25603], [-125.8219, 48.25929], [-125.81634, 48.26245], [-125.8109, 48.26554], [-125.80571, 48.26926], [-125.80183, 48.27098], [-125.79813, 48.27261], [-125.79453, 48.2742], [-125.79102, 48.27575], [-125.78739, 48.27736], [-125.78278, 48.27903], [-125.77899, 48.28017], [-125.7754, 48.28124], [-125.77187, 48.2823], [-125.76835, 48.28336], [-125.76476, 48.28443], [-125.76074, 48.28545], [-125.75702, 48.28642], [-125.75376, 48.28727], [-125.75082, 48.28803], [-125.74754, 48.28889], [-125.74394, 48.28982], [-125.73995, 48.29101], [-125.73701, 48.29226], [-125.73413, 48.29349], [-125.73117, 48.29476], [-125.72821, 48.29602], [-125.72526, 48.29728], [-125.72351, 48.29803], [-125.72307, 48.29821], [-125.72249, 48.29846], [-125.72205, 48.29865], [-125.7215, 48.29889], [-125.72104, 48.29908], [-125.71922, 48.29986], [-125.71631, 48.3011], [-125.71342, 48.30233], [-125.71056, 48.30355], [-125.70875, 48.30433], [-125.7082, 48.30456], [-125.70765, 48.3048], [-125.70711, 48.30503], [-125.70662, 48.30548], [-125.70617, 48.30598], [-125.70497, 48.30732], [-125.70294, 48.30957], [-125.7009, 48.31184], [-125.69891, 48.31406], [-125.69721, 48.31595], [-125.69574, 48.31758], [-125.69416, 48.31933], [-125.69249, 48.3212], [-125.69077, 48.32311], [-125.68896, 48.32512], [-125.6871, 48.32719], [-125.6853, 48.32919], [-125.68351, 48.33118], [-125.68173, 48.33315], [-125.67994, 48.33515], [-125.67814, 48.33715], [-125.67635, 48.33914], [-125.67456, 48.34112], [-125.67185, 48.34385], [-125.66852, 48.34595], [-125.66512, 48.34809], [-125.66171, 48.35024], [-125.65826, 48.35241], [-125.6547, 48.35466], [-125.65115, 48.3569], [-125.64763, 48.35912], [-125.64403, 48.36139], [-125.6404, 48.36367], [-125.63672, 48.36599], [-125.63303, 48.36832], [-125.62944, 48.37058], [-125.62592, 48.3728], [-125.62237, 48.37504], [-125.61895, 48.37719], [-125.61562, 48.37929], [-125.61231, 48.38138], [-125.60906, 48.38343], [-125.60582, 48.38547], [-125.59965, 48.3884], [-125.594, 48.38949], [-125.58859, 48.39052], [-125.58319, 48.39156], [-125.57781, 48.39259], [-125.57237, 48.39363], [-125.56864, 48.39434], [-125.56671, 48.39472], [-125.56313, 48.3954], [-125.55794, 48.3964], [-125.55278, 48.39739], [-125.5477, 48.39836], [-125.54236, 48.39938], [-125.53693, 48.40042], [-125.53158, 48.40145], [-125.52625, 48.40247], [-125.52095, 48.40349], [-125.51562, 48.40451], [-125.5102, 48.40555], [-125.50469, 48.4066], [-125.4983, 48.40761], [-125.49383, 48.40859], [-125.48982, 48.40947], [-125.48605, 48.41029], [-125.48208, 48.41116], [-125.47803, 48.41205], [-125.47402, 48.41293], [-125.46995, 48.41382], [-125.46582, 48.41473], [-125.4618, 48.41561], [-125.45788, 48.41647], [-125.45403, 48.41731], [-125.45005, 48.41819], [-125.44603, 48.41907], [-125.442, 48.41995], [-125.43798, 48.42083], [-125.43343, 48.42183], [-125.42842, 48.42293], [-125.4234, 48.42403], [-125.41825, 48.42516], [-125.41382, 48.42697], [-125.41095, 48.42949], [-125.4083, 48.43181], [-125.40566, 48.43412], [-125.40307, 48.43639], [-125.4006, 48.43856], [-125.39814, 48.44071], [-125.39577, 48.44279], [-125.39338, 48.44488], [-125.39099, 48.44697], [-125.3884, 48.44924], [-125.38559, 48.4517], [-125.38282, 48.45413], [-125.38003, 48.45657], [-125.3772, 48.45905], [-125.37442, 48.46149], [-125.37168, 48.46389], [-125.36891, 48.46631], [-125.36611, 48.46876], [-125.36336, 48.47117], [-125.36145, 48.47449], [-125.35988, 48.47706], [-125.35837, 48.47953], [-125.35687, 48.48198], [-125.35597, 48.48344], [-125.35569, 48.48391], [-125.35483, 48.48531], [-125.35339, 48.48767], [-125.35197, 48.48999], [-125.35056, 48.49229], [-125.34918, 48.49455], [-125.34783, 48.49675], [-125.34647, 48.49898], [-125.34511, 48.5012], [-125.34428, 48.50255], [-125.344, 48.50301], [-125.34319, 48.50433], [-125.34188, 48.50647], [-125.34057, 48.50861], [-125.33923, 48.5108], [-125.33875, 48.51363], [-125.33867, 48.51587], [-125.33861, 48.51797], [-125.33854, 48.52004], [-125.33847, 48.52221], [-125.3384, 48.52447], [-125.33833, 48.52676], [-125.33826, 48.52907], [-125.33818, 48.53136], [-125.33811, 48.53357], [-125.33805, 48.5357], [-125.33798, 48.53777], [-125.33793, 48.53944], [-125.33789, 48.54056], [-125.33784, 48.54209], [-125.33778, 48.54407], [-125.33772, 48.54601], [-125.33766, 48.54794], [-125.3376, 48.54986], [-125.33754, 48.55172], [-125.33756, 48.55385], [-125.33656, 48.55534], [-125.33562, 48.55676], [-125.33465, 48.55821], [-125.33367, 48.55969], [-125.33273, 48.56111], [-125.33181, 48.56249], [-125.3309, 48.56386], [-125.32999, 48.56522], [-125.32909, 48.56658], [-125.32817, 48.56796], [-125.32725, 48.56934], [-125.32635, 48.5707], [-125.32547, 48.57202], [-125.32454, 48.57342], [-125.32362, 48.5748], [-125.32274, 48.57612], [-125.32187, 48.57744], [-125.32101, 48.57872], [-125.32013, 48.58005], [-125.31983, 48.58142], [-125.3161, 48.58142], [-125.31269, 48.58141], [-125.30928, 48.58141], [-125.30581, 48.58141], [-125.30226, 48.58141], [-125.2985, 48.58141], [-125.29446, 48.58141], [-125.29049, 48.58141], [-125.28662, 48.58141], [-125.2828, 48.58141], [-125.27893, 48.58141], [-125.27502, 48.58141], [-125.27109, 48.58141], [-125.26724, 48.5814], [-125.26346, 48.5814], [-125.25958, 48.5814], [-125.25574, 48.5814], [-125.25197, 48.5814], [-125.2481, 48.5814], [-125.24321, 48.58225], [-125.23859, 48.58348], [-125.23405, 48.58469], [-125.22946, 48.58591], [-125.22499, 48.5871], [-125.22072, 48.58823], [-125.21651, 48.58935], [-125.21231, 48.59047], [-125.20807, 48.5916], [-125.20386, 48.59272], [-125.19977, 48.59381], [-125.1959, 48.59484], [-125.19197, 48.59589], [-125.18813, 48.59691], [-125.18427, 48.59794], [-125.18036, 48.59898], [-125.17657, 48.59999], [-125.17285, 48.60098], [-125.16912, 48.60197], [-125.16525, 48.603], [-125.16137, 48.60418], [-125.15859, 48.60556], [-125.15592, 48.60689], [-125.15347, 48.60811], [-125.15106, 48.60931], [-125.1487, 48.61048], [-125.14632, 48.61167], [-125.14389, 48.61287], [-125.14148, 48.61407], [-125.1391, 48.61526], [-125.13676, 48.61642], [-125.13438, 48.61761], [-125.13211, 48.61877], [-125.13025, 48.61996], [-125.12843, 48.62112], [-125.12666, 48.62225], [-125.12493, 48.62336], [-125.12318, 48.62448], [-125.12142, 48.6256], [-125.11969, 48.62671], [-125.11793, 48.62783], [-125.1162, 48.62894], [-125.11452, 48.63001], [-125.11281, 48.63111], [-125.11123, 48.63156], [-125.10944, 48.63233], [-125.10775, 48.63306], [-125.10606, 48.6338], [-125.10437, 48.63453], [-125.1027, 48.63525], [-125.10111, 48.63594], [-125.09956, 48.63661], [-125.09805, 48.63727], [-125.09659, 48.6379], [-125.09511, 48.63854], [-125.09358, 48.6392], [-125.09569, 48.63909], [-125.09797, 48.64026], [-125.10002, 48.64131], [-125.10209, 48.64237], [-125.10414, 48.64343], [-125.10615, 48.64446], [-125.10815, 48.64549], [-125.11016, 48.64653], [-125.11208, 48.64751], [-125.11393, 48.64846], [-125.11584, 48.64945], [-125.1178, 48.65045], [-125.12023, 48.65159], [-125.12219, 48.65269], [-125.12397, 48.65369], [-125.1257, 48.65466], [-125.12747, 48.65565], [-125.12925, 48.65665], [-125.13099, 48.65763], [-125.13267, 48.65857], [-125.13441, 48.65955], [-125.13622, 48.66056], [-125.13803, 48.66158], [-125.13986, 48.66261], [-125.14229, 48.66379], [-125.14415, 48.66478], [-125.14589, 48.66571], [-125.14763, 48.66664], [-125.14932, 48.66754], [-125.15099, 48.66843], [-125.15263, 48.6693], [-125.15425, 48.67016], [-125.1558, 48.67099], [-125.15731, 48.6718], [-125.15867, 48.67252], [-125.15989, 48.67317], [-125.16188, 48.67424], [-125.16368, 48.67519], [-125.16542, 48.6761], [-125.16712, 48.677], [-125.16888, 48.67793], [-125.17066, 48.67886], [-125.1724, 48.67978], [-125.17422, 48.68074], [-125.17598, 48.68167], [-125.17771, 48.68258], [-125.17947, 48.6835], [-125.18122, 48.68443], [-125.18384, 48.68578], [-125.18577, 48.68684], [-125.18751, 48.68779], [-125.18924, 48.68874], [-125.19096, 48.68968], [-125.19269, 48.69063], [-125.19448, 48.69161], [-125.19624, 48.69257], [-125.19793, 48.69349], [-125.19956, 48.69438], [-125.2013, 48.69533], [-125.20319, 48.69636], [-125.20567, 48.69752], [-125.20774, 48.69864], [-125.20967, 48.69969], [-125.21161, 48.70075], [-125.21356, 48.70181], [-125.21552, 48.70288], [-125.21747, 48.70395], [-125.21941, 48.705], [-125.22144, 48.70611], [-125.22343, 48.7072], [-125.22543, 48.70828], [-125.22749, 48.70941], [-125.23, 48.71079], [-125.23224, 48.7121], [-125.23438, 48.71335], [-125.23654, 48.71461], [-125.23868, 48.71585], [-125.24087, 48.71713], [-125.2431, 48.71843], [-125.24528, 48.7197], [-125.24748, 48.72098], [-125.24967, 48.72226], [-125.2519, 48.72356], [-125.2542, 48.7249], [-125.25697, 48.72651], [-125.25937, 48.72781], [-125.26165, 48.72904], [-125.26403, 48.73032], [-125.26682, 48.73174], [-125.26897, 48.73306], [-125.27094, 48.73425], [-125.27279, 48.73538], [-125.27475, 48.73642], [-125.27595, 48.73752], [-125.27701, 48.7385], [-125.27804, 48.73945], [-125.27966, 48.74041], [-125.2811, 48.74119], [-125.28248, 48.74194], [-125.28393, 48.74273], [-125.2862, 48.74337], [-125.28857, 48.74381], [-125.29149, 48.74435], [-125.29522, 48.74503], [-125.29782, 48.74551], [-125.29912, 48.74575], [-125.30164, 48.74622], [-125.30555, 48.74694], [-125.30951, 48.74767], [-125.31332, 48.74837], [-125.31707, 48.74906], [-125.32073, 48.74973], [-125.32435, 48.7504], [-125.32794, 48.75106], [-125.33037, 48.75151], [-125.33156, 48.75173], [-125.33391, 48.75216], [-125.33747, 48.75282], [-125.34108, 48.75348], [-125.34475, 48.75416], [-125.34877, 48.75538], [-125.35222, 48.75642], [-125.3549, 48.75723], [-125.35683, 48.75781], [-125.3591, 48.75869], [-125.36094, 48.75886], [-125.36349, 48.7591], [-125.36688, 48.75941], [-125.37028, 48.75973], [-125.3737, 48.76004], [-125.37714, 48.76036], [-125.38053, 48.76067], [-125.38397, 48.76099], [-125.38746, 48.76131], [-125.391, 48.76164], [-125.39449, 48.76196], [-125.39799, 48.76229], [-125.40152, 48.76261], [-125.40508, 48.76294], [-125.40857, 48.76326], [-125.41213, 48.76359], [-125.41582, 48.76393], [-125.41945, 48.76427], [-125.42321, 48.76462], [-125.42712, 48.76476], [-125.43006, 48.76459], [-125.43282, 48.76443], [-125.43561, 48.76427], [-125.43846, 48.76411], [-125.44131, 48.76395], [-125.44419, 48.76378], [-125.44708, 48.76361], [-125.45003, 48.76345], [-125.45297, 48.76328], [-125.4559, 48.76311], [-125.45884, 48.76294], [-125.46182, 48.76277], [-125.46479, 48.7626], [-125.46778, 48.76243], [-125.4708, 48.76226], [-125.47385, 48.76208], [-125.47689, 48.76191], [-125.47997, 48.76173], [-125.48301, 48.76156], [-125.48679, 48.761], [-125.48948, 48.76037], [-125.49201, 48.75977], [-125.49459, 48.75916], [-125.49726, 48.75853], [-125.49993, 48.7579], [-125.50258, 48.75728], [-125.50527, 48.75664], [-125.50799, 48.756], [-125.51074, 48.75536], [-125.51351, 48.7547], [-125.51628, 48.75405], [-125.51911, 48.75338], [-125.52202, 48.7527], [-125.525, 48.752], [-125.52798, 48.75129], [-125.53102, 48.75058], [-125.53409, 48.74985], [-125.53716, 48.74913], [-125.54031, 48.74839], [-125.54599, 48.74899], [-125.54984, 48.7486], [-125.55359, 48.74821], [-125.55734, 48.74783], [-125.56105, 48.74745], [-125.56479, 48.74706], [-125.56792, 48.74674], [-125.57042, 48.74649], [-125.57359, 48.74616], [-125.57738, 48.74577], [-125.58124, 48.74538], [-125.58508, 48.74499], [-125.58893, 48.74459], [-125.59277, 48.7442], [-125.5966, 48.74381], [-125.60053, 48.7434], [-125.60457, 48.74299], [-125.60861, 48.74258], [-125.61265, 48.74216], [-125.61672, 48.74174], [-125.62234, 48.74324], [-125.62744, 48.74192], [-125.63241, 48.74063], [-125.6374, 48.73934], [-125.6424, 48.73804], [-125.64742, 48.73674], [-125.65247, 48.73543], [-125.65751, 48.73413], [-125.6626, 48.73281], [-125.66773, 48.73148], [-125.67291, 48.73014], [-125.67806, 48.7288], [-125.68321, 48.72747], [-125.68834, 48.72614], [-125.69357, 48.72479], [-125.69887, 48.72341], [-125.70425, 48.72202], [-125.70972, 48.7206], [-125.71541, 48.71913], [-125.72125, 48.71762], [-125.72836, 48.71589], [-125.73435, 48.71386], [-125.73999, 48.71194], [-125.74521, 48.71017], [-125.75018, 48.70848], [-125.75493, 48.70687], [-125.75955, 48.7053], [-125.76401, 48.70379], [-125.76836, 48.70231], [-125.77249, 48.70091], [-125.77641, 48.69958], [-125.78013, 48.69831], [-125.78358, 48.69714], [-125.78681, 48.69604], [-125.78972, 48.69506], [-125.79218, 48.69422], [-125.79448, 48.69344], [-125.79665, 48.6927], [-125.79878, 48.69198], [-125.80081, 48.69129], [-125.80472, 48.69101], [-125.80733, 48.69099], [-125.8097, 48.69098], [-125.81209, 48.69097], [-125.81446, 48.69096], [-125.81675, 48.69094], [-125.81909, 48.69093], [-125.82148, 48.69092], [-125.82381, 48.6909], [-125.8261, 48.69089], [-125.82845, 48.69088], [-125.83077, 48.69087], [-125.83314, 48.69085], [-125.8355, 48.69084], [-125.83794, 48.69083], [-125.8404, 48.69081], [-125.84287, 48.6908], [-125.84533, 48.69079], [-125.84778, 48.69077], [-125.85031, 48.69076], [-125.85413, 48.6913], [-125.8565, 48.69134], [-125.85861, 48.69138], [-125.86068, 48.69141], [-125.86282, 48.69145], [-125.86492, 48.69149], [-125.86707, 48.69152], [-125.86923, 48.69156], [-125.87134, 48.69159], [-125.87342, 48.69163], [-125.87553, 48.69167], [-125.87769, 48.6917], [-125.87989, 48.69174], [-125.88208, 48.69178], [-125.88434, 48.69181], [-125.88659, 48.69185], [-125.88885, 48.69189], [-125.89113, 48.69193], [-125.89341, 48.69197], [-125.89566, 48.69201], [-125.89877, 48.69275], [-125.90026, 48.6925], [-125.90158, 48.69227], [-125.90294, 48.69204], [-125.90437, 48.6918], [-125.90579, 48.69155], [-125.90723, 48.69131], [-125.90863, 48.69107], [-125.90998, 48.69083], [-125.91135, 48.6906], [-125.91274, 48.69036], [-125.91414, 48.69012], [-125.91555, 48.68988], [-125.91698, 48.68963], [-125.91848, 48.68938], [-125.91994, 48.68913], [-125.92137, 48.68888], [-125.92279, 48.68864], [-125.92421, 48.6884], [-125.9257, 48.68814], [-125.92746, 48.68802], [-125.92817, 48.68718], [-125.92887, 48.68636], [-125.9296, 48.6855], [-125.93032, 48.68465], [-125.93104, 48.68381], [-125.93177, 48.68296], [-125.93249, 48.68211], [-125.93322, 48.68126], [-125.93394, 48.68041], [-125.93467, 48.67955], [-125.93541, 48.67869], [-125.93614, 48.67783], [-125.93688, 48.67696], [-125.93764, 48.67607], [-125.93837, 48.67521], [-125.93914, 48.67431], [-125.93993, 48.67338], [-125.94073, 48.67245], [-125.94153, 48.6715], [-125.9428, 48.67016], [-125.94333, 48.66861], [-125.94389, 48.66699], [-125.94445, 48.66537], [-125.94499, 48.6638], [-125.94555, 48.66219], [-125.94612, 48.66054], [-125.94667, 48.65893], [-125.94723, 48.65732], [-125.94778, 48.65572], [-125.94835, 48.65407], [-125.94894, 48.65237], [-125.94955, 48.6506], [-125.95014, 48.64889], [-125.95071, 48.64723], [-125.95128, 48.64557], [-125.95188, 48.64385], [-125.95247, 48.64212], [-125.95301, 48.64055], [-125.95353, 48.63905], [-125.9544, 48.63678], [-125.95509, 48.63466], [-125.95574, 48.63266], [-125.95639, 48.63067], [-125.95705, 48.62864], [-125.95772, 48.62656], [-125.95841, 48.62443], [-125.9591, 48.62232], [-125.95977, 48.62023], [-125.96046, 48.61811], [-125.96116, 48.61596], [-125.96185, 48.61384], [-125.96254, 48.61171], [-125.96322, 48.60961], [-125.9639, 48.60752], [-125.96459, 48.60539], [-125.9653, 48.60323], [-125.966, 48.60107], [-125.9667, 48.5989], [-125.96741, 48.59671], [-125.96914, 48.5944], [-125.97162, 48.59251], [-125.97394, 48.59073], [-125.97627, 48.58894], [-125.97857, 48.58718], [-125.98088, 48.58541], [-125.98331, 48.58355], [-125.98574, 48.58169], [-125.98818, 48.57982], [-125.99064, 48.57793], [-125.9931, 48.57605], [-125.99556, 48.57417], [-125.99803, 48.57228], [-126.00046, 48.57041], [-126.00291, 48.56854], [-126.00541, 48.56662], [-126.0081, 48.56456], [-126.01084, 48.56246], [-126.01355, 48.56039], [-126.01635, 48.55824], [-126.01976, 48.55554], [-126.02274, 48.55332], [-126.02561, 48.55118], [-126.02855, 48.549], [-126.03157, 48.54675], [-126.0346, 48.54449], [-126.03768, 48.5422], [-126.0409, 48.53981], [-126.04426, 48.53731], [-126.04762, 48.53481], [-126.05098, 48.5323], [-126.0544, 48.52976], [-126.0578, 48.52723], [-126.0612, 48.5247], [-126.0647, 48.52209], [-126.06828, 48.51943], [-126.07195, 48.5167], [-126.07565, 48.51395], [-126.07937, 48.51118], [-126.08311, 48.50839], [-126.08714, 48.50497], [-126.09078, 48.50179], [-126.09443, 48.49861], [-126.09817, 48.49535], [-126.10193, 48.49208], [-126.10575, 48.48874], [-126.11002, 48.48509], [-126.11416, 48.48204], [-126.11847, 48.47886], [-126.12293, 48.47557], [-126.12762, 48.47211], [-126.13243, 48.46856], [-126.13779, 48.46496], [-126.1436, 48.46185], [-126.14865, 48.45914], [-126.15325, 48.45668], [-126.15996, 48.45308], [-126.16859, 48.44846], [-126.17896, 48.44261], [-126.19018, 48.4363], [-126.20181, 48.42975], [-126.21408, 48.42283], [-126.23129, 48.41314], [-126.25237, 48.40126], [-126.27558, 48.3891], [-126.30153, 48.37789], [-126.30037, 48.36324], [-126.2761, 48.34639], [-126.25198, 48.32963], [-126.22768, 48.31276], [-126.20349, 48.29597], [-126.17923, 48.27912], [-126.15454, 48.26214], [-126.13143, 48.24551], [-126.10823, 48.22882], [-126.08512, 48.21218], [-126.06302, 48.19628], [-126.04193, 48.1811], [-126.01586, 48.17839], [-125.98623, 48.18716], [-125.96076, 48.1947], [-125.93895, 48.20115], [-125.92016, 48.20671], [-125.90362, 48.21161], [-125.88712, 48.21627], [-125.87354, 48.22084], [-125.8614, 48.22492], [-125.85058, 48.22856], [-125.84092, 48.23181], [-125.83216, 48.23476], [-125.82456, 48.23782], [-125.81807, 48.24019], [-125.81234, 48.24228], [-125.80743, 48.24408], [-125.80239, 48.24592], [-125.7975, 48.24771], [-125.79235, 48.25022], [-125.78909, 48.25266], [-125.78588, 48.25506], [-125.78275, 48.2574], [-125.77982, 48.25959], [-125.77694, 48.26174], [-125.77327, 48.26413], [-125.76984, 48.26646], [-125.76657, 48.26869], [-125.76332, 48.2709], [-125.76015, 48.27305], [-125.75702, 48.27518], [-125.75283, 48.27746], [-125.7491, 48.27944], [-125.74553, 48.28134], [-125.742, 48.28322], [-125.73847, 48.2851], [-125.73486, 48.28702], [-125.72997, 48.28944], [-125.72652, 48.29182], [-125.72316, 48.29414], [-125.71984, 48.29644], [-125.71665, 48.29864], [-125.71359, 48.30075], [-125.71043, 48.30293], [-125.70723, 48.30514], [-125.704, 48.30737], [-125.70081, 48.30957], [-125.6977, 48.31171], [-125.69463, 48.31383], [-125.69156, 48.31595], [-125.68857, 48.31801], [-125.68565, 48.32003], [-125.68279, 48.322], [-125.67989, 48.324], [-125.67697, 48.32602], [-125.67408, 48.32801], [-125.67121, 48.33], [-125.66828, 48.33224], [-125.66625, 48.3342], [-125.66423, 48.33615], [-125.66219, 48.33812], [-125.66011, 48.34013], [-125.65805, 48.34211], [-125.65597, 48.34412], [-125.6539, 48.34611], [-125.65185, 48.34809], [-125.64976, 48.3501], [-125.64768, 48.35211], [-125.64556, 48.35416], [-125.64337, 48.35627], [-125.64119, 48.35838], [-125.63902, 48.36046], [-125.63691, 48.3625], [-125.6348, 48.36454], [-125.63268, 48.36658], [-125.63056, 48.36863], [-125.62838, 48.37073], [-125.62621, 48.37294], [-125.62377, 48.37479], [-125.62152, 48.37649], [-125.61935, 48.37813], [-125.61719, 48.37976], [-125.61501, 48.38141], [-125.61289, 48.38302], [-125.61083, 48.38457], [-125.60873, 48.38616], [-125.6066, 48.38777], [-125.6045, 48.38937], [-125.60243, 48.39093], [-125.60036, 48.3925], [-125.59827, 48.39408], [-125.59621, 48.39564], [-125.59412, 48.39722], [-125.59199, 48.39883], [-125.58989, 48.40042], [-125.58784, 48.40197], [-125.58575, 48.40355], [-125.58358, 48.40527], [-125.58168, 48.40652], [-125.57989, 48.40771], [-125.5781, 48.40889], [-125.57628, 48.41009], [-125.57445, 48.4113], [-125.57264, 48.41249], [-125.57084, 48.41368], [-125.56902, 48.41488], [-125.56724, 48.41606], [-125.56562, 48.41713], [-125.56412, 48.41811], [-125.56249, 48.41919], [-125.56072, 48.42036], [-125.55891, 48.42155], [-125.55711, 48.42274], [-125.55533, 48.42392], [-125.55355, 48.42509], [-125.55176, 48.42627], [-125.54994, 48.42748], [-125.5486, 48.42917], [-125.54779, 48.43054], [-125.54698, 48.4319], [-125.54616, 48.43327], [-125.54535, 48.43463], [-125.54454, 48.43599], [-125.54372, 48.43738], [-125.54289, 48.43877], [-125.54208, 48.44013], [-125.54128, 48.44147], [-125.54048, 48.44282], [-125.53968, 48.44417], [-125.53888, 48.4455], [-125.53809, 48.44683], [-125.5373, 48.44817], [-125.53651, 48.44949], [-125.53574, 48.45079], [-125.53497, 48.45209], [-125.53422, 48.45334], [-125.5335, 48.45456], [-125.53417, 48.45606], [-125.53274, 48.45743], [-125.53177, 48.45835], [-125.53111, 48.45899], [-125.53011, 48.45994], [-125.52883, 48.46116], [-125.5276, 48.46234], [-125.52636, 48.46352], [-125.52511, 48.46472], [-125.52387, 48.4659], [-125.52264, 48.46707], [-125.52144, 48.46822], [-125.52023, 48.46937], [-125.51904, 48.47051], [-125.51786, 48.47164], [-125.51671, 48.47274], [-125.51554, 48.47385], [-125.51438, 48.47496], [-125.51358, 48.47573], [-125.51311, 48.47617], [-125.51201, 48.47718], [-125.51019, 48.47797], [-125.50848, 48.47871], [-125.50677, 48.47945], [-125.50502, 48.48021], [-125.50328, 48.48096], [-125.50151, 48.48172], [-125.49976, 48.48248], [-125.49801, 48.48324], [-125.49625, 48.484], [-125.4945, 48.48475], [-125.49274, 48.48552], [-125.49096, 48.48629], [-125.48918, 48.48705], [-125.48739, 48.48783], [-125.48562, 48.48859], [-125.48387, 48.48935], [-125.48212, 48.4901], [-125.48034, 48.49088], [-125.47848, 48.49168], [-125.47208, 48.49146], [-125.46979, 48.49124], [-125.46769, 48.49103], [-125.4655, 48.49082], [-125.46314, 48.49059], [-125.46083, 48.49036], [-125.45859, 48.49014], [-125.45636, 48.48992], [-125.454, 48.48969], [-125.45169, 48.48947], [-125.44945, 48.48925], [-125.44716, 48.48902], [-125.4449, 48.4888], [-125.44265, 48.48858], [-125.44034, 48.48836], [-125.43801, 48.48813], [-125.43571, 48.48791], [-125.43346, 48.48769], [-125.43078, 48.48742], [-125.42781, 48.48713], [-125.42501, 48.48765], [-125.42285, 48.48865], [-125.42069, 48.48966], [-125.41854, 48.49066], [-125.41638, 48.49166], [-125.41424, 48.49265], [-125.41203, 48.49368], [-125.40979, 48.49472], [-125.4084, 48.49537], [-125.40781, 48.49564], [-125.40642, 48.49629], [-125.40423, 48.49731], [-125.40192, 48.49838], [-125.39966, 48.49943], [-125.39744, 48.50046], [-125.39519, 48.50151], [-125.39289, 48.50258], [-125.39059, 48.50365], [-125.3883, 48.50471], [-125.38594, 48.50581], [-125.38377, 48.50728], [-125.38107, 48.50842], [-125.37852, 48.50951], [-125.37595, 48.5106], [-125.37334, 48.5117], [-125.37076, 48.5128], [-125.36828, 48.51385], [-125.36595, 48.51484], [-125.36367, 48.51581], [-125.36145, 48.51675], [-125.35924, 48.51769], [-125.35703, 48.51862], [-125.35479, 48.51957], [-125.35255, 48.52052], [-125.35034, 48.52146], [-125.34812, 48.5224], [-125.3459, 48.52334], [-125.34366, 48.52429], [-125.34121, 48.52533], [-125.33858, 48.52645], [-125.33572, 48.52741], [-125.33296, 48.52796], [-125.33049, 48.52846], [-125.32816, 48.52892], [-125.32585, 48.52939], [-125.32359, 48.52984], [-125.32132, 48.53029], [-125.31908, 48.53074], [-125.31683, 48.5312], [-125.31459, 48.53164], [-125.31238, 48.53209], [-125.3102, 48.53252], [-125.30804, 48.53296], [-125.3059, 48.53339], [-125.30374, 48.53382], [-125.30156, 48.53426], [-125.29943, 48.53469], [-125.2973, 48.53511], [-125.29515, 48.53554], [-125.29303, 48.53597], [-125.29137, 48.53665], [-125.29061, 48.53746], [-125.2899, 48.53823], [-125.28919, 48.53898], [-125.28848, 48.53975], [-125.28777, 48.54052], [-125.28706, 48.54128], [-125.28635, 48.54204], [-125.28565, 48.54279], [-125.28495, 48.54355], [-125.28424, 48.54431], [-125.28353, 48.54507], [-125.28281, 48.54585], [-125.28209, 48.54662], [-125.28138, 48.54738], [-125.28067, 48.54815], [-125.27995, 48.54892], [-125.27924, 48.54968], [-125.27853, 48.55045], [-125.27778, 48.55125], [-125.27763, 48.55255], [-125.27714, 48.55427], [-125.27667, 48.5559], [-125.27619, 48.55754], [-125.27572, 48.55918], [-125.27525, 48.56081], [-125.27478, 48.56243], [-125.27431, 48.56409], [-125.27383, 48.56575], [-125.27335, 48.5674], [-125.27288, 48.56904], [-125.27241, 48.57067], [-125.27193, 48.57233], [-125.27145, 48.57398], [-125.27095, 48.57573], [-125.27041, 48.57761], [-125.26986, 48.5795], [-125.26933, 48.58135], [-125.2688, 48.58318], [-125.26826, 48.58505], [-125.26701, 48.58678], [-125.264, 48.58793], [-125.26109, 48.58905], [-125.25823, 48.59014], [-125.25536, 48.59124], [-125.2525, 48.59234], [-125.24961, 48.59345], [-125.24673, 48.59456], [-125.2439, 48.59564], [-125.24111, 48.59671], [-125.23831, 48.59779], [-125.23545, 48.59888], [-125.23264, 48.59996], [-125.23004, 48.60096], [-125.2275, 48.60193], [-125.22499, 48.6029], [-125.22244, 48.60387], [-125.21988, 48.60485], [-125.21726, 48.60586], [-125.21453, 48.60691], [-125.21083, 48.60806], [-125.2071, 48.60879], [-125.20362, 48.60948], [-125.20013, 48.61016], [-125.19667, 48.61084], [-125.19323, 48.61152], [-125.18976, 48.6122], [-125.18632, 48.61288], [-125.18287, 48.61356], [-125.17946, 48.61423], [-125.1761, 48.61489], [-125.17272, 48.61555], [-125.16923, 48.61624], [-125.16585, 48.6169], [-125.16258, 48.61755], [-125.15926, 48.6182], [-125.15601, 48.61884], [-125.15287, 48.61946], [-125.14965, 48.62009], [-125.14619, 48.62077], [-125.14237, 48.62172], [-125.13935, 48.62281], [-125.13653, 48.62383], [-125.13388, 48.62479], [-125.13122, 48.62575], [-125.12865, 48.62668], [-125.1261, 48.62761], [-125.12361, 48.62851], [-125.1212, 48.62938], [-125.11879, 48.63025], [-125.11637, 48.63113], [-125.11388, 48.63203], [-125.11171, 48.63272], [-125.10956, 48.63346], [-125.10752, 48.63415], [-125.10551, 48.63484], [-125.10352, 48.63552], [-125.10157, 48.63619], [-125.0997, 48.63683], [-125.09785, 48.63746], [-125.09599, 48.6381], [-125.09419, 48.63872], [-125.09243, 48.63932], [-125.09061, 48.63994], [-125.09133, 48.63932], [-125.08989, 48.63974], [-125.08858, 48.64012], [-125.08744, 48.64046], [-125.08635, 48.64078], [-125.08525, 48.6411], [-125.08413, 48.64143], [-125.08305, 48.64175], [-125.08191, 48.64208], [-125.0807, 48.64243], [-125.07944, 48.6428], [-125.07814, 48.64318], [-125.07928, 48.64402], [-125.08169, 48.6449], [-125.08395, 48.64573], [-125.08613, 48.64653], [-125.08826, 48.64731], [-125.09031, 48.64806], [-125.09234, 48.64881], [-125.09436, 48.64955], [-125.09653, 48.65034], [-125.09872, 48.65115], [-125.10097, 48.65197], [-125.10332, 48.65284], [-125.10635, 48.654], [-125.10857, 48.6549], [-125.11065, 48.65574], [-125.11268, 48.65656], [-125.11462, 48.65734], [-125.11655, 48.65813], [-125.11872, 48.659], [-125.121, 48.65993], [-125.12333, 48.66087], [-125.12555, 48.66176], [-125.12791, 48.66272], [-125.13013, 48.66362], [-125.13352, 48.66499], [-125.13573, 48.66604], [-125.13781, 48.66703], [-125.13985, 48.668], [-125.14187, 48.66896], [-125.14394, 48.66994], [-125.14604, 48.67094], [-125.14805, 48.6719], [-125.15003, 48.67284], [-125.15198, 48.67377], [-125.15391, 48.67469], [-125.15586, 48.67561], [-125.15853, 48.67677], [-125.16046, 48.67766], [-125.16226, 48.67848], [-125.16394, 48.67926], [-125.16561, 48.68002], [-125.16729, 48.6808], [-125.16914, 48.68165], [-125.17116, 48.68257], [-125.17316, 48.6835], [-125.17518, 48.68442], [-125.17718, 48.68534], [-125.17917, 48.68626], [-125.1816, 48.68729], [-125.18358, 48.68826], [-125.18544, 48.68918], [-125.18729, 48.69009], [-125.18907, 48.69096], [-125.19081, 48.69182], [-125.19257, 48.69268], [-125.19434, 48.69355], [-125.19613, 48.69443], [-125.19793, 48.69532], [-125.19984, 48.69626], [-125.2019, 48.69727], [-125.20478, 48.6985], [-125.20705, 48.69957], [-125.20917, 48.70057], [-125.21128, 48.70156], [-125.2133, 48.70251], [-125.21533, 48.70346], [-125.21742, 48.70445], [-125.21953, 48.70544], [-125.22166, 48.70644], [-125.22382, 48.70746], [-125.226, 48.70848], [-125.22811, 48.70947], [-125.23116, 48.71131], [-125.23336, 48.71266], [-125.23541, 48.71393], [-125.23746, 48.71519], [-125.23942, 48.7164], [-125.24148, 48.71766], [-125.24354, 48.71893], [-125.24549, 48.72013], [-125.24752, 48.72138], [-125.24957, 48.72264], [-125.25173, 48.72397], [-125.25378, 48.72523], [-125.25583, 48.72708], [-125.25686, 48.72871], [-125.25778, 48.73016], [-125.25867, 48.73157], [-125.25956, 48.73298], [-125.26042, 48.73433], [-125.2612, 48.73557], [-125.26194, 48.73674], [-125.26266, 48.73787], [-125.26336, 48.73899], [-125.26413, 48.7402], [-125.26482, 48.74129], [-125.26593, 48.7427], [-125.26667, 48.74394], [-125.26732, 48.74503], [-125.26796, 48.74611], [-125.26865, 48.74727], [-125.26934, 48.74842], [-125.27001, 48.74956], [-125.2707, 48.7507], [-125.2714, 48.75188], [-125.2721, 48.75305], [-125.27281, 48.75426], [-125.27355, 48.7555], [-125.27495, 48.75728], [-125.27577, 48.75869], [-125.27661, 48.76012], [-125.27752, 48.76169], [-125.27874, 48.76379], [-125.27915, 48.76565], [-125.27956, 48.7675], [-125.27999, 48.76943], [-125.28032, 48.77138], [-125.27998, 48.77315], [-125.27964, 48.7749], [-125.27927, 48.77681], [-125.27898, 48.77871], [-125.2783, 48.7805], [-125.27766, 48.78222], [-125.27698, 48.78403], [-125.27632, 48.78615], [-125.27522, 48.78792], [-125.27417, 48.7896], [-125.27307, 48.79137], [-125.27189, 48.79312], [-125.27027, 48.7948], [-125.26846, 48.79667], [-125.26642, 48.79877], [-125.26592, 48.80084], [-125.26566, 48.80315], [-125.2654, 48.80541], [-125.26511, 48.80787], [-125.26511, 48.81051], [-125.26499, 48.81296], [-125.26487, 48.81539], [-125.26475, 48.81785], [-125.26468, 48.82052], [-125.26429, 48.82305], [-125.26392, 48.82554], [-125.26351, 48.82819], [-125.26288, 48.83107], [-125.26144, 48.83372], [-125.26003, 48.83632], [-125.25863, 48.8389], [-125.25738, 48.84157], [-125.25615, 48.84383], [-125.255, 48.84594], [-125.25385, 48.84805], [-125.25244, 48.85006], [-125.25025, 48.85154], [-125.24828, 48.85287], [-125.24627, 48.85422], [-125.24459, 48.85554], [-125.24244, 48.85678], [-125.2405, 48.85789], [-125.23853, 48.85902], [-125.23712, 48.86023], [-125.23532, 48.86136], [-125.23362, 48.86242], [-125.23189, 48.86351], [-125.23075, 48.86471], [-125.22913, 48.86567], [-125.22785, 48.86643], [-125.22671, 48.8671], [-125.22563, 48.86817], [-125.22414, 48.86931], [-125.22269, 48.87043], [-125.22124, 48.87154], [-125.21955, 48.87269], [-125.21748, 48.87333], [-125.21544, 48.87395], [-125.2133, 48.87461], [-125.21135, 48.87543], [-125.20926, 48.87608], [-125.20728, 48.87669], [-125.20523, 48.87733], [-125.20327, 48.87817], [-125.20132, 48.87876], [-125.19943, 48.87932], [-125.19755, 48.87989], [-125.19549, 48.88075], [-125.19389, 48.8815], [-125.19233, 48.88223], [-125.19072, 48.88299], [-125.18776, 48.88398], [-125.18497, 48.88517], [-125.18314, 48.88595], [-125.18105, 48.88677], [-125.17922, 48.88758], [-125.17746, 48.88836], [-125.17563, 48.88916], [-125.17404, 48.89056], [-125.17348, 48.89196], [-125.17293, 48.89336], [-125.17237, 48.89476], [-125.17223, 48.89481], [-125.17274, 48.89329], [-125.17321, 48.89188], [-125.1737, 48.89041], [-125.17475, 48.89056], [-125.1758, 48.89173], [-125.17684, 48.89289], [-125.17792, 48.89409], [-125.17762, 48.89395], [-125.17617, 48.89269], [-125.17476, 48.89145], [-125.17329, 48.89018], [-125.17345, 48.88989], [-125.17552, 48.89058], [-125.17747, 48.89122], [-125.17949, 48.89189], [-125.17927, 48.89182], [-125.17693, 48.89118], [-125.17468, 48.89057], [-125.17231, 48.88992], [-125.17243, 48.88992], [-125.17452, 48.89029], [-125.17655, 48.89065], [-125.17869, 48.89103], [-125.17842, 48.89099], [-125.17588, 48.89069], [-125.17345, 48.8904], [-125.17094, 48.8901], [-125.17094, 48.88957], [-125.17296, 48.8891], [-125.17493, 48.88864], [-125.177, 48.88816], [-125.17976, 48.88742], [-125.18183, 48.88708], [-125.18381, 48.88676], [-125.18587, 48.88643], [-125.18824, 48.88593], [-125.18934, 48.88597]]}, "properties": {"deployment": "dfo-eva035-20251103", "glider": "eva035", "group": "svi_shelf", "segment": 0, "n_points": 1819, "deployment_start": "2025-11-03", "deployment_month": "2025-11", "segment_start": "2025-11-03T22:20", "segment_end": "2025-11-18T17:18", "segment_month": "2025-11", "epoch_days": 618, "segment_epoch_days": 618}}, {"type": "Feature", "geometry": {"type": "LineString", "coordinates": [[-125.2276, 48.87105], [-125.22925, 48.87028], [-125.23006, 48.86966], [-125.23261, 48.86847], [-125.23419, 48.86743], [-125.23569, 48.86646], [-125.23717, 48.8655], [-125.2396, 48.86415], [-125.24083, 48.8631], [-125.24206, 48.86206], [-125.24334, 48.86096], [-125.24572, 48.8595], [-125.24717, 48.85816], [-125.24857, 48.85686], [-125.25002, 48.85552], [-125.25217, 48.85363], [-125.25277, 48.85187], [-125.25337, 48.85013], [-125.25398, 48.84835], [-125.25976, 48.84511], [-125.26065, 48.84317], [-125.26153, 48.84123], [-125.2624, 48.83932], [-125.26407, 48.83679], [-125.26433, 48.8346], [-125.26458, 48.83247], [-125.26482, 48.83037], [-125.26586, 48.82759], [-125.26584, 48.82548], [-125.26582, 48.82351], [-125.26581, 48.82153], [-125.26539, 48.81926], [-125.26492, 48.81734], [-125.26448, 48.81554], [-125.26402, 48.81366], [-125.26359, 48.81162], [-125.26318, 48.80994], [-125.26279, 48.80836], [-125.26239, 48.80674], [-125.2627, 48.80492], [-125.26252, 48.80329], [-125.26234, 48.80169], [-125.26216, 48.80003], [-125.26352, 48.79817], [-125.26484, 48.79638], [-125.26602, 48.79478], [-125.26711, 48.7933], [-125.26854, 48.79177], [-125.26973, 48.79032], [-125.27083, 48.78897], [-125.27193, 48.78763], [-125.2746, 48.78711], [-125.2778, 48.78713], [-125.28072, 48.78715], [-125.28361, 48.78717], [-125.2865, 48.78718], [-125.28935, 48.7872], [-125.29219, 48.78722], [-125.29498, 48.78724], [-125.29782, 48.78725], [-125.30067, 48.78727], [-125.30357, 48.78729], [-125.30645, 48.78731], [-125.30934, 48.78733], [-125.31222, 48.78734], [-125.31515, 48.78736], [-125.3181, 48.78738], [-125.32106, 48.7874], [-125.32394, 48.78742], [-125.3269, 48.78744], [-125.32985, 48.78745], [-125.33447, 48.78775], [-125.3379, 48.78778], [-125.34105, 48.78781], [-125.34418, 48.78783], [-125.34735, 48.78786], [-125.35052, 48.78789], [-125.35369, 48.78792], [-125.35683, 48.78794], [-125.35998, 48.78797], [-125.36311, 48.788], [-125.36626, 48.78802], [-125.36943, 48.78805], [-125.37264, 48.78808], [-125.37584, 48.78811], [-125.37908, 48.78814], [-125.38232, 48.78816], [-125.38554, 48.78819], [-125.38881, 48.78822], [-125.39215, 48.78825], [-125.39561, 48.78828], [-125.4002, 48.78805], [-125.40337, 48.78748], [-125.40628, 48.78696], [-125.40918, 48.78644], [-125.41208, 48.78592], [-125.41498, 48.78541], [-125.41791, 48.78488], [-125.42084, 48.78436], [-125.42374, 48.78384], [-125.42664, 48.78332], [-125.4296, 48.78279], [-125.43258, 48.78226], [-125.43554, 48.78173], [-125.43855, 48.78119], [-125.44161, 48.78064], [-125.44462, 48.78011], [-125.44769, 48.77956], [-125.45075, 48.77901], [-125.45385, 48.77846], [-125.45716, 48.77787], [-125.46118, 48.77673], [-125.46423, 48.77557], [-125.46712, 48.77448], [-125.47008, 48.77336], [-125.47306, 48.77222], [-125.47599, 48.77111], [-125.47893, 48.77], [-125.48191, 48.76887], [-125.48502, 48.76769], [-125.4881, 48.76652], [-125.48997, 48.76582], [-125.4907, 48.76554], [-125.49263, 48.76481], [-125.49573, 48.76363], [-125.49897, 48.76241], [-125.50225, 48.76116], [-125.50554, 48.75992], [-125.50889, 48.75864], [-125.51223, 48.75738], [-125.51566, 48.75608], [-125.51843, 48.75503], [-125.51927, 48.75476], [-125.52113, 48.75418], [-125.52417, 48.75324], [-125.52753, 48.75219], [-125.53119, 48.75105], [-125.53488, 48.7499], [-125.53863, 48.74872], [-125.54249, 48.74752], [-125.54636, 48.74631], [-125.55027, 48.74509], [-125.55422, 48.74386], [-125.55825, 48.7426], [-125.5623, 48.74134], [-125.56643, 48.74005], [-125.57065, 48.73873], [-125.575, 48.73738], [-125.57945, 48.73599], [-125.58408, 48.73454], [-125.58899, 48.73301], [-125.59624, 48.73122], [-125.60213, 48.72965], [-125.60813, 48.72806], [-125.61425, 48.72643], [-125.62027, 48.72482], [-125.62622, 48.72324], [-125.63825, 48.72004], [-125.65033, 48.71682], [-125.65661, 48.71515], [-125.66295, 48.71346], [-125.66824, 48.71205], [-125.67252, 48.71092], [-125.67674, 48.70979], [-125.68085, 48.7087], [-125.68535, 48.7075], [-125.6903, 48.70618], [-125.69489, 48.70496], [-125.69913, 48.70383], [-125.70563, 48.70252], [-125.71153, 48.70124], [-125.71752, 48.69993], [-125.72377, 48.69857], [-125.72987, 48.69723], [-125.73589, 48.69592], [-125.74184, 48.69462], [-125.74771, 48.69334], [-125.75358, 48.69206], [-125.75945, 48.69078], [-125.76521, 48.68952], [-125.77085, 48.68829], [-125.77611, 48.68715], [-125.78106, 48.68606], [-125.78496, 48.68521], [-125.78786, 48.68458], [-125.79065, 48.68397], [-125.7932, 48.68342], [-125.79576, 48.68286], [-125.79851, 48.68226], [-125.80345, 48.68189], [-125.80685, 48.68163], [-125.81017, 48.68137], [-125.81344, 48.68111], [-125.81662, 48.68086], [-125.81984, 48.68061], [-125.82307, 48.68036], [-125.82633, 48.6801], [-125.82965, 48.67984], [-125.83301, 48.67958], [-125.83647, 48.67931], [-125.83996, 48.67904], [-125.84346, 48.67876], [-125.847, 48.67849], [-125.85051, 48.67821], [-125.854, 48.67794], [-125.85755, 48.67766], [-125.86114, 48.67738], [-125.86469, 48.6771], [-125.86846, 48.67681], [-125.8741, 48.67709], [-125.87776, 48.67725], [-125.88115, 48.67741], [-125.88452, 48.67756], [-125.88783, 48.67772], [-125.89116, 48.67787], [-125.89455, 48.67802], [-125.898, 48.67818], [-125.90148, 48.67834], [-125.90493, 48.6785], [-125.90864, 48.67867], [-125.91222, 48.67883], [-125.91569, 48.67899], [-125.91927, 48.67915], [-125.92286, 48.67932], [-125.92648, 48.67948], [-125.93027, 48.67966], [-125.93401, 48.67983], [-125.93772, 48.68], [-125.94167, 48.68018], [-125.9461, 48.68111], [-125.94839, 48.68116], [-125.95052, 48.68121], [-125.95267, 48.68126], [-125.95487, 48.68131], [-125.957, 48.68136], [-125.95917, 48.68141], [-125.96136, 48.68145], [-125.9636, 48.6815], [-125.96587, 48.68156], [-125.96817, 48.68161], [-125.97049, 48.68166], [-125.97284, 48.68171], [-125.97518, 48.68176], [-125.97756, 48.68182], [-125.97995, 48.68187], [-125.98228, 48.68192], [-125.98455, 48.68198], [-125.98688, 48.68203], [-125.98922, 48.68208], [-125.9911, 48.68263], [-125.99156, 48.6824], [-125.99217, 48.68209], [-125.99294, 48.6817], [-125.99371, 48.6813], [-125.99448, 48.68091], [-125.99524, 48.68052], [-125.99599, 48.68014], [-125.99678, 48.67974], [-125.99754, 48.67935], [-125.99829, 48.67897], [-125.99907, 48.67858], [-125.99984, 48.67818], [-126.00059, 48.6778], [-126.00135, 48.67741], [-126.00211, 48.67702], [-126.00288, 48.67663], [-126.00367, 48.67623], [-126.00447, 48.67583], [-126.00527, 48.67542], [-126.00557, 48.67572], [-126.00515, 48.67468], [-126.00473, 48.67366], [-126.00431, 48.67263], [-126.00389, 48.6716], [-126.00346, 48.67055], [-126.00303, 48.66951], [-126.00261, 48.66849], [-126.00219, 48.66746], [-126.00177, 48.66643], [-126.00135, 48.6654], [-126.00091, 48.66433], [-126.00046, 48.66325], [-126.00003, 48.66219], [-125.9996, 48.66115], [-125.99918, 48.66011], [-125.99881, 48.65921], [-125.9985, 48.65846], [-125.99813, 48.65755], [-125.99769, 48.65647], [-125.99691, 48.65552], [-125.99655, 48.6539], [-125.99622, 48.65239], [-125.99588, 48.65087], [-125.99555, 48.64938], [-125.99522, 48.64788], [-125.99489, 48.64638], [-125.99456, 48.64493], [-125.99423, 48.64341], [-125.99389, 48.64188], [-125.99355, 48.64037], [-125.99322, 48.63886], [-125.99288, 48.63734], [-125.99255, 48.63583], [-125.99222, 48.63434], [-125.99188, 48.63282], [-125.99154, 48.6313], [-125.99121, 48.6298], [-125.99087, 48.62827], [-125.99052, 48.62669], [-125.99151, 48.62498], [-125.99429, 48.6236], [-125.99695, 48.62228], [-125.99965, 48.62093], [-126.00236, 48.61959], [-126.00514, 48.6182], [-126.00791, 48.61682], [-126.01056, 48.6155], [-126.01327, 48.61416], [-126.01599, 48.61281], [-126.01874, 48.61144], [-126.0215, 48.61006], [-126.02437, 48.60863], [-126.02727, 48.60719], [-126.0301, 48.60578], [-126.033, 48.60434], [-126.03589, 48.6029], [-126.03872, 48.6015], [-126.04158, 48.60007], [-126.04443, 48.59866], [-126.04775, 48.59669], [-126.05094, 48.59489], [-126.0542, 48.59305], [-126.05765, 48.59109], [-126.0612, 48.58909], [-126.0648, 48.58706], [-126.06857, 48.58493], [-126.07244, 48.58274], [-126.07635, 48.58054], [-126.08028, 48.57831], [-126.08426, 48.57607], [-126.08824, 48.57382], [-126.09234, 48.5715], [-126.09652, 48.56914], [-126.10087, 48.56669], [-126.10521, 48.56423], [-126.10959, 48.56176], [-126.11404, 48.55925], [-126.11853, 48.55671], [-126.12314, 48.5541], [-126.12837, 48.551], [-126.13158, 48.5486], [-126.13477, 48.54623], [-126.13801, 48.54382], [-126.14129, 48.54137], [-126.14463, 48.53889], [-126.14817, 48.53625], [-126.15161, 48.53369], [-126.15526, 48.53097], [-126.15906, 48.52814], [-126.16334, 48.52496], [-126.16816, 48.52137], [-126.17524, 48.5161], [-126.18426, 48.50938], [-126.19289, 48.50296], [-126.20114, 48.49682], [-126.21053, 48.48982], [-126.22064, 48.4823], [-126.23192, 48.47389], [-126.244, 48.4649], [-126.25462, 48.45335], [-126.26446, 48.44019], [-126.27569, 48.42518], [-126.28823, 48.40841], [-126.30184, 48.39021], [-126.31629, 48.37089], [-126.31092, 48.35263], [-126.28748, 48.33615], [-126.26417, 48.31976], [-126.24082, 48.30335], [-126.21764, 48.28705], [-126.19451, 48.2708], [-126.16976, 48.25538], [-126.14437, 48.24223], [-126.11908, 48.22913], [-126.09388, 48.21607], [-126.06986, 48.20363], [-126.04694, 48.19176], [-126.0259, 48.17727], [-126.0085, 48.16066], [-125.98612, 48.15846], [-125.96135, 48.1695], [-125.93838, 48.17974], [-125.91676, 48.18937], [-125.89809, 48.19769], [-125.88217, 48.20479], [-125.86763, 48.21054], [-125.85575, 48.21534], [-125.84438, 48.21994], [-125.83357, 48.2243], [-125.82786, 48.22661], [-125.82696, 48.22697], [-125.8256, 48.22736], [-125.8248, 48.22793], [-125.82416, 48.22838], [-125.82362, 48.22876], [-125.82316, 48.22908], [-125.82276, 48.22937], [-125.82212, 48.22994], [-125.82143, 48.23037], [-125.82094, 48.23068], [-125.82045, 48.23099], [-125.817, 48.23315], [-125.81078, 48.23704], [-125.80713, 48.23946], [-125.8065, 48.23996], [-125.80601, 48.24034], [-125.80556, 48.24069], [-125.80515, 48.24101], [-125.80474, 48.24133], [-125.80409, 48.24179], [-125.80373, 48.24195], [-125.80343, 48.24208], [-125.80311, 48.24222], [-125.80281, 48.24236], [-125.80248, 48.24251], [-125.80169, 48.24355], [-125.80128, 48.24416], [-125.80089, 48.24471], [-125.80056, 48.2452], [-125.8002, 48.24572], [-125.79976, 48.24636], [-125.79916, 48.24722], [-125.7987, 48.2477], [-125.79835, 48.24806], [-125.79806, 48.24837], [-125.79775, 48.24869], [-125.79736, 48.2491], [-125.7969, 48.24972], [-125.79658, 48.25015], [-125.79632, 48.25051], [-125.79604, 48.2509], [-125.79577, 48.25127], [-125.79548, 48.25168], [-125.79497, 48.25247], [-125.79455, 48.2529], [-125.79418, 48.25328], [-125.79378, 48.25369], [-125.79335, 48.25414], [-125.79279, 48.25471], [-125.79029, 48.25656], [-125.78642, 48.25897], [-125.78432, 48.26029], [-125.78376, 48.26064], [-125.78309, 48.26106], [-125.78228, 48.26157], [-125.78082, 48.26257], [-125.7798, 48.26325], [-125.77902, 48.26377], [-125.77831, 48.26424], [-125.77618, 48.26566], [-125.77265, 48.26801], [-125.76834, 48.27079], [-125.76426, 48.27302], [-125.76054, 48.27504], [-125.75688, 48.27704], [-125.75457, 48.2783], [-125.75351, 48.27888], [-125.75027, 48.28064], [-125.74588, 48.28294], [-125.74168, 48.28513], [-125.73746, 48.28734], [-125.73335, 48.28949], [-125.72923, 48.29165], [-125.72288, 48.29431], [-125.71726, 48.2964], [-125.71166, 48.29848], [-125.70619, 48.30052], [-125.70168, 48.30219], [-125.698, 48.30356], [-125.69346, 48.30525], [-125.68818, 48.30721], [-125.68348, 48.30896], [-125.67929, 48.31052], [-125.67462, 48.31225], [-125.66964, 48.3141], [-125.6647, 48.31594], [-125.65987, 48.31774], [-125.65511, 48.31951], [-125.65037, 48.32127], [-125.64553, 48.32307], [-125.6407, 48.32487], [-125.63591, 48.32664], [-125.63105, 48.32845], [-125.62483, 48.33002], [-125.62023, 48.33113], [-125.61565, 48.33223], [-125.61106, 48.33333], [-125.60669, 48.33438], [-125.60263, 48.33536], [-125.5982, 48.33642], [-125.59349, 48.33756], [-125.58876, 48.33869], [-125.58401, 48.33983], [-125.57928, 48.34097], [-125.57457, 48.3421], [-125.56978, 48.34325], [-125.56504, 48.34439], [-125.56038, 48.34551], [-125.55563, 48.34665], [-125.55076, 48.34782], [-125.54598, 48.34897], [-125.54134, 48.35009], [-125.53669, 48.3512], [-125.53154, 48.35261], [-125.5283, 48.35427], [-125.52511, 48.35589], [-125.52191, 48.35752], [-125.51895, 48.35903], [-125.51625, 48.3604], [-125.51327, 48.36192], [-125.51011, 48.36353], [-125.50694, 48.36514], [-125.50378, 48.36675], [-125.50062, 48.36836], [-125.49748, 48.36996], [-125.49432, 48.37157], [-125.49116, 48.37318], [-125.48803, 48.37477], [-125.48494, 48.37635], [-125.48187, 48.37791], [-125.47879, 48.37947], [-125.47604, 48.38087], [-125.47349, 48.38217], [-125.47128, 48.38413], [-125.46937, 48.38626], [-125.46748, 48.38836], [-125.46561, 48.39045], [-125.46373, 48.39255], [-125.46187, 48.39462], [-125.45999, 48.39672], [-125.45809, 48.39885], [-125.45617, 48.40098], [-125.45424, 48.40314], [-125.4523, 48.4053], [-125.45039, 48.40743], [-125.44848, 48.40957], [-125.44659, 48.41167], [-125.44474, 48.41374], [-125.44291, 48.41578], [-125.44109, 48.41781], [-125.43922, 48.4199], [-125.43711, 48.42225], [-125.43477, 48.42487], [-125.43381, 48.42799], [-125.43248, 48.4305], [-125.43116, 48.43301], [-125.42984, 48.4355], [-125.42852, 48.43802], [-125.42718, 48.44054], [-125.42584, 48.44309], [-125.4245, 48.44564], [-125.42315, 48.4482], [-125.42179, 48.45077], [-125.42044, 48.45332], [-125.41911, 48.45586], [-125.41776, 48.45842], [-125.41639, 48.461], [-125.41502, 48.4636], [-125.41368, 48.46615], [-125.41233, 48.46871], [-125.41097, 48.47128], [-125.40963, 48.47382], [-125.40829, 48.47637], [-125.40582, 48.47925], [-125.40262, 48.48108], [-125.39953, 48.48284], [-125.39646, 48.48459], [-125.39332, 48.48638], [-125.3902, 48.48816], [-125.38712, 48.48991], [-125.38408, 48.49165], [-125.38103, 48.49338], [-125.37799, 48.49512], [-125.37499, 48.49683], [-125.37196, 48.49855], [-125.36913, 48.50017], [-125.36651, 48.50166], [-125.36436, 48.50289], [-125.36264, 48.50387], [-125.36078, 48.50493], [-125.35881, 48.50605], [-125.35677, 48.50722], [-125.35462, 48.50844], [-125.3514, 48.50993], [-125.34812, 48.51097], [-125.345, 48.51196], [-125.34179, 48.51297], [-125.33791, 48.5142], [-125.33356, 48.51558], [-125.32894, 48.51705], [-125.32413, 48.51857], [-125.31933, 48.52009], [-125.31458, 48.5216], [-125.31002, 48.52305], [-125.3056, 48.52445], [-125.30134, 48.5258], [-125.29726, 48.52709], [-125.29327, 48.52836], [-125.28931, 48.52961], [-125.28535, 48.53087], [-125.28143, 48.53211], [-125.27755, 48.53334], [-125.27363, 48.53459], [-125.26856, 48.53649], [-125.26451, 48.53783], [-125.26064, 48.53911], [-125.25681, 48.54038], [-125.25299, 48.54165], [-125.24919, 48.54291], [-125.24541, 48.54416], [-125.24167, 48.5454], [-125.23792, 48.54664], [-125.23421, 48.54787], [-125.23022, 48.54919], [-125.2259, 48.55062], [-125.22178, 48.55199], [-125.2181, 48.55321], [-125.2145, 48.5544], [-125.21091, 48.55559], [-125.20737, 48.55676], [-125.20382, 48.55794], [-125.2003, 48.5591], [-125.19687, 48.56024], [-125.19409, 48.56233], [-125.1926, 48.56438], [-125.19121, 48.56628], [-125.18981, 48.5682], [-125.18819, 48.57042], [-125.18681, 48.57231], [-125.18545, 48.57418], [-125.18408, 48.57606], [-125.18269, 48.57795], [-125.18132, 48.57984], [-125.17993, 48.58174], [-125.17853, 48.58366], [-125.17712, 48.5856], [-125.17571, 48.58753], [-125.17425, 48.58954], [-125.17277, 48.59155], [-125.1713, 48.59358], [-125.16982, 48.59561], [-125.16834, 48.59763], [-125.16686, 48.59967], [-125.16595, 48.60298], [-125.1649, 48.60539], [-125.1639, 48.60768], [-125.16294, 48.60987], [-125.16197, 48.6121], [-125.16102, 48.61427], [-125.1601, 48.6164], [-125.15915, 48.61857], [-125.15821, 48.62074], [-125.15731, 48.62279], [-125.1564, 48.62488], [-125.15548, 48.62699], [-125.15514, 48.62932], [-125.15393, 48.63078], [-125.15277, 48.63219], [-125.15166, 48.63355], [-125.15051, 48.63493], [-125.14932, 48.63638], [-125.14817, 48.63777], [-125.14708, 48.6391], [-125.14601, 48.6404], [-125.14495, 48.64168], [-125.14398, 48.64285], [-125.14308, 48.64394], [-125.14456, 48.64596], [-125.14641, 48.64725], [-125.14839, 48.64862], [-125.15057, 48.65015], [-125.15301, 48.65184], [-125.15543, 48.65353], [-125.15791, 48.65526], [-125.16037, 48.65697], [-125.1628, 48.65867], [-125.1652, 48.66034], [-125.16757, 48.66199], [-125.17003, 48.66371], [-125.1733, 48.66598], [-125.17579, 48.66767], [-125.17807, 48.66923], [-125.18034, 48.67078], [-125.18271, 48.67239], [-125.18508, 48.674], [-125.18736, 48.67556], [-125.18964, 48.6771], [-125.19198, 48.6787], [-125.19429, 48.68027], [-125.19675, 48.68194], [-125.19908, 48.68353], [-125.20263, 48.68602], [-125.20501, 48.68754], [-125.20721, 48.68896], [-125.20945, 48.69038], [-125.21172, 48.69183], [-125.21404, 48.69332], [-125.21637, 48.69481], [-125.21872, 48.69631], [-125.22111, 48.69784], [-125.22349, 48.69936], [-125.22591, 48.7009], [-125.22841, 48.7025], [-125.23234, 48.70522], [-125.23499, 48.70686], [-125.23753, 48.70842], [-125.24011, 48.71002], [-125.2428, 48.71168], [-125.24548, 48.71334], [-125.24814, 48.71498], [-125.25079, 48.71662], [-125.25348, 48.71828], [-125.25622, 48.71997], [-125.25894, 48.72165], [-125.26178, 48.7234], [-125.26531, 48.72606], [-125.26764, 48.72796], [-125.26982, 48.72974], [-125.27205, 48.73155], [-125.27475, 48.7337], [-125.2766, 48.73527], [-125.27813, 48.73656], [-125.27955, 48.73776], [-125.28198, 48.73993], [-125.28332, 48.74135], [-125.28458, 48.7427], [-125.28592, 48.74413], [-125.29002, 48.74621], [-125.29419, 48.74706], [-125.29807, 48.74784], [-125.30183, 48.74861], [-125.30573, 48.7494], [-125.30952, 48.75017], [-125.31329, 48.75094], [-125.31712, 48.75172], [-125.32097, 48.7525], [-125.32477, 48.75327], [-125.32854, 48.75404], [-125.3323, 48.7548], [-125.33619, 48.75559], [-125.3401, 48.75638], [-125.34402, 48.75718], [-125.34789, 48.75797], [-125.35179, 48.75876], [-125.35566, 48.75955], [-125.35951, 48.76033], [-125.36334, 48.76111], [-125.36873, 48.76213], [-125.3733, 48.76249], [-125.37755, 48.76283], [-125.38183, 48.76318], [-125.3862, 48.76353], [-125.3906, 48.76388], [-125.39498, 48.76423], [-125.39933, 48.76458], [-125.40387, 48.76494], [-125.40839, 48.7653], [-125.4128, 48.76565], [-125.41724, 48.76601], [-125.42181, 48.76637], [-125.42634, 48.76674], [-125.43088, 48.7671], [-125.43549, 48.76747], [-125.44015, 48.76784], [-125.4448, 48.76821], [-125.44954, 48.76859], [-125.45447, 48.76899], [-125.46038, 48.76893], [-125.46399, 48.76817], [-125.46762, 48.7674], [-125.47129, 48.76662], [-125.47507, 48.76582], [-125.47887, 48.76502], [-125.4827, 48.76421], [-125.48656, 48.76339], [-125.49049, 48.76256], [-125.49444, 48.76172], [-125.4984, 48.76088], [-125.50241, 48.76004], [-125.50649, 48.75917], [-125.51062, 48.7583], [-125.51485, 48.7574], [-125.51911, 48.7565], [-125.5234, 48.75559], [-125.52772, 48.75468], [-125.53214, 48.75374], [-125.53676, 48.75276], [-125.54124, 48.75112], [-125.54429, 48.74984], [-125.54725, 48.74861], [-125.55025, 48.74735], [-125.55333, 48.74607], [-125.55641, 48.74478], [-125.5596, 48.74344], [-125.56282, 48.7421], [-125.5661, 48.74073], [-125.56947, 48.73932], [-125.573, 48.73784], [-125.5767, 48.7363], [-125.58067, 48.73464], [-125.58487, 48.73288], [-125.5892, 48.73107], [-125.5937, 48.72919], [-125.598, 48.72739], [-125.60216, 48.72566], [-125.60594, 48.72408], [-125.60941, 48.72263], [-125.61539, 48.72055], [-125.61955, 48.71923], [-125.62362, 48.71793], [-125.6278, 48.7166], [-125.63201, 48.71525], [-125.63619, 48.71392], [-125.64046, 48.71256], [-125.64466, 48.71122], [-125.64827, 48.71007], [-125.6514, 48.70907], [-125.6553, 48.70783], [-125.65992, 48.70635], [-125.66492, 48.70476], [-125.67025, 48.70306], [-125.67523, 48.70147], [-125.67983, 48.70001], [-125.68429, 48.69858], [-125.68864, 48.6972], [-125.69256, 48.69595], [-125.69606, 48.69483], [-125.70627, 48.69486], [-125.71234, 48.69377], [-125.71805, 48.69275], [-125.72366, 48.69175], [-125.72923, 48.69076], [-125.7348, 48.68976], [-125.74033, 48.68878], [-125.7457, 48.68782], [-125.75116, 48.68684], [-125.7566, 48.68587], [-125.76202, 48.68491], [-125.76736, 48.68395], [-125.77222, 48.68309], [-125.77663, 48.6823], [-125.78018, 48.68167], [-125.78286, 48.68119], [-125.78542, 48.68073], [-125.78779, 48.68031], [-125.79014, 48.67989], [-125.79261, 48.67945], [-125.7977, 48.67923], [-125.80038, 48.67891], [-125.80278, 48.67862], [-125.80516, 48.67834], [-125.8076, 48.67805], [-125.81003, 48.67776], [-125.8125, 48.67747], [-125.81503, 48.67716], [-125.81757, 48.67686], [-125.82006, 48.67656], [-125.82257, 48.67627], [-125.82506, 48.67597], [-125.82761, 48.67566], [-125.83029, 48.67535], [-125.83298, 48.67503], [-125.83554, 48.67472], [-125.8382, 48.6744], [-125.84091, 48.67408], [-125.84368, 48.67375], [-125.84657, 48.67341], [-125.85109, 48.6733], [-125.85386, 48.67308], [-125.85636, 48.67288], [-125.85884, 48.67268], [-125.8614, 48.67248], [-125.86401, 48.67227], [-125.86661, 48.67207], [-125.86916, 48.67186], [-125.87169, 48.67166], [-125.87417, 48.67147], [-125.8767, 48.67127], [-125.87925, 48.67106], [-125.88188, 48.67086], [-125.88446, 48.67065], [-125.88705, 48.67044], [-125.8897, 48.67023], [-125.89233, 48.67003], [-125.89488, 48.66982], [-125.89747, 48.66962], [-125.90005, 48.66941], [-125.90401, 48.66967], [-125.90653, 48.66971], [-125.90881, 48.66975], [-125.91114, 48.66978], [-125.91353, 48.66982], [-125.91591, 48.66986], [-125.91831, 48.6699], [-125.92072, 48.66993], [-125.92319, 48.66997], [-125.92569, 48.67001], [-125.92819, 48.67005], [-125.93068, 48.67009], [-125.93324, 48.67013], [-125.93582, 48.67017], [-125.93843, 48.67021], [-125.94104, 48.67025], [-125.94368, 48.67029], [-125.9464, 48.67034], [-125.94916, 48.67038], [-125.95204, 48.67042], [-125.95645, 48.67087], [-125.95848, 48.67075], [-125.96037, 48.67063], [-125.96226, 48.67052], [-125.96419, 48.6704], [-125.96612, 48.67029], [-125.96807, 48.67017], [-125.97005, 48.67005], [-125.97196, 48.66994], [-125.97388, 48.66983], [-125.97589, 48.66971], [-125.9779, 48.66959], [-125.97996, 48.66946], [-125.98199, 48.66934], [-125.98399, 48.66922], [-125.98596, 48.6691], [-125.98792, 48.66899], [-125.98992, 48.66887], [-125.99192, 48.66875], [-125.9939, 48.66863], [-125.99679, 48.66935], [-125.99744, 48.66882], [-125.99812, 48.66827], [-125.99874, 48.66777], [-125.99933, 48.66729], [-125.99994, 48.6668], [-126.00056, 48.66629], [-126.00118, 48.6658], [-126.0018, 48.66529], [-126.0024, 48.66481], [-126.00301, 48.66431], [-126.00362, 48.66382], [-126.00403, 48.66349], [-126.00425, 48.66331], [-126.00468, 48.66296], [-126.00529, 48.66246], [-126.00591, 48.66196], [-126.00652, 48.66147], [-126.00713, 48.66098], [-126.00776, 48.66047], [-126.01017, 48.66003], [-126.01235, 48.65899], [-126.0144, 48.65801], [-126.01644, 48.65704], [-126.01852, 48.65604], [-126.0206, 48.65505], [-126.0227, 48.65405], [-126.02485, 48.65302], [-126.02704, 48.65198], [-126.02919, 48.65095], [-126.03134, 48.64993], [-126.03354, 48.64888], [-126.03581, 48.6478], [-126.03805, 48.64673], [-126.04025, 48.64567], [-126.04247, 48.64462], [-126.04473, 48.64354], [-126.04701, 48.64245], [-126.04936, 48.64133], [-126.05178, 48.64018], [-126.05623, 48.63986], [-126.05925, 48.63848], [-126.06211, 48.63717], [-126.06502, 48.63584], [-126.06796, 48.63449], [-126.07088, 48.63316], [-126.07382, 48.63181], [-126.07682, 48.63043], [-126.07994, 48.62901], [-126.08307, 48.62758], [-126.08625, 48.62612], [-126.08942, 48.62467], [-126.09258, 48.62322], [-126.09577, 48.62175], [-126.09906, 48.62025], [-126.10234, 48.61875], [-126.10553, 48.61729], [-126.10875, 48.61581], [-126.11214, 48.61426], [-126.11568, 48.61264], [-126.12003, 48.61088], [-126.12284, 48.60873], [-126.12563, 48.6066], [-126.12847, 48.60442], [-126.13135, 48.60221], [-126.1343, 48.59995], [-126.13708, 48.59782], [-126.13977, 48.59576], [-126.14437, 48.59223], [-126.15069, 48.58739], [-126.15808, 48.58173], [-126.16645, 48.57532], [-126.17577, 48.56817], [-126.18592, 48.56039], [-126.19654, 48.55226], [-126.20731, 48.54401], [-126.2181, 48.53574], [-126.2289, 48.52746], [-126.24095, 48.51823], [-126.2543, 48.508], [-126.26522, 48.49667], [-126.27315, 48.48521], [-126.28127, 48.47346], [-126.28969, 48.4613], [-126.29846, 48.44861], [-126.3074, 48.43569], [-126.3167, 48.41885], [-126.32555, 48.39948], [-126.31943, 48.38314], [-126.29885, 48.36986], [-126.27851, 48.35674], [-126.25805, 48.34354], [-126.23715, 48.33007], [-126.2163, 48.31662], [-126.19615, 48.30374], [-126.17667, 48.29081], [-126.13709, 48.26456], [-126.09752, 48.23831], [-126.08077, 48.22438], [-126.06665, 48.21042], [-126.0524, 48.19634], [-126.03801, 48.18211], [-126.02312, 48.16739], [-126.00781, 48.15226], [-125.9883, 48.15209], [-125.96696, 48.16569], [-125.94795, 48.17779], [-125.93085, 48.18868], [-125.91588, 48.19822], [-125.90251, 48.20673], [-125.89016, 48.21519], [-125.87848, 48.22186], [-125.86812, 48.22779], [-125.85883, 48.23309], [-125.85046, 48.23787], [-125.84298, 48.24215], [-125.83459, 48.2468], [-125.82659, 48.25026], [-125.82215, 48.25218], [-125.82088, 48.25273], [-125.81733, 48.25426], [-125.81155, 48.25676], [-125.80684, 48.25891], [-125.80446, 48.25984], [-125.8009, 48.26123], [-125.7964, 48.26299], [-125.79194, 48.26474], [-125.78747, 48.26648], [-125.78275, 48.26856], [-125.77892, 48.27028], [-125.77512, 48.27198], [-125.77139, 48.27365], [-125.76766, 48.27533], [-125.76401, 48.27697], [-125.75961, 48.27903], [-125.75585, 48.28061], [-125.75243, 48.28204], [-125.74896, 48.2835], [-125.7467, 48.28445], [-125.74565, 48.28489], [-125.74182, 48.28623], [-125.73714, 48.28797], [-125.73311, 48.28947], [-125.72981, 48.2907], [-125.72582, 48.29218], [-125.72112, 48.29394], [-125.71645, 48.29568], [-125.71179, 48.29741], [-125.7071, 48.29916], [-125.7025, 48.30087], [-125.6982, 48.30247], [-125.69418, 48.30397], [-125.68998, 48.30553], [-125.68566, 48.30714], [-125.68132, 48.30876], [-125.67702, 48.31036], [-125.67282, 48.31193], [-125.66864, 48.31348], [-125.66441, 48.31506], [-125.66014, 48.31665], [-125.65596, 48.31807], [-125.6525, 48.31935], [-125.64928, 48.32054], [-125.64607, 48.32173], [-125.64281, 48.32294], [-125.63958, 48.32413], [-125.63634, 48.32533], [-125.63311, 48.32653], [-125.62986, 48.32773], [-125.62667, 48.32891], [-125.6235, 48.33009], [-125.62031, 48.33127], [-125.61704, 48.33248], [-125.61377, 48.33369], [-125.61047, 48.33492], [-125.60715, 48.33614], [-125.60377, 48.3374], [-125.60042, 48.33864], [-125.59707, 48.33988], [-125.59365, 48.34114], [-125.59071, 48.34331], [-125.58848, 48.34552], [-125.58638, 48.3476], [-125.58425, 48.34972], [-125.58208, 48.35187], [-125.57995, 48.35398], [-125.57776, 48.35616], [-125.57554, 48.35835], [-125.57338, 48.3605], [-125.57121, 48.36264], [-125.56901, 48.36483], [-125.56682, 48.367], [-125.56466, 48.36915], [-125.56251, 48.37127], [-125.56038, 48.37339], [-125.55827, 48.37548], [-125.55621, 48.37752], [-125.55416, 48.37955], [-125.55213, 48.38156], [-125.55007, 48.3836], [-125.54678, 48.38621], [-125.54325, 48.38802], [-125.53989, 48.38973], [-125.53651, 48.39146], [-125.53313, 48.39318], [-125.52977, 48.3949], [-125.52639, 48.39662], [-125.52299, 48.39836], [-125.5197, 48.40004], [-125.51646, 48.4017], [-125.51318, 48.40337], [-125.50994, 48.40502], [-125.50667, 48.40669], [-125.50338, 48.40837], [-125.50009, 48.41005], [-125.49684, 48.41171], [-125.49355, 48.41339], [-125.49022, 48.41509], [-125.48674, 48.41687], [-125.48306, 48.41875], [-125.47842, 48.42024], [-125.47489, 48.42145], [-125.47189, 48.42247], [-125.46933, 48.42335], [-125.46724, 48.42406], [-125.46561, 48.42461], [-125.46281, 48.42557], [-125.45882, 48.42693], [-125.45475, 48.42832], [-125.45066, 48.42972], [-125.44666, 48.43109], [-125.44273, 48.43243], [-125.43873, 48.43379], [-125.43476, 48.43515], [-125.4308, 48.4365], [-125.42685, 48.43785], [-125.42295, 48.43918], [-125.41902, 48.44052], [-125.41505, 48.44188], [-125.41103, 48.44325], [-125.40725, 48.44505], [-125.40428, 48.44689], [-125.40128, 48.44874], [-125.39827, 48.4506], [-125.39527, 48.45246], [-125.39225, 48.45433], [-125.38922, 48.45621], [-125.38614, 48.45811], [-125.38305, 48.46003], [-125.38, 48.46191], [-125.37695, 48.4638], [-125.37391, 48.46568], [-125.37083, 48.46759], [-125.36777, 48.46948], [-125.36469, 48.47139], [-125.36165, 48.47327], [-125.35864, 48.47513], [-125.3556, 48.47701], [-125.35257, 48.47889], [-125.34951, 48.48078], [-125.34622, 48.48311], [-125.34264, 48.48517], [-125.33929, 48.48711], [-125.33602, 48.489], [-125.33269, 48.49093], [-125.32934, 48.49286], [-125.32607, 48.49475], [-125.32288, 48.49659], [-125.31966, 48.49845], [-125.31644, 48.50032], [-125.31326, 48.50215], [-125.31013, 48.50396], [-125.30703, 48.50575], [-125.30396, 48.50753], [-125.30088, 48.50931], [-125.29779, 48.51109], [-125.29475, 48.51285], [-125.29176, 48.51458], [-125.28876, 48.51632], [-125.2857, 48.51808], [-125.28348, 48.52027], [-125.28261, 48.52204], [-125.28177, 48.52374], [-125.28096, 48.52536], [-125.28014, 48.52701], [-125.27934, 48.52863], [-125.27855, 48.53022], [-125.27776, 48.5318], [-125.27698, 48.53337], [-125.27621, 48.53494], [-125.27543, 48.53649], [-125.27467, 48.53803], [-125.27389, 48.5396], [-125.27311, 48.54117], [-125.27234, 48.54273], [-125.27156, 48.5443], [-125.27078, 48.54586], [-125.27004, 48.54736], [-125.26929, 48.54887], [-125.26852, 48.55041], [-125.2692, 48.55328], [-125.26933, 48.55526], [-125.26946, 48.5572], [-125.26959, 48.55912], [-125.26972, 48.56105], [-125.26985, 48.56298], [-125.26998, 48.56489], [-125.27011, 48.56681], [-125.27024, 48.56876], [-125.27037, 48.57069], [-125.2705, 48.57263], [-125.27063, 48.57459], [-125.27077, 48.57669], [-125.27092, 48.57895], [-125.27107, 48.58119], [-125.27122, 48.58338], [-125.27136, 48.58555], [-125.27151, 48.58769], [-125.27165, 48.5898], [-125.27179, 48.59196], [-125.27237, 48.59488], [-125.27118, 48.5965], [-125.27004, 48.59806], [-125.26891, 48.59962], [-125.26779, 48.60114], [-125.26668, 48.60266], [-125.26556, 48.6042], [-125.26446, 48.60571], [-125.26335, 48.60724], [-125.26223, 48.60877], [-125.26109, 48.61033], [-125.25994, 48.61191], [-125.25881, 48.61344], [-125.25771, 48.61495], [-125.25661, 48.61647], [-125.25551, 48.61796], [-125.25442, 48.61946], [-125.25332, 48.62097], [-125.2522, 48.6225], [-125.25113, 48.62397], [-125.25015, 48.62578], [-125.24749, 48.62614], [-125.2449, 48.62649], [-125.24233, 48.62684], [-125.2398, 48.62718], [-125.23726, 48.62753], [-125.23473, 48.62787], [-125.23221, 48.62821], [-125.22984, 48.62853], [-125.22767, 48.62883], [-125.22535, 48.62914], [-125.22289, 48.62948], [-125.22042, 48.62981], [-125.21796, 48.63015], [-125.21549, 48.63048], [-125.21307, 48.63081], [-125.21062, 48.63115], [-125.20814, 48.63148], [-125.20571, 48.63181], [-125.20335, 48.63213], [-125.20077, 48.63277], [-125.19819, 48.63273], [-125.19575, 48.6327], [-125.19329, 48.63267], [-125.19104, 48.63264], [-125.18905, 48.63262], [-125.18686, 48.63259], [-125.18447, 48.63256], [-125.18209, 48.63253], [-125.17972, 48.6325], [-125.17734, 48.63247], [-125.17497, 48.63244], [-125.17259, 48.63241], [-125.17024, 48.63238], [-125.16786, 48.63235], [-125.16545, 48.63232], [-125.16307, 48.63229], [-125.16076, 48.63226], [-125.15845, 48.63223], [-125.15608, 48.6322], [-125.15541, 48.63302], [-125.15372, 48.63387], [-125.15199, 48.63474], [-125.15041, 48.63553], [-125.14874, 48.63637], [-125.1471, 48.6372], [-125.1454, 48.63805], [-125.14385, 48.63883], [-125.14223, 48.63964], [-125.14078, 48.64038], [-125.13924, 48.64115], [-125.13782, 48.64186], [-125.13884, 48.64316], [-125.14102, 48.64462], [-125.14307, 48.64599], [-125.14504, 48.64731], [-125.14695, 48.64859], [-125.14889, 48.64989], [-125.15078, 48.65115], [-125.15261, 48.65238], [-125.15461, 48.65372], [-125.15669, 48.65511], [-125.15883, 48.65655], [-125.16104, 48.65802], [-125.1636, 48.65957], [-125.16554, 48.66106], [-125.16738, 48.66248], [-125.16919, 48.66387], [-125.171, 48.66526], [-125.17282, 48.66666], [-125.17464, 48.66806], [-125.17644, 48.66944], [-125.17826, 48.67085], [-125.18006, 48.67223], [-125.18182, 48.67358], [-125.18364, 48.67498], [-125.18574, 48.67658], [-125.18716, 48.67783], [-125.18855, 48.67904], [-125.18994, 48.68026], [-125.19133, 48.68147], [-125.19275, 48.68271], [-125.19416, 48.68395], [-125.1955, 48.68512], [-125.19684, 48.68629], [-125.1982, 48.68748], [-125.19956, 48.68867], [-125.20095, 48.68988], [-125.20237, 48.69106], [-125.2037, 48.69203], [-125.20497, 48.69295], [-125.20622, 48.69387], [-125.20748, 48.69478], [-125.20879, 48.69574], [-125.21011, 48.6967], [-125.21136, 48.69761], [-125.21263, 48.69854], [-125.2139, 48.69946], [-125.21516, 48.70038], [-125.21648, 48.70135], [-125.21802, 48.7024], [-125.21949, 48.70338], [-125.22089, 48.70431], [-125.22226, 48.70522], [-125.22362, 48.70613], [-125.22504, 48.70707], [-125.22649, 48.70804], [-125.22787, 48.70896], [-125.22926, 48.70989], [-125.23068, 48.71083], [-125.2321, 48.71178], [-125.23357, 48.71276], [-125.23545, 48.71398], [-125.23712, 48.71511], [-125.2387, 48.71618], [-125.24024, 48.71721], [-125.24176, 48.71824], [-125.24331, 48.71928], [-125.24489, 48.72035], [-125.24646, 48.72141], [-125.24802, 48.72246], [-125.24954, 48.72348], [-125.25104, 48.72449], [-125.2526, 48.72554], [-125.25427, 48.72719], [-125.25491, 48.72858], [-125.25551, 48.72988], [-125.25608, 48.73111], [-125.25664, 48.7323], [-125.25718, 48.73348], [-125.2577, 48.7346], [-125.25819, 48.73567], [-125.25865, 48.73664], [-125.25907, 48.73755], [-125.25948, 48.73845], [-125.25988, 48.7393], [-125.26067, 48.74062], [-125.26115, 48.74149], [-125.26159, 48.74228], [-125.26203, 48.74307], [-125.26276, 48.74435], [-125.26322, 48.74526], [-125.26362, 48.74603], [-125.26399, 48.74676], [-125.26469, 48.74815], [-125.2651, 48.74913], [-125.26547, 48.74999], [-125.26582, 48.75081], [-125.26651, 48.75244], [-125.26689, 48.75347], [-125.26724, 48.75443], [-125.26758, 48.75539], [-125.26825, 48.75707], [-125.2687, 48.7583], [-125.26912, 48.75941], [-125.26953, 48.76052], [-125.2703, 48.76234], [-125.27071, 48.76359], [-125.27111, 48.76476], [-125.27151, 48.76599], [-125.27207, 48.76796], [-125.27237, 48.76937], [-125.27268, 48.77079], [-125.27302, 48.7724], [-125.27327, 48.77444], [-125.27295, 48.77616], [-125.27262, 48.77788], [-125.27229, 48.77966], [-125.27169, 48.78185], [-125.27096, 48.78373], [-125.27023, 48.78564], [-125.26945, 48.78765], [-125.26823, 48.79009], [-125.26701, 48.79202], [-125.2658, 48.79394], [-125.26464, 48.79577], [-125.26371, 48.7978], [-125.26339, 48.79965], [-125.26307, 48.80155], [-125.2627, 48.80369], [-125.26223, 48.80613], [-125.26202, 48.80838], [-125.26182, 48.81052], [-125.26162, 48.81271], [-125.26132, 48.81529], [-125.26132, 48.81745], [-125.26133, 48.81949], [-125.26133, 48.82161], [-125.26151, 48.82397], [-125.26158, 48.82603], [-125.26165, 48.82805], [-125.26171, 48.83007], [-125.26101, 48.8323], [-125.25978, 48.83415], [-125.25862, 48.83592], [-125.25745, 48.83769], [-125.25642, 48.83972], [-125.25569, 48.84148], [-125.25499, 48.84316], [-125.25429, 48.84484], [-125.25295, 48.84641], [-125.25103, 48.84747], [-125.2492, 48.84848], [-125.24747, 48.84944], [-125.24571, 48.85053], [-125.24387, 48.85146], [-125.2421, 48.85236], [-125.24038, 48.85323], [-125.2387, 48.85435], [-125.23741, 48.85549], [-125.23616, 48.85657], [-125.23488, 48.85769], [-125.23376, 48.85893], [-125.23246, 48.85999], [-125.23123, 48.86098], [-125.23002, 48.86196], [-125.22891, 48.86317], [-125.22766, 48.86418], [-125.22646, 48.86517], [-125.22528, 48.86612], [-125.22431, 48.86725], [-125.22311, 48.86838], [-125.22196, 48.86946], [-125.22076, 48.87058], [-125.21956, 48.87178], [-125.21827, 48.87279], [-125.21702, 48.87377], [-125.21571, 48.87479], [-125.21392, 48.87558], [-125.21203, 48.87597], [-125.21023, 48.87634], [-125.20847, 48.87671], [-125.2064, 48.87729], [-125.20453, 48.87782], [-125.20273, 48.87833], [-125.20085, 48.87886], [-125.19861, 48.87956], [-125.19684, 48.88009], [-125.19508, 48.88062], [-125.19324, 48.88118], [-125.19133, 48.88197], [-125.18974, 48.88274], [-125.18817, 48.88349], [-125.18653, 48.88428], [-125.18465, 48.88519], [-125.18299, 48.88613], [-125.18141, 48.88703], [-125.17975, 48.88797], [-125.17956, 48.88808], [-125.18118, 48.88743], [-125.18281, 48.88678], [-125.18449, 48.88611], [-125.18622, 48.88531], [-125.18811, 48.88452], [-125.18991, 48.88377], [-125.19178, 48.88299], [-125.19286, 48.8822], [-125.19504, 48.88198], [-125.19713, 48.88176], [-125.1992, 48.88155], [-125.19926, 48.88187], [-125.19734, 48.88264], [-125.19544, 48.88341], [-125.19345, 48.88422], [-125.19101, 48.88506], [-125.1889, 48.88586], [-125.18681, 48.88665], [-125.18465, 48.88747], [-125.18423, 48.8876], [-125.18587, 48.88709], [-125.18747, 48.88658], [-125.18914, 48.88606], [-125.19042, 48.88565], [-125.19245, 48.88528], [-125.19434, 48.88495], [-125.19623, 48.88461], [-125.19865, 48.88372], [-125.20059, 48.8832], [-125.2024, 48.88271], [-125.20419, 48.88223], [-125.2043, 48.8821], [-125.20187, 48.88273], [-125.19956, 48.88332], [-125.19716, 48.88393], [-125.19651, 48.88321], [-125.19575, 48.88338]]}, "properties": {"deployment": "dfo-eva035-20251119", "glider": "eva035", "group": "svi_shelf", "segment": 0, "n_points": 1563, "deployment_start": "2025-11-19", "deployment_month": "2025-11", "segment_start": "2025-11-19T19:14", "segment_end": "2025-12-03T17:29", "segment_month": "2025-11", "epoch_days": 634, "segment_epoch_days": 634}}, {"type": "Feature", "geometry": {"type": "LineString", "coordinates": [[-125.23155, 48.86732], [-125.23266, 48.86735], [-125.23367, 48.86686], [-125.23522, 48.86647], [-125.23708, 48.86536], [-125.23901, 48.86471], [-125.24068, 48.86348], [-125.24105, 48.86319], [-125.24103, 48.8632], [-125.24098, 48.86322], [-125.24095, 48.86323], [-125.24089, 48.86326], [-125.24087, 48.86327], [-125.24059, 48.86339], [-125.24054, 48.86342], [-125.24019, 48.86357], [-125.24012, 48.8636], [-125.23982, 48.86373], [-125.23979, 48.86374], [-125.23952, 48.86386], [-125.23943, 48.8639], [-125.23914, 48.86403], [-125.23908, 48.86406], [-125.23872, 48.86422], [-125.23865, 48.86424], [-125.23821, 48.86444], [-125.23815, 48.86447], [-125.23759, 48.86471], [-125.23751, 48.86475], [-125.23701, 48.86497], [-125.23692, 48.86501], [-125.23669, 48.86511], [-125.23657, 48.86516], [-125.23638, 48.86524], [-125.2363, 48.86528], [-125.23608, 48.86538], [-125.23604, 48.86539], [-125.23583, 48.86549], [-125.23576, 48.86552], [-125.23551, 48.86563], [-125.23546, 48.86565], [-125.23516, 48.86578], [-125.2351, 48.8658], [-125.2348, 48.86594], [-125.2347, 48.86598], [-125.23422, 48.86619], [-125.23419, 48.86621], [-125.23359, 48.86647], [-125.23354, 48.86649], [-125.23334, 48.86658], [-125.23328, 48.86661], [-125.23312, 48.86668], [-125.23306, 48.8667], [-125.2328, 48.86682], [-125.23273, 48.86685], [-125.23216, 48.8671], [-125.23196, 48.86719], [-125.23174, 48.86728], [-125.23152, 48.86738], [-125.23042, 48.86786], [-125.23019, 48.86797], [-125.22911, 48.86844], [-125.22889, 48.86854], [-125.22867, 48.86863], [-125.22844, 48.86873], [-125.22748, 48.86916], [-125.22734, 48.86922], [-125.22683, 48.86944], [-125.22673, 48.86949], [-125.22634, 48.86966], [-125.22626, 48.86969], [-125.22599, 48.86981], [-125.22593, 48.86984], [-125.22543, 48.87006], [-125.22532, 48.87011], [-125.22488, 48.8703], [-125.22478, 48.87034], [-125.22429, 48.87056], [-125.22424, 48.87058], [-125.22376, 48.87079], [-125.22369, 48.87082], [-125.22317, 48.87105], [-125.22311, 48.87108], [-125.22245, 48.87137], [-125.2224, 48.87139], [-125.2218, 48.87165], [-125.22175, 48.87168], [-125.22124, 48.8719], [-125.22119, 48.87192], [-125.2208, 48.87209], [-125.22074, 48.87212], [-125.22036, 48.87229], [-125.22028, 48.87232], [-125.2199, 48.87249], [-125.21982, 48.87252], [-125.21965, 48.8726], [-125.21959, 48.87262], [-125.21943, 48.8727], [-125.21938, 48.87272], [-125.2192, 48.8728], [-125.21916, 48.87281], [-125.219, 48.87288], [-125.21898, 48.87289], [-125.21882, 48.87296], [-125.2188, 48.87297], [-125.21864, 48.87304], [-125.21862, 48.87305], [-125.21847, 48.87312], [-125.21844, 48.87313], [-125.21828, 48.8732], [-125.21826, 48.87321], [-125.2181, 48.87328], [-125.21808, 48.87329], [-125.21792, 48.87336], [-125.21787, 48.87338], [-125.21768, 48.87346], [-125.21763, 48.87349], [-125.21758, 48.87351], [-125.21756, 48.87352], [-125.21725, 48.87366], [-125.21718, 48.87368], [-125.21682, 48.87384], [-125.2168, 48.87385], [-125.21643, 48.87402], [-125.21636, 48.87404], [-125.21592, 48.87424], [-125.21583, 48.87428], [-125.21555, 48.8744], [-125.2155, 48.87442], [-125.21517, 48.87457], [-125.21513, 48.87459], [-125.21474, 48.87476], [-125.2147, 48.87478], [-125.21441, 48.8749], [-125.21437, 48.87492], [-125.21414, 48.87502], [-125.21411, 48.87503], [-125.21388, 48.87514], [-125.21384, 48.87515], [-125.21363, 48.87525], [-125.21357, 48.87527], [-125.21333, 48.87538], [-125.21326, 48.87541], [-125.21298, 48.87553], [-125.21294, 48.87555], [-125.21263, 48.87569], [-125.21261, 48.87569], [-125.21236, 48.8758], [-125.21229, 48.87583], [-125.21201, 48.87596], [-125.21195, 48.87598], [-125.21162, 48.87613], [-125.2116, 48.87614], [-125.21125, 48.87629], [-125.21115, 48.87633], [-125.2106, 48.87658], [-125.21053, 48.87661], [-125.21035, 48.87669], [-125.2103, 48.87671], [-125.21011, 48.8768], [-125.21005, 48.87682], [-125.2098, 48.87693], [-125.20974, 48.87696], [-125.20941, 48.8771], [-125.20933, 48.87713], [-125.20876, 48.87739], [-125.20854, 48.87749], [-125.20831, 48.87758], [-125.20809, 48.87768], [-125.20697, 48.87817], [-125.20675, 48.87827], [-125.20571, 48.87873], [-125.20548, 48.87883], [-125.20453, 48.87925], [-125.20434, 48.87933], [-125.20366, 48.87963], [-125.20352, 48.87969], [-125.20302, 48.87991], [-125.20292, 48.87995], [-125.20232, 48.88022], [-125.20227, 48.88024], [-125.20184, 48.88043], [-125.20174, 48.88047], [-125.20131, 48.88066], [-125.20122, 48.8807], [-125.20078, 48.88089], [-125.20071, 48.88093], [-125.20009, 48.8812], [-125.20008, 48.8812], [-125.19955, 48.88144], [-125.19945, 48.88148], [-125.19889, 48.88173], [-125.19884, 48.88175], [-125.19837, 48.88196], [-125.19828, 48.88199], [-125.19786, 48.88218], [-125.19775, 48.88223], [-125.19737, 48.88239], [-125.19731, 48.88242], [-125.19694, 48.88259], [-125.19686, 48.88262], [-125.19653, 48.88277], [-125.19642, 48.88281], [-125.19606, 48.88297], [-125.196, 48.883], [-125.19579, 48.88309], [-125.19575, 48.88311], [-125.19557, 48.88319], [-125.19552, 48.88321], [-125.19534, 48.88329], [-125.19532, 48.88329], [-125.19518, 48.88336], [-125.19514, 48.88337], [-125.195, 48.88343], [-125.19498, 48.88345], [-125.19485, 48.8835], [-125.1948, 48.88353], [-125.19467, 48.88358], [-125.19467, 48.88358], [-125.19454, 48.88364], [-125.19451, 48.88365], [-125.19437, 48.88371], [-125.19433, 48.88373], [-125.19418, 48.8838], [-125.19416, 48.8838], [-125.19404, 48.88386], [-125.194, 48.88388], [-125.19396, 48.88389], [-125.19394, 48.8839], [-125.19389, 48.88392], [-125.19388, 48.88393], [-125.19382, 48.88395], [-125.19379, 48.88397], [-125.19374, 48.88399], [-125.19372, 48.884], [-125.1934, 48.88414], [-125.19334, 48.88417], [-125.19296, 48.88434], [-125.19289, 48.88436], [-125.19253, 48.88452], [-125.19249, 48.88454], [-125.19214, 48.88469], [-125.19213, 48.8847], [-125.19183, 48.88483], [-125.19177, 48.88486], [-125.1915, 48.88498], [-125.19142, 48.88501], [-125.19115, 48.88513], [-125.19107, 48.88516], [-125.19075, 48.8853], [-125.1907, 48.88533], [-125.19131, 48.88519], [-125.19352, 48.88468], [-125.19361, 48.88468], [-125.19159, 48.88552]]}, "properties": {"deployment": "dfo-eva035-20260512", "glider": "eva035", "group": "svi_shelf", "segment": 0, "n_points": 255, "deployment_start": "2026-05-12", "deployment_month": "2026-05", "segment_start": "2026-05-12T17:17", "segment_end": "2026-05-27T16:33", "segment_month": "2026-05", "epoch_days": 808, "segment_epoch_days": 808}}, {"type": "Feature", "geometry": {"type": "LineString", "coordinates": [[-125.2225, 48.87233], [-125.22295, 48.87275], [-125.22327, 48.87281], [-125.22428, 48.87256], [-125.22509, 48.87244], [-125.22663, 48.87176], [-125.22754, 48.87152], [-125.22887, 48.87113], [-125.2294, 48.87097]]}, "properties": {"deployment": "dfo-eva035-20260603", "glider": "eva035", "group": "svi_shelf", "segment": 0, "n_points": 9, "deployment_start": "2026-06-03", "deployment_month": "2026-06", "segment_start": "2026-06-03T17:47", "segment_end": "2026-06-03T19:25", "segment_month": "2026-06", "epoch_days": 830, "segment_epoch_days": 830}}, {"type": "Feature", "geometry": {"type": "LineString", "coordinates": [[-125.13667, 48.83457], [-125.13667, 48.83457], [-125.13667, 48.83457], [-125.13667, 48.83457], [-125.13667, 48.83457], [-125.13667, 48.83457], [-125.13667, 48.83457], [-125.13667, 48.83457], [-125.13667, 48.83457], [-125.13667, 48.83457], [-125.13667, 48.83457], [-125.13667, 48.83457], [-125.13667, 48.83457], [-125.13667, 48.83457], [-125.13667, 48.83457], [-125.13667, 48.83457], [-125.13667, 48.83457], [-125.13667, 48.83457], [-125.13667, 48.83457], [-125.13667, 48.83457], [-125.13667, 48.83457], [-125.13667, 48.83457], [-125.13667, 48.83457], [-125.13667, 48.83457], [-125.13667, 48.83457], [-125.13667, 48.83457], [-125.13667, 48.83457], [-125.13667, 48.83457], [-125.13667, 48.83457], [-125.13667, 48.83457], [-125.13667, 48.83457], [-125.13667, 48.83457], [-125.13667, 48.83457], [-125.13667, 48.83457], [-125.13667, 48.83457], [-125.13667, 48.83457], [-125.13667, 48.83457], [-125.13667, 48.83457], [-125.13667, 48.83457], [-125.13667, 48.83457], [-125.13667, 48.83457], [-125.13667, 48.83457], [-125.13667, 48.83457], [-125.13667, 48.83457], [-125.13667, 48.83457], [-125.13667, 48.83457], [-125.13667, 48.83457], [-125.13667, 48.83457], [-125.13667, 48.83457], [-125.13667, 48.83457], [-125.13667, 48.83457], [-125.13667, 48.83457], [-125.13667, 48.83457], [-125.13667, 48.83457], [-125.13667, 48.83457], [-125.13667, 48.83457], [-125.13667, 48.83457], [-125.13667, 48.83457], [-125.13667, 48.83457], [-125.13667, 48.83457], [-125.13667, 48.83457], [-125.13667, 48.83457], [-125.13667, 48.83457], [-125.13667, 48.83457], [-125.13667, 48.83457], [-125.13667, 48.83457], [-125.13667, 48.83457], [-125.13667, 48.83457], [-125.13667, 48.83457], [-125.13667, 48.83457], [-125.13667, 48.83457], [-125.13667, 48.83457], [-125.13667, 48.83457], [-125.13667, 48.83457], [-125.13667, 48.83457], [-125.13667, 48.83457], [-125.13667, 48.83457], [-125.13667, 48.83457], [-125.13667, 48.83457], [-125.13667, 48.83457], [-125.13667, 48.83457], [-125.13667, 48.83457], [-125.13667, 48.83457], [-125.13667, 48.83457], [-125.13667, 48.83457], [-125.13667, 48.83457], [-125.13667, 48.83457], [-125.13667, 48.83457], [-125.13667, 48.83457], [-125.13667, 48.83457], [-125.13667, 48.83457], [-125.13667, 48.83457], [-125.13667, 48.83457], [-125.13667, 48.83457], [-125.13667, 48.83457], [-125.13667, 48.83457], [-125.13667, 48.83457], [-125.13667, 48.83457], [-125.13667, 48.83457], [-125.13667, 48.83457], [-125.13667, 48.83457], [-125.13667, 48.83457], [-125.13667, 48.83457], [-125.13667, 48.83457], [-125.13667, 48.83457], [-125.13667, 48.83457], [-125.13667, 48.83457], [-125.13667, 48.83457], [-125.13667, 48.83457], [-125.13667, 48.83457], [-125.13667, 48.83457], [-125.13667, 48.83457], [-125.13667, 48.83457], [-125.13667, 48.83457], [-125.13667, 48.83457], [-125.13667, 48.83457], [-125.13667, 48.83457], [-125.13667, 48.83457], [-125.13667, 48.83457], [-125.13667, 48.83457], [-125.13667, 48.83457], [-125.13667, 48.83457], [-125.13667, 48.83457], [-125.13667, 48.83457], [-125.13667, 48.83457], [-125.13667, 48.83457], [-125.13667, 48.83457], [-125.13667, 48.83457], [-125.13667, 48.83457], [-125.13667, 48.83457], [-125.13667, 48.83457], [-125.13667, 48.83457], [-125.13667, 48.83457], [-125.13667, 48.83457], [-125.13667, 48.83457], [-125.13667, 48.83457], [-125.13667, 48.83457], [-125.13667, 48.83457], [-125.13667, 48.83457], [-125.13667, 48.83457], [-125.13667, 48.83457], [-125.13667, 48.83457], [-125.13667, 48.83457], [-125.13667, 48.83457], [-125.13667, 48.83457], [-125.13667, 48.83457], [-125.13667, 48.83457], [-125.13667, 48.83457], [-125.13667, 48.83457], [-125.13667, 48.83457], [-125.13667, 48.83457], [-125.13667, 48.83457], [-125.13667, 48.83457], [-125.13667, 48.83457], [-125.13667, 48.83457], [-125.13667, 48.83457], [-125.13667, 48.83457], [-125.13667, 48.83457], [-125.13667, 48.83457], [-125.13667, 48.83457], [-125.13667, 48.83457], [-125.13667, 48.83457], [-125.13667, 48.83457], [-125.13667, 48.83457], [-125.13667, 48.83457], [-125.13667, 48.83457], [-125.13667, 48.83457], [-125.13667, 48.83457], [-125.13667, 48.83457], [-125.13667, 48.83457], [-125.13667, 48.83457], [-125.13667, 48.83457], [-125.13667, 48.83457], [-125.13667, 48.83457], [-125.13667, 48.83457], [-125.13667, 48.83457], [-125.13667, 48.83457], [-125.13667, 48.83457], [-125.13667, 48.83457], [-125.13667, 48.83457], [-125.13667, 48.83457], [-125.13667, 48.83457], [-125.13667, 48.83457], [-125.13667, 48.83457], [-125.13667, 48.83457], [-125.13667, 48.83457], [-125.13667, 48.83457], [-125.13667, 48.83457], [-125.13667, 48.83457], [-125.13667, 48.83457], [-125.13667, 48.83457], [-125.13667, 48.83457], [-125.13667, 48.83457], [-125.13667, 48.83457], [-125.13667, 48.83457], [-125.13667, 48.83457], [-125.13667, 48.83457], [-125.13667, 48.83457], [-125.13667, 48.83457], [-125.13667, 48.83457], [-125.13667, 48.83457], [-125.13667, 48.83457], [-125.13667, 48.83457], [-125.13667, 48.83457], [-125.13667, 48.83457], [-125.13667, 48.83457], [-125.13667, 48.83457], [-125.13667, 48.83457], [-125.13667, 48.83457], [-125.13667, 48.83457], [-125.13667, 48.83457], [-125.13667, 48.83457], [-125.13667, 48.83457], [-125.13667, 48.83457], [-125.13667, 48.83457], [-125.13667, 48.83457], [-125.13667, 48.83457], [-125.13667, 48.83457], [-125.13667, 48.83457], [-125.13667, 48.83457], [-125.13667, 48.83457], [-125.13667, 48.83457], [-125.13667, 48.83457], [-125.13667, 48.83457], [-125.13667, 48.83457], [-125.13667, 48.83457], [-125.13667, 48.83457]]}, "properties": {"deployment": "dfo-eva035-20260603", "glider": "eva035", "group": "svi_shelf", "segment": 1, "n_points": 227, "deployment_start": "2026-06-03", "deployment_month": "2026-06", "segment_start": "2026-06-03T19:34", "segment_end": "2026-06-15T15:21", "segment_month": "2026-06", "epoch_days": 830, "segment_epoch_days": 830}}, {"type": "Feature", "geometry": {"type": "LineString", "coordinates": [[-125.21319, 48.87669], [-125.21361, 48.87622], [-125.21449, 48.87524], [-125.21507, 48.8747], [-125.21559, 48.8738], [-125.21863, 48.87089], [-125.22042, 48.86932], [-125.22527, 48.86648], [-125.22788, 48.86508], [-125.23335, 48.86168], [-125.2356, 48.86027], [-125.23803, 48.85905], [-125.24036, 48.85796], [-125.24207, 48.85715], [-125.24415, 48.85619], [-125.24699, 48.855], [-125.24944, 48.85402], [-125.25122, 48.85332], [-125.25414, 48.8522], [-125.25746, 48.85119], [-125.26004, 48.85046], [-125.26201, 48.8499], [-125.26431, 48.84924], [-125.26655, 48.8486], [-125.26836, 48.84808], [-125.27005, 48.84759], [-125.27237, 48.84693], [-125.27485, 48.84622], [-125.27693, 48.84563], [-125.27888, 48.84507], [-125.2817, 48.84426], [-125.2847, 48.8434], [-125.28729, 48.84266], [-125.28937, 48.84207], [-125.29169, 48.84141], [-125.29419, 48.84069], [-125.29626, 48.8401], [-125.29795, 48.83961], [-125.30002, 48.83902], [-125.30198, 48.83846], [-125.30378, 48.83795], [-125.30522, 48.83753], [-125.30677, 48.83709], [-125.30846, 48.83661], [-125.31002, 48.83616], [-125.31119, 48.83583], [-125.31273, 48.83539], [-125.31417, 48.83497], [-125.31571, 48.83454], [-125.3169, 48.83419], [-125.31842, 48.83376], [-125.32014, 48.83327], [-125.32144, 48.8329], [-125.32262, 48.83256], [-125.32414, 48.83212], [-125.32559, 48.83171], [-125.32689, 48.83134], [-125.32807, 48.831], [-125.32961, 48.83056], [-125.33117, 48.83011], [-125.33272, 48.82967], [-125.33416, 48.82926], [-125.3357, 48.82882], [-125.3374, 48.82833], [-125.33896, 48.82789], [-125.34013, 48.82755], [-125.34165, 48.82711], [-125.34337, 48.82662], [-125.34515, 48.82611], [-125.34635, 48.82577], [-125.3479, 48.82533], [-125.34985, 48.82477], [-125.35191, 48.82418], [-125.35362, 48.82369], [-125.35543, 48.82317], [-125.35777, 48.8225], [-125.35984, 48.82191], [-125.36154, 48.82143], [-125.3636, 48.82083], [-125.36555, 48.82028], [-125.36761, 48.81969], [-125.36932, 48.8192], [-125.37113, 48.81868], [-125.37308, 48.81812], [-125.3749, 48.8176], [-125.37659, 48.81712], [-125.37864, 48.81653], [-125.38035, 48.81605], [-125.38216, 48.81553], [-125.38385, 48.81504], [-125.38566, 48.81453], [-125.38735, 48.81404], [-125.38917, 48.81352], [-125.39112, 48.81296], [-125.39343, 48.8123], [-125.39566, 48.81167], [-125.39772, 48.81108], [-125.39916, 48.81066], [-125.40046, 48.81029], [-125.40215, 48.80981], [-125.4042, 48.80922], [-125.40565, 48.80881], [-125.40695, 48.80844], [-125.40863, 48.80795], [-125.4107, 48.80736], [-125.4124, 48.80688], [-125.41421, 48.80636], [-125.41616, 48.8058], [-125.41822, 48.80521], [-125.42018, 48.80465], [-125.42224, 48.80406], [-125.42394, 48.80358], [-125.42576, 48.80306], [-125.42771, 48.8025], [-125.43004, 48.80183], [-125.43264, 48.80109], [-125.43497, 48.80042], [-125.43693, 48.79986], [-125.439, 48.79927], [-125.44094, 48.79871], [-125.44302, 48.79812], [-125.44497, 48.79756], [-125.44704, 48.79697], [-125.44899, 48.79641], [-125.4508, 48.79589], [-125.45262, 48.79537], [-125.4547, 48.79478], [-125.45691, 48.79414], [-125.45923, 48.79348], [-125.46119, 48.79292], [-125.46325, 48.79233], [-125.46521, 48.79177], [-125.46728, 48.79118], [-125.46923, 48.79062], [-125.47181, 48.78988], [-125.47455, 48.7891], [-125.47713, 48.78836], [-125.47909, 48.7878], [-125.48065, 48.78735], [-125.48261, 48.78679], [-125.48493, 48.78613], [-125.48688, 48.78557], [-125.48895, 48.78498], [-125.49129, 48.78431], [-125.49363, 48.78364], [-125.49583, 48.78301], [-125.49817, 48.78234], [-125.50038, 48.78171], [-125.50271, 48.78105], [-125.50492, 48.78041], [-125.50751, 48.77967], [-125.50972, 48.77904], [-125.51153, 48.77852], [-125.51348, 48.77796], [-125.51659, 48.77708], [-125.52139, 48.77566], [-125.52619, 48.77423], [-125.52971, 48.77319], [-125.5334, 48.77209], [-125.53655, 48.77115], [-125.53949, 48.77028], [-125.54264, 48.76934], [-125.54671, 48.76813], [-125.55004, 48.76714], [-125.55225, 48.76648], [-125.55466, 48.76577], [-125.55796, 48.76478], [-125.56186, 48.76362], [-125.56629, 48.76231], [-125.57055, 48.76104], [-125.57498, 48.75972], [-125.57923, 48.75846], [-125.58403, 48.75703], [-125.58866, 48.75565], [-125.59408, 48.75399], [-125.59813, 48.75138], [-125.60072, 48.74892], [-125.60289, 48.74686], [-125.60513, 48.74473], [-125.60729, 48.74268], [-125.6097, 48.74038], [-125.61204, 48.73816], [-125.61429, 48.73603], [-125.61662, 48.73381], [-125.61921, 48.73135], [-125.62154, 48.72913], [-125.62414, 48.72667], [-125.6269, 48.72404], [-125.62967, 48.72141], [-125.63252, 48.7187], [-125.63546, 48.71591], [-125.63831, 48.7132], [-125.64124, 48.71041], [-125.64375, 48.70803], [-125.64651, 48.70541], [-125.6537, 48.69453], [-125.65495, 48.6925], [-125.65588, 48.69098], [-125.65691, 48.68929], [-125.6578, 48.68785], [-125.65862, 48.6865], [-125.6593, 48.68539], [-125.66003, 48.68421], [-125.66081, 48.68293], [-125.66164, 48.68159], [-125.66242, 48.68031], [-125.66324, 48.67897], [-125.66402, 48.67769], [-125.66485, 48.67635], [-125.66553, 48.67523], [-125.66625, 48.67406], [-125.66693, 48.67295], [-125.66754, 48.67194], [-125.66812, 48.671], [-125.66952, 48.66934], [-125.67611, 48.66689], [-125.67919, 48.66585], [-125.68088, 48.66529], [-125.68266, 48.66469], [-125.68435, 48.66413], [-125.68612, 48.66354], [-125.68755, 48.66306], [-125.68907, 48.66255], [-125.69025, 48.66216], [-125.69153, 48.66173], [-125.69295, 48.66126], [-125.69447, 48.66075], [-125.69564, 48.66036], [-125.69692, 48.65993], [-125.69834, 48.65945], [-125.69963, 48.65902], [-125.7008, 48.65863], [-125.70233, 48.65812], [-125.70374, 48.65765], [-125.70577, 48.65694], [-125.71095, 48.65413], [-125.71321, 48.65285], [-125.71449, 48.65212], [-125.71615, 48.65118], [-125.71742, 48.65046], [-125.71883, 48.64966], [-125.72037, 48.64878], [-125.72178, 48.64798], [-125.72305, 48.64726], [-125.7247, 48.64632], [-125.72599, 48.64558], [-125.72739, 48.64479], [-125.72866, 48.64407], [-125.73006, 48.64327], [-125.73161, 48.64239], [-125.73301, 48.64159], [-125.73428, 48.64087], [-125.73568, 48.64008], [-125.73695, 48.63935], [-125.7389, 48.63826], [-125.74186, 48.63706], [-125.74445, 48.63611], [-125.74613, 48.6355], [-125.74795, 48.63484], [-125.74963, 48.63422], [-125.7518, 48.63343], [-125.75348, 48.63282], [-125.75531, 48.63216], [-125.75698, 48.63155], [-125.75882, 48.63088], [-125.76085, 48.63014], [-125.76269, 48.62947], [-125.76437, 48.62886], [-125.76654, 48.62807], [-125.76859, 48.62732], [-125.77043, 48.62665], [-125.77211, 48.62604], [-125.7743, 48.62524], [-125.77633, 48.6245], [-125.77997, 48.62331], [-125.78613, 48.6221], [-125.79075, 48.62126], [-125.79296, 48.62086], [-125.79496, 48.62049], [-125.79677, 48.62016], [-125.79912, 48.61973], [-125.80133, 48.61933], [-125.80332, 48.61897], [-125.80512, 48.61864], [-125.8075, 48.61821], [-125.8097, 48.61781], [-125.81207, 48.61738], [-125.81388, 48.61705], [-125.81587, 48.61669], [-125.81807, 48.61629], [-125.82045, 48.61585], [-125.82264, 48.61545], [-125.8258, 48.61492], [-125.83632, 48.61491], [-125.84079, 48.61498], [-125.84328, 48.61502], [-125.84593, 48.61505], [-125.84844, 48.61509], [-125.85068, 48.61512], [-125.85317, 48.61516], [-125.85584, 48.6152], [-125.85789, 48.61523], [-125.86098, 48.61528], [-125.86392, 48.61532], [-125.86661, 48.61536], [-125.86908, 48.6154], [-125.8722, 48.61544], [-125.87514, 48.61549], [-125.87783, 48.61552], [-125.88075, 48.61557], [-125.88389, 48.61561], [-125.8868, 48.61566], [-125.89116, 48.61574], [-125.89854, 48.61641], [-125.90183, 48.61674], [-125.90421, 48.61699], [-125.90712, 48.61729], [-125.90987, 48.61757], [-125.91278, 48.61787], [-125.91553, 48.61815], [-125.91844, 48.61845], [-125.92119, 48.61873], [-125.92412, 48.61903], [-125.92704, 48.61933], [-125.92996, 48.61963], [-125.93289, 48.61993], [-125.93579, 48.62022], [-125.93855, 48.62051], [-125.94147, 48.62081], [-125.94459, 48.62112], [-125.94786, 48.62146], [-125.9506, 48.62174], [-125.95454, 48.62214], [-125.96231, 48.62301], [-125.96497, 48.62331], [-125.96685, 48.62352], [-125.96884, 48.62375], [-125.97073, 48.62396], [-125.97292, 48.62421], [-125.97481, 48.62442], [-125.97679, 48.62465], [-125.97868, 48.62486], [-125.98066, 48.62509], [-125.98255, 48.6253], [-125.98454, 48.62553], [-125.98653, 48.62575], [-125.98852, 48.62598], [-125.99063, 48.62621], [-125.99262, 48.62644], [-125.9945, 48.62665], [-125.99649, 48.62688], [-125.99837, 48.62709], [-126.00112, 48.62734], [-126.00326, 48.62629], [-126.00469, 48.62509], [-126.00551, 48.6244], [-126.00638, 48.62368], [-126.00729, 48.62291], [-126.00824, 48.62211], [-126.00906, 48.62142], [-126.00993, 48.6207], [-126.01084, 48.61993], [-126.0118, 48.61913], [-126.01271, 48.61837], [-126.01358, 48.61764], [-126.0144, 48.61696], [-126.01535, 48.61615], [-126.01627, 48.61539], [-126.01722, 48.61459], [-126.01814, 48.61382], [-126.0191, 48.61302], [-126.02001, 48.61225], [-126.02129, 48.61106], [-126.02287, 48.60685], [-126.02362, 48.60449], [-126.02409, 48.60299], [-126.02459, 48.60142], [-126.02506, 48.59993], [-126.02556, 48.59836], [-126.02603, 48.59686], [-126.02653, 48.59529], [-126.027, 48.5938], [-126.02749, 48.59223], [-126.02797, 48.59073], [-126.02841, 48.58932], [-126.02884, 48.58798], [-126.02933, 48.58641], [-126.0298, 48.58492], [-126.0303, 48.58335], [-126.03077, 48.58185], [-126.03127, 48.58028], [-126.03174, 48.57879], [-126.03234, 48.57691], [-126.03646, 48.57149], [-126.03854, 48.56902], [-126.04037, 48.56684], [-126.04244, 48.56438], [-126.04444, 48.56201], [-126.04651, 48.55955], [-126.04852, 48.55717], [-126.05043, 48.5549], [-126.05243, 48.55253], [-126.05467, 48.54986], [-126.05667, 48.54748], [-126.05875, 48.54501], [-126.06092, 48.54244], [-126.06318, 48.53976], [-126.06535, 48.53718], [-126.06778, 48.5343], [-126.07021, 48.53141], [-126.07247, 48.52873], [-126.07481, 48.52594], [-126.07794, 48.52226], [-126.08269, 48.51741], [-126.08715, 48.51306], [-126.09061, 48.50969], [-126.0944, 48.506], [-126.09786, 48.50263], [-126.10187, 48.49873], [-126.11511, 48.48694], [-126.12009, 48.48256], [-126.12406, 48.47907], [-126.12837, 48.47529], [-126.13279, 48.4714], [-126.13778, 48.46703], [-126.14475, 48.46265], [-126.15192, 48.45889], [-126.15896, 48.45518], [-126.16718, 48.45086], [-126.17713, 48.44563], [-126.18854, 48.43963]]}, "properties": {"deployment": "dfo-eva035-20260625", "glider": "eva035", "group": "svi_shelf", "segment": 0, "n_points": 431, "deployment_start": "2026-06-25", "deployment_month": "2026-06", "segment_start": "2026-06-25T18:44", "segment_end": "2026-06-28T15:07", "segment_month": "2026-06", "epoch_days": 852, "segment_epoch_days": 852}}, {"type": "Feature", "geometry": {"type": "LineString", "coordinates": [[-126.24244, 48.41742], [-126.25889, 48.41086], [-126.27762, 48.40338], [-126.29922, 48.39477]]}, "properties": {"deployment": "dfo-eva035-20260625", "glider": "eva035", "group": "svi_shelf", "segment": 1, "n_points": 4, "deployment_start": "2026-06-25", "deployment_month": "2026-06", "segment_start": "2026-06-28T18:59", "segment_end": "2026-06-28T23:06", "segment_month": "2026-06", "epoch_days": 852, "segment_epoch_days": 855}}, {"type": "Feature", "geometry": {"type": "LineString", "coordinates": [[-126.22901, 48.32547], [-126.21205, 48.31159]]}, "properties": {"deployment": "dfo-eva035-20260625", "glider": "eva035", "group": "svi_shelf", "segment": 2, "n_points": 2, "deployment_start": "2026-06-25", "deployment_month": "2026-06", "segment_start": "2026-06-29T07:16", "segment_end": "2026-06-29T08:51", "segment_month": "2026-06", "epoch_days": 852, "segment_epoch_days": 856}}, {"type": "Feature", "geometry": {"type": "LineString", "coordinates": [[-126.15409, 48.27198], [-126.13246, 48.25766]]}, "properties": {"deployment": "dfo-eva035-20260625", "glider": "eva035", "group": "svi_shelf", "segment": 3, "n_points": 2, "deployment_start": "2026-06-25", "deployment_month": "2026-06", "segment_start": "2026-06-29T13:48", "segment_end": "2026-06-29T15:37", "segment_month": "2026-06", "epoch_days": 852, "segment_epoch_days": 856}}, {"type": "Feature", "geometry": {"type": "LineString", "coordinates": [[-126.0791, 48.22233], [-126.06205, 48.21104], [-126.04471, 48.19956], [-126.02687, 48.18775], [-126.00873, 48.17574], [-125.98911, 48.16282], [-125.9699, 48.16384], [-125.95232, 48.17375], [-125.93678, 48.18251], [-125.92199, 48.19086], [-125.90859, 48.19841], [-125.89616, 48.20542], [-125.88144, 48.21123], [-125.86839, 48.21509], [-125.85683, 48.2185], [-125.84595, 48.22171], [-125.83521, 48.22489], [-125.82353, 48.22834], [-125.81143, 48.23251], [-125.802, 48.23605], [-125.79454, 48.23886], [-125.78773, 48.24142], [-125.78027, 48.24423], [-125.7717, 48.24745], [-125.76832, 48.24872]]}, "properties": {"deployment": "dfo-eva035-20260625", "glider": "eva035", "group": "svi_shelf", "segment": 4, "n_points": 25, "deployment_start": "2026-06-25", "deployment_month": "2026-06", "segment_start": "2026-06-29T20:06", "segment_end": "2026-06-30T19:27", "segment_month": "2026-06", "epoch_days": 852, "segment_epoch_days": 856}}, {"type": "Feature", "geometry": {"type": "LineString", "coordinates": [[-125.13667, 48.83457], [-125.13667, 48.83457], [-125.13667, 48.83457], [-125.13667, 48.83457], [-125.13667, 48.83457], [-125.13667, 48.83457], [-125.13667, 48.83457], [-125.13667, 48.83457], [-125.13667, 48.83457], [-125.13667, 48.83457], [-125.13667, 48.83457], [-125.13667, 48.83457], [-125.13667, 48.83457], [-125.13667, 48.83457], [-125.13667, 48.83457], [-125.13667, 48.83457], [-125.13667, 48.83457], [-125.13667, 48.83457], [-125.13667, 48.83457], [-125.13667, 48.83457], [-125.13667, 48.83457], [-125.13667, 48.83457], [-125.13667, 48.83457], [-125.13667, 48.83457], [-125.13667, 48.83457], [-125.13667, 48.83457], [-125.13667, 48.83457], [-125.13667, 48.83457], [-125.13667, 48.83457], [-125.13667, 48.83457], [-125.13667, 48.83457], [-125.13667, 48.83457], [-125.13667, 48.83457], [-125.13667, 48.83457], [-125.13667, 48.83457], [-125.13667, 48.83457], [-125.13667, 48.83457], [-125.13667, 48.83457], [-125.13667, 48.83457], [-125.13667, 48.83457], [-125.13667, 48.83457], [-125.13667, 48.83457], [-125.13667, 48.83457], [-125.13667, 48.83457], [-125.13667, 48.83457], [-125.13667, 48.83457], [-125.13667, 48.83457], [-125.13667, 48.83457], [-125.13667, 48.83457], [-125.13667, 48.83457], [-125.13667, 48.83457], [-125.13667, 48.83457], [-125.13667, 48.83457], [-125.13667, 48.83457], [-125.13667, 48.83457], [-125.13667, 48.83457], [-125.13667, 48.83457], [-125.13667, 48.83457], [-125.13667, 48.83457], [-125.13667, 48.83457], [-125.13667, 48.83457], [-125.13667, 48.83457], [-125.13667, 48.83457], [-125.13667, 48.83457], [-125.13667, 48.83457], [-125.13667, 48.83457], [-125.13667, 48.83457], [-125.13667, 48.83457], [-125.13667, 48.83457], [-125.13667, 48.83457], [-125.13667, 48.83457], [-125.13667, 48.83457], [-125.13667, 48.83457], [-125.13667, 48.83457], [-125.13667, 48.83457], [-125.13667, 48.83457], [-125.13667, 48.83457], [-125.13667, 48.83457], [-125.13667, 48.83457], [-125.13667, 48.83457], [-125.13667, 48.83457], [-125.13667, 48.83457], [-125.13667, 48.83457], [-125.13667, 48.83457], [-125.13667, 48.83457], [-125.13667, 48.83457], [-125.13667, 48.83457], [-125.13667, 48.83457], [-125.13667, 48.83457], [-125.13667, 48.83457], [-125.13667, 48.83457], [-125.13667, 48.83457], [-125.13667, 48.83457], [-125.13667, 48.83457], [-125.13667, 48.83457], [-125.13667, 48.83457], [-125.13667, 48.83457], [-125.13667, 48.83457], [-125.13667, 48.83457], [-125.13667, 48.83457], [-125.13667, 48.83457], [-125.13667, 48.83457], [-125.13667, 48.83457], [-125.13667, 48.83457], [-125.13667, 48.83457], [-125.13667, 48.83457], [-125.13667, 48.83457], [-125.13667, 48.83457], [-125.13667, 48.83457], [-125.13667, 48.83457], [-125.13667, 48.83457], [-125.13667, 48.83457], [-125.13667, 48.83457], [-125.13667, 48.83457], [-125.13667, 48.83457], [-125.13667, 48.83457], [-125.13667, 48.83457], [-125.13667, 48.83457], [-125.13667, 48.83457], [-125.13667, 48.83457], [-125.13667, 48.83457], [-125.13667, 48.83457], [-125.13667, 48.83457], [-125.13667, 48.83457], [-125.13667, 48.83457], [-125.13667, 48.83457], [-125.13667, 48.83457], [-125.13667, 48.83457], [-125.13667, 48.83457], [-125.13667, 48.83457], [-125.13667, 48.83457], [-125.13667, 48.83457], [-125.13667, 48.83457], [-125.13667, 48.83457], [-125.13667, 48.83457], [-125.13667, 48.83457], [-125.13667, 48.83457], [-125.13667, 48.83457], [-125.13667, 48.83457], [-125.13667, 48.83457], [-125.13667, 48.83457], [-125.13667, 48.83457], [-125.13667, 48.83457], [-125.13667, 48.83457], [-125.13667, 48.83457], [-125.13667, 48.83457], [-125.13667, 48.83457], [-125.13667, 48.83457], [-125.13667, 48.83457], [-125.13667, 48.83457], [-125.13667, 48.83457], [-125.13667, 48.83457], [-125.13667, 48.83457], [-125.13667, 48.83457], [-125.13667, 48.83457], [-125.13667, 48.83457], [-125.13667, 48.83457], [-125.13667, 48.83457], [-125.13667, 48.83457], [-125.13667, 48.83457], [-125.13667, 48.83457], [-125.13667, 48.83457], [-125.13667, 48.83457]]}, "properties": {"deployment": "dfo-eva035-20260625", "glider": "eva035", "group": "svi_shelf", "segment": 5, "n_points": 163, "deployment_start": "2026-06-25", "deployment_month": "2026-06", "segment_start": "2026-06-30T19:54", "segment_end": "2026-07-08T15:43", "segment_month": "2026-07", "epoch_days": 852, "segment_epoch_days": 857}}, {"type": "Feature", "geometry": {"type": "LineString", "coordinates": [[-125.18623, 48.87639], [-125.18652, 48.87625], [-125.18725, 48.87617], [-125.1923, 48.87282], [-125.19343, 48.87204], [-125.1976, 48.86915], [-125.19909, 48.86811], [-125.20299, 48.86541], [-125.20412, 48.86462], [-125.20772, 48.86213], [-125.20955, 48.86086], [-125.21347, 48.85815], [-125.21514, 48.85699], [-125.21991, 48.85368], [-125.22105, 48.85289], [-125.22476, 48.85032], [-125.2264, 48.84918], [-125.23035, 48.84644], [-125.23182, 48.84542], [-125.23627, 48.84234], [-125.2426, 48.83795], [-125.26901, 48.81964], [-125.27531, 48.81527], [-125.29777, 48.7997], [-125.29907, 48.7988], [-125.3204, 48.78401], [-125.3244, 48.78124], [-125.34588, 48.76634], [-125.34702, 48.76556], [-125.37334, 48.74731], [-125.37611, 48.74539], [-125.40198, 48.72746], [-125.4081, 48.72321], [-125.4462, 48.6968], [-125.4525, 48.69243], [-125.48069, 48.67288], [-125.48805, 48.66778], [-125.50661, 48.65491], [-125.51123, 48.65171], [-125.52719, 48.64065], [-125.528, 48.64008], [-125.54014, 48.63167], [-125.54484, 48.62841], [-125.55767, 48.61952], [-125.5626, 48.6161], [-125.576, 48.6068], [-125.58123, 48.60318], [-125.59803, 48.59153], [-125.60157, 48.58908], [-125.62474, 48.57302], [-125.6262, 48.57201], [-125.65195, 48.55415], [-125.65625, 48.55117], [-125.68248, 48.53298], [-125.68792, 48.52921], [-125.72356, 48.5045], [-125.72567, 48.50304]]}, "properties": {"deployment": "dfo-eva035-20260713", "glider": "eva035", "group": "svi_shelf", "segment": 0, "n_points": 57, "deployment_start": "2026-07-13", "deployment_month": "2026-07", "segment_start": "2026-07-13T19:29", "segment_end": "2026-07-16T03:08", "segment_month": "2026-07", "epoch_days": 870, "segment_epoch_days": 870}}, {"type": "Feature", "geometry": {"type": "LineString", "coordinates": [[-125.76736, 48.47414], [-125.77258, 48.47052], [-125.78782, 48.45995], [-125.79137, 48.45749], [-125.80929, 48.44507], [-125.8143, 48.44159], [-125.83974, 48.42396], [-125.84573, 48.4198]]}, "properties": {"deployment": "dfo-eva035-20260713", "glider": "eva035", "group": "svi_shelf", "segment": 1, "n_points": 8, "deployment_start": "2026-07-13", "deployment_month": "2026-07", "segment_start": "2026-07-16T07:26", "segment_end": "2026-07-16T15:30", "segment_month": "2026-07", "epoch_days": 870, "segment_epoch_days": 873}}, {"type": "Feature", "geometry": {"type": "LineString", "coordinates": [[-125.90455, 48.37903], [-125.9205, 48.36797]]}, "properties": {"deployment": "dfo-eva035-20260713", "glider": "eva035", "group": "svi_shelf", "segment": 2, "n_points": 2, "deployment_start": "2026-07-13", "deployment_month": "2026-07", "segment_start": "2026-07-16T21:33", "segment_end": "2026-07-16T23:11", "segment_month": "2026-07", "epoch_days": 870, "segment_epoch_days": 873}}, {"type": "Feature", "geometry": {"type": "LineString", "coordinates": [[-125.99603, 48.31561], [-126.01156, 48.30484]]}, "properties": {"deployment": "dfo-eva035-20260713", "glider": "eva035", "group": "svi_shelf", "segment": 3, "n_points": 2, "deployment_start": "2026-07-13", "deployment_month": "2026-07", "segment_start": "2026-07-17T06:58", "segment_end": "2026-07-17T08:33", "segment_month": "2026-07", "epoch_days": 870, "segment_epoch_days": 874}}, {"type": "Feature", "geometry": {"type": "LineString", "coordinates": [[-126.08768, 48.25206], [-126.10382, 48.24087], [-126.12164, 48.24301], [-126.12427, 48.24479], [-126.1339, 48.25131], [-126.13551, 48.2524], [-126.14066, 48.25589], [-126.14171, 48.2566], [-126.14441, 48.25843], [-126.14504, 48.25885], [-126.14714, 48.26027], [-126.14773, 48.26067], [-126.1497, 48.26201], [-126.15009, 48.26227], [-126.15622, 48.26643], [-126.15752, 48.26731], [-126.16286, 48.27092], [-126.16363, 48.27144], [-126.16879, 48.27493], [-126.16971, 48.27555], [-126.17445, 48.27877], [-126.17518, 48.27926], [-126.17923, 48.282], [-126.18029, 48.28272], [-126.18658, 48.28698], [-126.18758, 48.28766], [-126.19336, 48.29157], [-126.19437, 48.29225], [-126.19949, 48.29572], [-126.2, 48.29607], [-126.20371, 48.29858], [-126.20484, 48.29934], [-126.2089, 48.3021], [-126.20959, 48.30256], [-126.21343, 48.30516], [-126.21432, 48.30576], [-126.21863, 48.30868], [-126.21929, 48.30913], [-126.22293, 48.31159], [-126.22362, 48.31206], [-126.22682, 48.31422], [-126.22721, 48.31449], [-126.23064, 48.31682], [-126.23082, 48.31694], [-126.23433, 48.31931], [-126.23459, 48.31949], [-126.23791, 48.32174], [-126.2391, 48.32254], [-126.23936, 48.32272], [-126.23962, 48.32289], [-126.2431, 48.32525], [-126.24372, 48.32567], [-126.24842, 48.32885], [-126.24916, 48.32935], [-126.25528, 48.33349], [-126.25588, 48.3339], [-126.2624, 48.33832], [-126.263, 48.33873], [-126.26779, 48.34197], [-126.26795, 48.34207], [-126.27048, 48.34379], [-126.27063, 48.34389], [-126.27281, 48.34536], [-126.27337, 48.34574], [-126.27563, 48.34727], [-126.27629, 48.34772], [-126.27865, 48.34932], [-126.27936, 48.3498], [-126.28283, 48.35215], [-126.28301, 48.35227], [-126.28632, 48.35451], [-126.28721, 48.35512], [-126.29231, 48.35857], [-126.29283, 48.35892], [-126.29892, 48.36305], [-126.29993, 48.36373], [-126.3019, 48.36506], [-126.30248, 48.36546], [-126.30461, 48.3669], [-126.30523, 48.36732], [-126.30768, 48.36897], [-126.30824, 48.36936], [-126.31107, 48.37127], [-126.31186, 48.37181], [-126.316, 48.37461], [-126.3172, 48.37542], [-126.32531, 48.38091], [-126.32783, 48.38262], [-126.31622, 48.38024], [-126.29409, 48.3748]]}, "properties": {"deployment": "dfo-eva035-20260713", "glider": "eva035", "group": "svi_shelf", "segment": 4, "n_points": 90, "deployment_start": "2026-07-13", "deployment_month": "2026-07", "segment_start": "2026-07-17T16:23", "segment_end": "2026-07-23T17:17", "segment_month": "2026-07", "epoch_days": 870, "segment_epoch_days": 874}}, {"type": "Feature", "geometry": {"type": "LineString", "coordinates": [[-126.60939, 48.2819], [-126.61232, 48.28108]]}, "properties": {"deployment": "dfo-eva035-20260713", "glider": "eva035", "group": "svi_shelf", "segment": 5, "n_points": 2, "deployment_start": "2026-07-13", "deployment_month": "2026-07", "segment_start": "2026-07-29T18:16", "segment_end": "2026-07-29T21:23", "segment_month": "2026-07", "epoch_days": 870, "segment_epoch_days": 886}}, {"type": "Feature", "geometry": {"type": "LineString", "coordinates": [[-126.46031, 48.28144], [-126.42968, 48.27587]]}, "properties": {"deployment": "dfo-eva035-20260713", "glider": "eva035", "group": "svi_shelf", "segment": 6, "n_points": 2, "deployment_start": "2026-07-13", "deployment_month": "2026-07", "segment_start": "2026-07-30T02:44", "segment_end": "2026-07-30T04:34", "segment_month": "2026-07", "epoch_days": 870, "segment_epoch_days": 887}}, {"type": "Feature", "geometry": {"type": "LineString", "coordinates": [[-126.28774, 48.23271], [-126.25773, 48.22324]]}, "properties": {"deployment": "dfo-eva035-20260713", "glider": "eva035", "group": "svi_shelf", "segment": 7, "n_points": 2, "deployment_start": "2026-07-13", "deployment_month": "2026-07", "segment_start": "2026-07-30T13:44", "segment_end": "2026-07-30T15:40", "segment_month": "2026-07", "epoch_days": 870, "segment_epoch_days": 887}}, {"type": "Feature", "geometry": {"type": "LineString", "coordinates": [[-126.11856, 48.18498], [-126.09098, 48.1775], [-126.0642, 48.16898], [-126.03718, 48.15909]]}, "properties": {"deployment": "dfo-eva035-20260713", "glider": "eva035", "group": "svi_shelf", "segment": 8, "n_points": 4, "deployment_start": "2026-07-13", "deployment_month": "2026-07", "segment_start": "2026-07-31T00:38", "segment_end": "2026-07-31T06:00", "segment_month": "2026-07", "epoch_days": 870, "segment_epoch_days": 888}}, {"type": "Feature", "geometry": {"type": "LineString", "coordinates": [[-125.93012, 48.19423], [-125.91056, 48.20271]]}, "properties": {"deployment": "dfo-eva035-20260713", "glider": "eva035", "group": "svi_shelf", "segment": 9, "n_points": 2, "deployment_start": "2026-07-13", "deployment_month": "2026-07", "segment_start": "2026-07-31T12:44", "segment_end": "2026-07-31T13:56", "segment_month": "2026-07", "epoch_days": 870, "segment_epoch_days": 888}}, {"type": "Feature", "geometry": {"type": "LineString", "coordinates": [[-125.85266, 48.22604], [-125.84134, 48.23057], [-125.80409, 48.24356], [-125.79607, 48.24634], [-125.76311, 48.25625], [-125.75394, 48.25904], [-125.71737, 48.27184], [-125.69009, 48.2758]]}, "properties": {"deployment": "dfo-eva035-20260713", "glider": "eva035", "group": "svi_shelf", "segment": 10, "n_points": 8, "deployment_start": "2026-07-13", "deployment_month": "2026-07", "segment_start": "2026-07-31T17:33", "segment_end": "2026-08-01T01:44", "segment_month": "2026-07", "epoch_days": 870, "segment_epoch_days": 888}}, {"type": "Feature", "geometry": {"type": "LineString", "coordinates": [[-125.63577, 48.27651], [-125.62733, 48.27725]]}, "properties": {"deployment": "dfo-eva035-20260713", "glider": "eva035", "group": "svi_shelf", "segment": 11, "n_points": 2, "deployment_start": "2026-07-13", "deployment_month": "2026-07", "segment_start": "2026-08-01T04:10", "segment_end": "2026-08-01T04:35", "segment_month": "2026-08", "epoch_days": 870, "segment_epoch_days": 889}}, {"type": "Feature", "geometry": {"type": "LineString", "coordinates": [[-125.57305, 48.28198], [-125.56911, 48.28233]]}, "properties": {"deployment": "dfo-eva035-20260713", "glider": "eva035", "group": "svi_shelf", "segment": 12, "n_points": 2, "deployment_start": "2026-07-13", "deployment_month": "2026-07", "segment_start": "2026-08-01T07:21", "segment_end": "2026-08-01T07:33", "segment_month": "2026-08", "epoch_days": 870, "segment_epoch_days": 889}}, {"type": "Feature", "geometry": {"type": "LineString", "coordinates": [[-125.51652, 48.30729], [-125.51133, 48.30987], [-125.47415, 48.33516], [-125.47029, 48.33789], [-125.45778, 48.36781], [-125.4545, 48.37588]]}, "properties": {"deployment": "dfo-eva035-20260713", "glider": "eva035", "group": "svi_shelf", "segment": 13, "n_points": 6, "deployment_start": "2026-07-13", "deployment_month": "2026-07", "segment_start": "2026-08-01T10:58", "segment_end": "2026-08-01T18:31", "segment_month": "2026-08", "epoch_days": 870, "segment_epoch_days": 889}}, {"type": "Feature", "geometry": {"type": "LineString", "coordinates": [[-125.41636, 48.41522], [-125.40704, 48.42454]]}, "properties": {"deployment": "dfo-eva035-20260713", "glider": "eva035", "group": "svi_shelf", "segment": 14, "n_points": 2, "deployment_start": "2026-07-13", "deployment_month": "2026-07", "segment_start": "2026-08-01T21:45", "segment_end": "2026-08-01T22:31", "segment_month": "2026-08", "epoch_days": 870, "segment_epoch_days": 889}}, {"type": "Feature", "geometry": {"type": "LineString", "coordinates": [[-125.32159, 48.45964], [-125.31373, 48.46273], [-125.28362, 48.49797], [-125.27753, 48.50576], [-125.25979, 48.53989], [-125.25675, 48.54565], [-125.22697, 48.57059], [-125.22376, 48.57313], [-125.20863, 48.59437], [-125.20525, 48.59942], [-125.19436, 48.62025], [-125.19159, 48.62505], [-125.15585, 48.63452], [-125.14937, 48.63572], [-125.1266, 48.63921], [-125.11664, 48.64076], [-125.08927, 48.64391], [-125.09408, 48.64629], [-125.12014, 48.65819], [-125.1211, 48.65854], [-125.15312, 48.67063], [-125.1628, 48.6746]]}, "properties": {"deployment": "dfo-eva035-20260713", "glider": "eva035", "group": "svi_shelf", "segment": 15, "n_points": 22, "deployment_start": "2026-07-13", "deployment_month": "2026-07", "segment_start": "2026-08-02T02:47", "segment_end": "2026-08-03T06:31", "segment_month": "2026-08", "epoch_days": 870, "segment_epoch_days": 890}}, {"type": "Feature", "geometry": {"type": "LineString", "coordinates": [[-125.2129, 48.70055], [-125.2186, 48.70413], [-125.25993, 48.7309], [-125.2618, 48.73419], [-125.27225, 48.75282], [-125.27266, 48.75363], [-125.27307, 48.77286], [-125.27136, 48.77643], [-125.26137, 48.80321], [-125.26125, 48.81022], [-125.25496, 48.84651], [-125.24784, 48.85269], [-125.21908, 48.87441], [-125.21225, 48.87671], [-125.18269, 48.88703], [-125.19035, 48.88475], [-125.18065, 48.88745], [-125.18555, 48.88597], [-125.18795, 48.88566], [-125.19107, 48.88485], [-125.18741, 48.8861], [-125.17993, 48.88805], [-125.19124, 48.88399], [-125.18721, 48.88507], [-125.18642, 48.88506], [-125.18259, 48.88606]]}, "properties": {"deployment": "dfo-eva035-20260713", "glider": "eva035", "group": "svi_shelf", "segment": 16, "n_points": 26, "deployment_start": "2026-07-13", "deployment_month": "2026-07", "segment_start": "2026-08-03T08:33", "segment_end": "2026-08-04T15:57", "segment_month": "2026-08", "epoch_days": 870, "segment_epoch_days": 891}}, {"type": "Feature", "geometry": {"type": "LineString", "coordinates": [[-125.20334, 48.87807], [-125.20367, 48.87783], [-125.20451, 48.87731], [-125.2052, 48.87692], [-125.20666, 48.87619], [-125.21118, 48.87325], [-125.21286, 48.87211], [-125.21676, 48.86959], [-125.21905, 48.86812], [-125.23744, 48.85328], [-125.23986, 48.85131], [-125.26388, 48.83177], [-125.26799, 48.82843], [-125.29596, 48.80567], [-125.29724, 48.80463], [-125.3169, 48.78864], [-125.32064, 48.78559], [-125.33965, 48.77014], [-125.34349, 48.76701], [-125.37069, 48.74489], [-125.37386, 48.74231], [-125.40053, 48.72061], [-125.40455, 48.71734], [-125.43488, 48.69266], [-125.44054, 48.68807]]}, "properties": {"deployment": "dfo-eva035-20260826", "glider": "eva035", "group": "svi_shelf", "segment": 0, "n_points": 25, "deployment_start": "2026-08-26", "deployment_month": "2026-08", "segment_start": "2026-08-06T18:59", "segment_end": "2026-08-07T19:35", "segment_month": "2026-08", "epoch_days": 914, "segment_epoch_days": 894}}, {"type": "Feature", "geometry": {"type": "LineString", "coordinates": [[-125.47978, 48.65615], [-125.48646, 48.65071], [-125.52284, 48.62111], [-125.53062, 48.61479], [-125.55163, 48.5977], [-125.5565, 48.59373], [-125.57056, 48.5823], [-125.57414, 48.57938], [-125.58867, 48.56757], [-125.59442, 48.56289], [-125.61487, 48.54626], [-125.61982, 48.54222], [-125.64723, 48.51993], [-125.64883, 48.51862], [-125.67769, 48.49515], [-125.67929, 48.49385], [-125.70654, 48.47168], [-125.71079, 48.46823], [-125.74813, 48.43785], [-125.75166, 48.43498], [-125.76377, 48.42513], [-125.76752, 48.42207], [-125.7819, 48.41038], [-125.7858, 48.4072], [-125.80629, 48.39054], [-125.81249, 48.38549]]}, "properties": {"deployment": "dfo-eva035-20260826", "glider": "eva035", "group": "svi_shelf", "segment": 1, "n_points": 26, "deployment_start": "2026-08-26", "deployment_month": "2026-08", "segment_start": "2026-08-07T23:39", "segment_end": "2026-08-09T10:16", "segment_month": "2026-08", "epoch_days": 914, "segment_epoch_days": 895}}, {"type": "Feature", "geometry": {"type": "LineString", "coordinates": [[-125.86003, 48.34682], [-125.87499, 48.33465]]}, "properties": {"deployment": "dfo-eva035-20260826", "glider": "eva035", "group": "svi_shelf", "segment": 2, "n_points": 2, "deployment_start": "2026-08-26", "deployment_month": "2026-08", "segment_start": "2026-08-09T15:12", "segment_end": "2026-08-09T16:46", "segment_month": "2026-08", "epoch_days": 914, "segment_epoch_days": 897}}, {"type": "Feature", "geometry": {"type": "LineString", "coordinates": [[-125.94618, 48.27675], [-125.95989, 48.26559]]}, "properties": {"deployment": "dfo-eva035-20260826", "glider": "eva035", "group": "svi_shelf", "segment": 3, "n_points": 2, "deployment_start": "2026-08-26", "deployment_month": "2026-08", "segment_start": "2026-08-10T00:10", "segment_end": "2026-08-10T01:36", "segment_month": "2026-08", "epoch_days": 914, "segment_epoch_days": 898}}, {"type": "Feature", "geometry": {"type": "LineString", "coordinates": [[-126.0333, 48.20587], [-126.04773, 48.19413], [-126.04478, 48.17939], [-126.02645, 48.16193]]}, "properties": {"deployment": "dfo-eva035-20260826", "glider": "eva035", "group": "svi_shelf", "segment": 4, "n_points": 4, "deployment_start": "2026-08-26", "deployment_month": "2026-08", "segment_start": "2026-08-10T09:14", "segment_end": "2026-08-10T13:52", "segment_month": "2026-08", "epoch_days": 914, "segment_epoch_days": 898}}, {"type": "Feature", "geometry": {"type": "LineString", "coordinates": [[-126.05145, 48.17668], [-126.05381, 48.17845], [-126.06172, 48.18452], [-126.06291, 48.18543], [-126.06715, 48.18869], [-126.06806, 48.18938], [-126.07068, 48.19139], [-126.07136, 48.19192], [-126.07378, 48.19378], [-126.07428, 48.19416], [-126.07965, 48.19828], [-126.07989, 48.19846], [-126.08375, 48.20143], [-126.08461, 48.20209], [-126.0886, 48.20515], [-126.08931, 48.20569], [-126.09328, 48.20874], [-126.09386, 48.20919], [-126.09786, 48.21226], [-126.09855, 48.21278], [-126.10312, 48.21629], [-126.10391, 48.2169], [-126.10823, 48.22022], [-126.10919, 48.22095], [-126.11289, 48.2238], [-126.11343, 48.2242], [-126.13036, 48.2372], [-126.13382, 48.23986], [-126.13519, 48.24091], [-126.13573, 48.24132], [-126.13868, 48.24359], [-126.13884, 48.24371], [-126.14139, 48.24567], [-126.14218, 48.24627], [-126.14557, 48.24888], [-126.14592, 48.24914], [-126.14927, 48.25172], [-126.15005, 48.25231], [-126.1546, 48.2558], [-126.15518, 48.25625], [-126.16016, 48.26007], [-126.1608, 48.26056], [-126.16427, 48.26322], [-126.16504, 48.26382], [-126.16654, 48.26497], [-126.16714, 48.26543], [-126.16901, 48.26687], [-126.16929, 48.26708], [-126.17111, 48.26848], [-126.17159, 48.26884], [-126.17396, 48.27067], [-126.17427, 48.2709], [-126.17701, 48.273], [-126.17736, 48.27327], [-126.18061, 48.27577], [-126.18099, 48.27606], [-126.18522, 48.27931], [-126.18578, 48.27973], [-126.18723, 48.28085], [-126.18762, 48.28115], [-126.1891, 48.28228], [-126.18959, 48.28266], [-126.19485, 48.2867], [-126.19586, 48.28747], [-126.20222, 48.29235], [-126.20407, 48.29378], [-126.21334, 48.30089], [-126.21524, 48.30234]]}, "properties": {"deployment": "dfo-eva035-20260826", "glider": "eva035", "group": "svi_shelf", "segment": 5, "n_points": 68, "deployment_start": "2026-08-26", "deployment_month": "2026-08", "segment_start": "2026-08-13T22:03", "segment_end": "2026-08-19T17:15", "segment_month": "2026-08", "epoch_days": 914, "segment_epoch_days": 901}}, {"type": "Feature", "geometry": {"type": "LineString", "coordinates": [[-126.0094, 48.39643], [-125.99496, 48.40352]]}, "properties": {"deployment": "dfo-eva035-20260826", "glider": "eva035", "group": "svi_shelf", "segment": 6, "n_points": 2, "deployment_start": "2026-08-26", "deployment_month": "2026-08", "segment_start": "2026-08-21T10:52", "segment_end": "2026-08-21T13:17", "segment_month": "2026-08", "epoch_days": 914, "segment_epoch_days": 909}}, {"type": "Feature", "geometry": {"type": "LineString", "coordinates": [[-125.95004, 48.42607], [-125.94234, 48.42994], [-125.92101, 48.44064], [-125.91647, 48.44292], [-125.90501, 48.44868], [-125.90223, 48.45007], [-125.89393, 48.45424], [-125.89194, 48.45524], [-125.88369, 48.45938], [-125.88183, 48.46032]]}, "properties": {"deployment": "dfo-eva035-20260826", "glider": "eva035", "group": "svi_shelf", "segment": 7, "n_points": 10, "deployment_start": "2026-08-26", "deployment_month": "2026-08", "segment_start": "2026-08-21T19:44", "segment_end": "2026-08-22T05:31", "segment_month": "2026-08", "epoch_days": 914, "segment_epoch_days": 909}}, {"type": "Feature", "geometry": {"type": "LineString", "coordinates": [[-125.82474, 48.48897], [-125.82334, 48.48968], [-125.79965, 48.50157], [-125.79444, 48.50418], [-125.7726, 48.51515], [-125.76828, 48.51732], [-125.74315, 48.52993], [-125.73898, 48.53203], [-125.70993, 48.54661], [-125.70729, 48.54793], [-125.68429, 48.55948], [-125.67921, 48.56203], [-125.66162, 48.57086], [-125.65758, 48.57289], [-125.64223, 48.58059], [-125.63752, 48.58296], [-125.61951, 48.592], [-125.61526, 48.59414], [-125.60345, 48.60006]]}, "properties": {"deployment": "dfo-eva035-20260826", "glider": "eva035", "group": "svi_shelf", "segment": 8, "n_points": 19, "deployment_start": "2026-08-26", "deployment_month": "2026-08", "segment_start": "2026-08-22T13:42", "segment_end": "2026-08-23T21:25", "segment_month": "2026-08", "epoch_days": 914, "segment_epoch_days": 910}}, {"type": "Feature", "geometry": {"type": "LineString", "coordinates": [[-125.21345, 48.87615], [-125.20581, 48.87783], [-125.20278, 48.8783], [-125.20027, 48.87813], [-125.19865, 48.87825], [-125.19826, 48.87798], [-125.1975, 48.87774], [-125.19805, 48.87692], [-125.19686, 48.87678], [-125.1972, 48.87601], [-125.19981, 48.87361], [-125.20136, 48.87236], [-125.20941, 48.86707], [-125.21044, 48.8664], [-125.21448, 48.86395], [-125.21632, 48.86286], [-125.22085, 48.86043], [-125.2224, 48.85961], [-125.22771, 48.85761], [-125.22945, 48.85698], [-125.23519, 48.85542], [-125.23699, 48.85495]]}, "properties": {"deployment": "dfo-eva035-20260826", "glider": "eva035", "group": "svi_shelf", "segment": 9, "n_points": 22, "deployment_start": "2026-08-26", "deployment_month": "2026-08", "segment_start": "2026-08-26T17:21", "segment_end": "2026-08-26T22:41", "segment_month": "2026-08", "epoch_days": 914, "segment_epoch_days": 914}}, {"type": "Feature", "geometry": {"type": "LineString", "coordinates": [[-125.32588, 48.82725], [-125.33053, 48.8258], [-125.34394, 48.82161], [-125.35069, 48.8195], [-125.36628, 48.81464], [-125.36881, 48.81385], [-125.38022, 48.81029], [-125.38244, 48.8096], [-125.39594, 48.80538], [-125.40017, 48.80406], [-125.41681, 48.79887], [-125.41903, 48.79818], [-125.43001, 48.79475], [-125.43313, 48.79378], [-125.44502, 48.79007], [-125.44989, 48.78855], [-125.46084, 48.78513], [-125.46338, 48.78434], [-125.47507, 48.78069], [-125.47956, 48.77929], [-125.49205, 48.77539], [-125.49458, 48.7746]]}, "properties": {"deployment": "dfo-eva035-20260826", "glider": "eva035", "group": "svi_shelf", "segment": 10, "n_points": 22, "deployment_start": "2026-08-26", "deployment_month": "2026-08", "segment_start": "2026-08-27T03:23", "segment_end": "2026-08-27T12:16", "segment_month": "2026-08", "epoch_days": 914, "segment_epoch_days": 915}}, {"type": "Feature", "geometry": {"type": "LineString", "coordinates": [[-125.56556, 48.75245], [-125.57585, 48.74924]]}, "properties": {"deployment": "dfo-eva035-20260826", "glider": "eva035", "group": "svi_shelf", "segment": 11, "n_points": 2, "deployment_start": "2026-08-26", "deployment_month": "2026-08", "segment_start": "2026-08-27T16:00", "segment_end": "2026-08-27T16:32", "segment_month": "2026-08", "epoch_days": 914, "segment_epoch_days": 915}}]}